date,item_id,actual,forecast_naive,forecast_sma_7,forecast_sma_28,forecast_holt_winters,best_forecast
2016-03-28,FOODS_1_001,2.0,0.0,0.86,0.86,0.84,0.86
2016-03-29,FOODS_1_001,1.0,2.0,0.86,0.86,0.69,0.86
2016-03-30,FOODS_1_001,1.0,2.0,0.86,0.86,0.72,0.86
2016-03-31,FOODS_1_001,0.0,0.0,0.86,0.86,0.84,0.86
2016-04-01,FOODS_1_001,4.0,1.0,0.86,0.86,0.78,0.86
2016-04-02,FOODS_1_001,0.0,1.0,0.86,0.86,1.17,0.86
2016-04-03,FOODS_1_001,0.0,0.0,0.86,0.86,0.93,0.86
2016-04-04,FOODS_1_001,4.0,0.0,0.86,0.86,0.83,0.86
2016-04-05,FOODS_1_001,1.0,2.0,0.86,0.86,0.68,0.86
2016-04-06,FOODS_1_001,3.0,2.0,0.86,0.86,0.71,0.86
2016-04-07,FOODS_1_001,0.0,0.0,0.86,0.86,0.83,0.86
2016-04-08,FOODS_1_001,1.0,1.0,0.86,0.86,0.77,0.86
2016-04-09,FOODS_1_001,0.0,1.0,0.86,0.86,1.16,0.86
2016-04-10,FOODS_1_001,2.0,0.0,0.86,0.86,0.92,0.86
2016-04-11,FOODS_1_001,2.0,0.0,0.86,0.86,0.82,0.86
2016-04-12,FOODS_1_001,0.0,2.0,0.86,0.86,0.67,0.86
2016-04-13,FOODS_1_001,1.0,2.0,0.86,0.86,0.7,0.86
2016-04-14,FOODS_1_001,1.0,0.0,0.86,0.86,0.82,0.86
2016-04-15,FOODS_1_001,0.0,1.0,0.86,0.86,0.76,0.86
2016-04-16,FOODS_1_001,2.0,1.0,0.86,0.86,1.15,0.86
2016-04-17,FOODS_1_001,0.0,0.0,0.86,0.86,0.92,0.86
2016-04-18,FOODS_1_001,4.0,0.0,0.86,0.86,0.82,0.86
2016-04-19,FOODS_1_001,1.0,2.0,0.86,0.86,0.66,0.86
2016-04-20,FOODS_1_001,1.0,2.0,0.86,0.86,0.69,0.86
2016-04-21,FOODS_1_001,0.0,0.0,0.86,0.86,0.81,0.86
2016-04-22,FOODS_1_001,1.0,1.0,0.86,0.86,0.75,0.86
2016-04-23,FOODS_1_001,1.0,1.0,0.86,0.86,1.14,0.86
2016-04-24,FOODS_1_001,0.0,0.0,0.86,0.86,0.91,0.86
2016-03-28,FOODS_1_002,0.0,0.0,0.29,0.5,0.37,0.5
2016-03-29,FOODS_1_002,1.0,1.0,0.29,0.5,0.34,0.5
2016-03-30,FOODS_1_002,0.0,0.0,0.29,0.5,0.27,0.5
2016-03-31,FOODS_1_002,0.0,0.0,0.29,0.5,0.29,0.5
2016-04-01,FOODS_1_002,0.0,1.0,0.29,0.5,0.44,0.5
2016-04-02,FOODS_1_002,0.0,0.0,0.29,0.5,0.23,0.5
2016-04-03,FOODS_1_002,0.0,0.0,0.29,0.5,0.44,0.5
2016-04-04,FOODS_1_002,0.0,0.0,0.29,0.5,0.33,0.5
2016-04-05,FOODS_1_002,0.0,1.0,0.29,0.5,0.3,0.5
2016-04-06,FOODS_1_002,1.0,0.0,0.29,0.5,0.23,0.5
2016-04-07,FOODS_1_002,0.0,0.0,0.29,0.5,0.24,0.5
2016-04-08,FOODS_1_002,0.0,1.0,0.29,0.5,0.4,0.5
2016-04-09,FOODS_1_002,0.0,0.0,0.29,0.5,0.19,0.5
2016-04-10,FOODS_1_002,0.0,0.0,0.29,0.5,0.39,0.5
2016-04-11,FOODS_1_002,1.0,0.0,0.29,0.5,0.28,0.5
2016-04-12,FOODS_1_002,0.0,1.0,0.29,0.5,0.25,0.5
2016-04-13,FOODS_1_002,0.0,0.0,0.29,0.5,0.18,0.5
2016-04-14,FOODS_1_002,1.0,0.0,0.29,0.5,0.2,0.5
2016-04-15,FOODS_1_002,1.0,1.0,0.29,0.5,0.35,0.5
2016-04-16,FOODS_1_002,3.0,0.0,0.29,0.5,0.14,0.5
2016-04-17,FOODS_1_002,1.0,0.0,0.29,0.5,0.34,0.5
2016-04-18,FOODS_1_002,0.0,0.0,0.29,0.5,0.24,0.5
2016-04-19,FOODS_1_002,0.0,1.0,0.29,0.5,0.21,0.5
2016-04-20,FOODS_1_002,1.0,0.0,0.29,0.5,0.14,0.5
2016-04-21,FOODS_1_002,2.0,0.0,0.29,0.5,0.15,0.5
2016-04-22,FOODS_1_002,0.0,1.0,0.29,0.5,0.31,0.5
2016-04-23,FOODS_1_002,0.0,0.0,0.29,0.5,0.1,0.5
2016-04-24,FOODS_1_002,0.0,0.0,0.29,0.5,0.3,0.5
2016-03-28,FOODS_1_003,4.0,1.0,0.86,0.79,1.24,0.79
2016-03-29,FOODS_1_003,0.0,2.0,0.86,0.79,0.62,0.79
2016-03-30,FOODS_1_003,0.0,1.0,0.86,0.79,0.89,0.79
2016-03-31,FOODS_1_003,1.0,0.0,0.86,0.79,0.44,0.79
2016-04-01,FOODS_1_003,1.0,0.0,0.86,0.79,0.66,0.79
2016-04-02,FOODS_1_003,0.0,1.0,0.86,0.79,0.88,0.79
2016-04-03,FOODS_1_003,0.0,1.0,0.86,0.79,1.16,0.79
2016-04-04,FOODS_1_003,1.0,1.0,0.86,0.79,1.25,0.79
2016-04-05,FOODS_1_003,0.0,2.0,0.86,0.79,0.64,0.79
2016-04-06,FOODS_1_003,1.0,1.0,0.86,0.79,0.9,0.79
2016-04-07,FOODS_1_003,1.0,0.0,0.86,0.79,0.46,0.79
2016-04-08,FOODS_1_003,0.0,0.0,0.86,0.79,0.67,0.79
2016-04-09,FOODS_1_003,1.0,1.0,0.86,0.79,0.9,0.79
2016-04-10,FOODS_1_003,0.0,1.0,0.86,0.79,1.17,0.79
2016-04-11,FOODS_1_003,0.0,1.0,0.86,0.79,1.27,0.79
2016-04-12,FOODS_1_003,1.0,2.0,0.86,0.79,0.65,0.79
2016-04-13,FOODS_1_003,2.0,1.0,0.86,0.79,0.91,0.79
2016-04-14,FOODS_1_003,0.0,0.0,0.86,0.79,0.47,0.79
2016-04-15,FOODS_1_003,3.0,0.0,0.86,0.79,0.68,0.79
2016-04-16,FOODS_1_003,0.0,1.0,0.86,0.79,0.91,0.79
2016-04-17,FOODS_1_003,2.0,1.0,0.86,0.79,1.18,0.79
2016-04-18,FOODS_1_003,1.0,1.0,0.86,0.79,1.28,0.79
2016-04-19,FOODS_1_003,1.0,2.0,0.86,0.79,0.66,0.79
2016-04-20,FOODS_1_003,0.0,1.0,0.86,0.79,0.93,0.79
2016-04-21,FOODS_1_003,1.0,0.0,0.86,0.79,0.48,0.79
2016-04-22,FOODS_1_003,0.0,0.0,0.86,0.79,0.7,0.79
2016-04-23,FOODS_1_003,1.0,1.0,0.86,0.79,0.92,0.79
2016-04-24,FOODS_1_003,0.0,1.0,0.86,0.79,1.2,0.79
2016-03-28,FOODS_1_004,0.0,0.0,0.0,0.0,0.0,0.0
2016-03-29,FOODS_1_004,0.0,0.0,0.0,0.0,0.0,0.0
2016-03-30,FOODS_1_004,0.0,0.0,0.0,0.0,0.0,0.0
2016-03-31,FOODS_1_004,0.0,0.0,0.0,0.0,0.0,0.0
2016-04-01,FOODS_1_004,0.0,0.0,0.0,0.0,0.0,0.0
2016-04-02,FOODS_1_004,0.0,0.0,0.0,0.0,0.0,0.0
2016-04-03,FOODS_1_004,0.0,0.0,0.0,0.0,0.0,0.0
2016-04-04,FOODS_1_004,0.0,0.0,0.0,0.0,0.0,0.0
2016-04-05,FOODS_1_004,0.0,0.0,0.0,0.0,0.0,0.0
2016-04-06,FOODS_1_004,0.0,0.0,0.0,0.0,0.0,0.0
2016-04-07,FOODS_1_004,0.0,0.0,0.0,0.0,0.0,0.0
2016-04-08,FOODS_1_004,0.0,0.0,0.0,0.0,0.0,0.0
2016-04-09,FOODS_1_004,0.0,0.0,0.0,0.0,0.0,0.0
2016-04-10,FOODS_1_004,0.0,0.0,0.0,0.0,0.0,0.0
2016-04-11,FOODS_1_004,0.0,0.0,0.0,0.0,0.0,0.0
2016-04-12,FOODS_1_004,0.0,0.0,0.0,0.0,0.0,0.0
2016-04-13,FOODS_1_004,0.0,0.0,0.0,0.0,0.0,0.0
2016-04-14,FOODS_1_004,0.0,0.0,0.0,0.0,0.0,0.0
2016-04-15,FOODS_1_004,0.0,0.0,0.0,0.0,0.0,0.0
2016-04-16,FOODS_1_004,0.0,0.0,0.0,0.0,0.0,0.0
2016-04-17,FOODS_1_004,0.0,0.0,0.0,0.0,0.0,0.0
2016-04-18,FOODS_1_004,0.0,0.0,0.0,0.0,0.0,0.0
2016-04-19,FOODS_1_004,0.0,0.0,0.0,0.0,0.0,0.0
2016-04-20,FOODS_1_004,0.0,0.0,0.0,0.0,0.0,0.0
2016-04-21,FOODS_1_004,0.0,0.0,0.0,0.0,0.0,0.0
2016-04-22,FOODS_1_004,0.0,0.0,0.0,0.0,0.0,0.0
2016-04-23,FOODS_1_004,0.0,0.0,0.0,0.0,0.0,0.0
2016-04-24,FOODS_1_004,0.0,0.0,0.0,0.0,0.0,0.0
2016-03-28,FOODS_1_005,1.0,2.0,1.43,1.43,1.33,1.43
2016-03-29,FOODS_1_005,1.0,3.0,1.43,1.43,1.66,1.43
2016-03-30,FOODS_1_005,0.0,0.0,1.43,1.43,0.99,1.43
2016-03-31,FOODS_1_005,0.0,0.0,1.43,1.43,0.93,1.43
2016-04-01,FOODS_1_005,3.0,0.0,1.43,1.43,1.08,1.43
2016-04-02,FOODS_1_005,0.0,2.0,1.43,1.43,2.12,1.43
2016-04-03,FOODS_1_005,0.0,3.0,1.43,1.43,1.89,1.43
2016-04-04,FOODS_1_005,2.0,2.0,1.43,1.43,1.34,1.43
2016-04-05,FOODS_1_005,0.0,3.0,1.43,1.43,1.66,1.43
2016-04-06,FOODS_1_005,0.0,0.0,1.43,1.43,1.0,1.43
2016-04-07,FOODS_1_005,3.0,0.0,1.43,1.43,0.93,1.43
2016-04-08,FOODS_1_005,0.0,0.0,1.43,1.43,1.09,1.43
2016-04-09,FOODS_1_005,2.0,2.0,1.43,1.43,2.13,1.43
2016-04-10,FOODS_1_005,0.0,3.0,1.43,1.43,1.9,1.43
2016-04-11,FOODS_1_005,2.0,2.0,1.43,1.43,1.35,1.43
2016-04-12,FOODS_1_005,0.0,3.0,1.43,1.43,1.67,1.43
2016-04-13,FOODS_1_005,1.0,0.0,1.43,1.43,1.01,1.43
2016-04-14,FOODS_1_005,2.0,0.0,1.43,1.43,0.94,1.43
2016-04-15,FOODS_1_005,3.0,0.0,1.43,1.43,1.09,1.43
2016-04-16,FOODS_1_005,1.0,2.0,1.43,1.43,2.13,1.43
2016-04-17,FOODS_1_005,1.0,3.0,1.43,1.43,1.91,1.43
2016-04-18,FOODS_1_005,2.0,2.0,1.43,1.43,1.35,1.43
2016-04-19,FOODS_1_005,0.0,3.0,1.43,1.43,1.68,1.43
2016-04-20,FOODS_1_005,2.0,0.0,1.43,1.43,1.01,1.43
2016-04-21,FOODS_1_005,2.0,0.0,1.43,1.43,0.94,1.43
2016-04-22,FOODS_1_005,1.0,0.0,1.43,1.43,1.1,1.43
2016-04-23,FOODS_1_005,4.0,2.0,1.43,1.43,2.14,1.43
2016-04-24,FOODS_1_005,1.0,3.0,1.43,1.43,1.91,1.43
2016-03-28,FOODS_1_006,3.0,0.0,0.57,1.71,0.3,1.71
2016-03-29,FOODS_1_006,0.0,0.0,0.57,1.71,0.0,1.71
2016-03-30,FOODS_1_006,2.0,0.0,0.57,1.71,2.04,1.71
2016-03-31,FOODS_1_006,3.0,0.0,0.57,1.71,0.0,1.71
2016-04-01,FOODS_1_006,1.0,3.0,0.57,1.71,1.26,1.71
2016-04-02,FOODS_1_006,1.0,0.0,0.57,1.71,1.16,1.71
2016-04-03,FOODS_1_006,2.0,1.0,0.57,1.71,0.21,1.71
2016-04-04,FOODS_1_006,1.0,0.0,0.57,1.71,0.0,1.71
2016-04-05,FOODS_1_006,2.0,0.0,0.57,1.71,0.0,1.71
2016-04-06,FOODS_1_006,8.0,0.0,0.57,1.71,1.72,1.71
2016-04-07,FOODS_1_006,3.0,0.0,0.57,1.71,0.0,1.71
2016-04-08,FOODS_1_006,2.0,3.0,0.57,1.71,0.94,1.71
2016-04-09,FOODS_1_006,3.0,0.0,0.57,1.71,0.84,1.71
2016-04-10,FOODS_1_006,0.0,1.0,0.57,1.71,0.0,1.71
2016-04-11,FOODS_1_006,0.0,0.0,0.57,1.71,0.0,1.71
2016-04-12,FOODS_1_006,0.0,0.0,0.57,1.71,0.0,1.71
2016-04-13,FOODS_1_006,0.0,0.0,0.57,1.71,1.39,1.71
2016-04-14,FOODS_1_006,2.0,0.0,0.57,1.71,0.0,1.71
2016-04-15,FOODS_1_006,1.0,3.0,0.57,1.71,0.62,1.71
2016-04-16,FOODS_1_006,3.0,0.0,0.57,1.71,0.51,1.71
2016-04-17,FOODS_1_006,1.0,1.0,0.57,1.71,0.0,1.71
2016-04-18,FOODS_1_006,0.0,0.0,0.57,1.71,0.0,1.71
2016-04-19,FOODS_1_006,2.0,0.0,0.57,1.71,0.0,1.71
2016-04-20,FOODS_1_006,1.0,0.0,0.57,1.71,1.07,1.71
2016-04-21,FOODS_1_006,2.0,0.0,0.57,1.71,0.0,1.71
2016-04-22,FOODS_1_006,3.0,3.0,0.57,1.71,0.29,1.71
2016-04-23,FOODS_1_006,2.0,0.0,0.57,1.71,0.19,1.71
2016-04-24,FOODS_1_006,2.0,1.0,0.57,1.71,0.0,1.71
2016-03-28,FOODS_1_008,0.0,0.0,0.71,0.25,0.61,0.25
2016-03-29,FOODS_1_008,0.0,0.0,0.71,0.25,0.51,0.25
2016-03-30,FOODS_1_008,0.0,2.0,0.71,0.25,0.99,0.25
2016-03-31,FOODS_1_008,0.0,0.0,0.71,0.25,0.78,0.25
2016-04-01,FOODS_1_008,1.0,1.0,0.71,0.25,0.91,0.25
2016-04-02,FOODS_1_008,1.0,2.0,0.71,0.25,1.2,0.25
2016-04-03,FOODS_1_008,0.0,0.0,0.71,0.25,0.7,0.25
2016-04-04,FOODS_1_008,0.0,0.0,0.71,0.25,0.75,0.25
2016-04-05,FOODS_1_008,0.0,0.0,0.71,0.25,0.64,0.25
2016-04-06,FOODS_1_008,0.0,2.0,0.71,0.25,1.12,0.25
2016-04-07,FOODS_1_008,0.0,0.0,0.71,0.25,0.91,0.25
2016-04-08,FOODS_1_008,0.0,1.0,0.71,0.25,1.05,0.25
2016-04-09,FOODS_1_008,0.0,2.0,0.71,0.25,1.33,0.25
2016-04-10,FOODS_1_008,1.0,0.0,0.71,0.25,0.83,0.25
2016-04-11,FOODS_1_008,0.0,0.0,0.71,0.25,0.88,0.25
2016-04-12,FOODS_1_008,0.0,0.0,0.71,0.25,0.78,0.25
2016-04-13,FOODS_1_008,0.0,2.0,0.71,0.25,1.26,0.25
2016-04-14,FOODS_1_008,0.0,0.0,0.71,0.25,1.04,0.25
2016-04-15,FOODS_1_008,0.0,1.0,0.71,0.25,1.18,0.25
2016-04-16,FOODS_1_008,1.0,2.0,0.71,0.25,1.47,0.25
2016-04-17,FOODS_1_008,0.0,0.0,0.71,0.25,0.97,0.25
2016-04-18,FOODS_1_008,0.0,0.0,0.71,0.25,1.02,0.25
2016-04-19,FOODS_1_008,0.0,0.0,0.71,0.25,0.91,0.25
2016-04-20,FOODS_1_008,0.0,2.0,0.71,0.25,1.39,0.25
2016-04-21,FOODS_1_008,0.0,0.0,0.71,0.25,1.18,0.25
2016-04-22,FOODS_1_008,0.0,1.0,0.71,0.25,1.31,0.25
2016-04-23,FOODS_1_008,0.0,2.0,0.71,0.25,1.6,0.25
2016-04-24,FOODS_1_008,0.0,0.0,0.71,0.25,1.1,0.25
2016-03-28,FOODS_1_009,0.0,0.0,0.0,0.0,0.0,0.0
2016-03-29,FOODS_1_009,0.0,0.0,0.0,0.0,0.0,0.0
2016-03-30,FOODS_1_009,0.0,0.0,0.0,0.0,0.0,0.0
2016-03-31,FOODS_1_009,0.0,0.0,0.0,0.0,0.0,0.0
2016-04-01,FOODS_1_009,0.0,0.0,0.0,0.0,0.0,0.0
2016-04-02,FOODS_1_009,0.0,0.0,0.0,0.0,0.0,0.0
2016-04-03,FOODS_1_009,0.0,0.0,0.0,0.0,0.04,0.0
2016-04-04,FOODS_1_009,0.0,0.0,0.0,0.0,0.0,0.0
2016-04-05,FOODS_1_009,0.0,0.0,0.0,0.0,0.0,0.0
2016-04-06,FOODS_1_009,0.0,0.0,0.0,0.0,0.0,0.0
2016-04-07,FOODS_1_009,0.0,0.0,0.0,0.0,0.0,0.0
2016-04-08,FOODS_1_009,0.0,0.0,0.0,0.0,0.0,0.0
2016-04-09,FOODS_1_009,0.0,0.0,0.0,0.0,0.0,0.0
2016-04-10,FOODS_1_009,0.0,0.0,0.0,0.0,0.0,0.0
2016-04-11,FOODS_1_009,0.0,0.0,0.0,0.0,0.0,0.0
2016-04-12,FOODS_1_009,0.0,0.0,0.0,0.0,0.0,0.0
2016-04-13,FOODS_1_009,0.0,0.0,0.0,0.0,0.0,0.0
2016-04-14,FOODS_1_009,0.0,0.0,0.0,0.0,0.0,0.0
2016-04-15,FOODS_1_009,0.0,0.0,0.0,0.0,0.0,0.0
2016-04-16,FOODS_1_009,0.0,0.0,0.0,0.0,0.0,0.0
2016-04-17,FOODS_1_009,0.0,0.0,0.0,0.0,0.0,0.0
2016-04-18,FOODS_1_009,0.0,0.0,0.0,0.0,0.0,0.0
2016-04-19,FOODS_1_009,0.0,0.0,0.0,0.0,0.0,0.0
2016-04-20,FOODS_1_009,0.0,0.0,0.0,0.0,0.0,0.0
2016-04-21,FOODS_1_009,0.0,0.0,0.0,0.0,0.0,0.0
2016-04-22,FOODS_1_009,0.0,0.0,0.0,0.0,0.0,0.0
2016-04-23,FOODS_1_009,0.0,0.0,0.0,0.0,0.0,0.0
2016-04-24,FOODS_1_009,0.0,0.0,0.0,0.0,0.0,0.0
2016-03-28,FOODS_1_010,0.0,0.0,0.0,0.11,0.0,0.11
2016-03-29,FOODS_1_010,0.0,0.0,0.0,0.11,0.18,0.11
2016-03-30,FOODS_1_010,0.0,0.0,0.0,0.11,0.0,0.11
2016-03-31,FOODS_1_010,0.0,0.0,0.0,0.11,0.0,0.11
2016-04-01,FOODS_1_010,0.0,0.0,0.0,0.11,0.0,0.11
2016-04-02,FOODS_1_010,0.0,0.0,0.0,0.11,0.18,0.11
2016-04-03,FOODS_1_010,1.0,0.0,0.0,0.11,0.0,0.11
2016-04-04,FOODS_1_010,0.0,0.0,0.0,0.11,0.0,0.11
2016-04-05,FOODS_1_010,1.0,0.0,0.0,0.11,0.14,0.11
2016-04-06,FOODS_1_010,3.0,0.0,0.0,0.11,0.0,0.11
2016-04-07,FOODS_1_010,0.0,0.0,0.0,0.11,0.0,0.11
2016-04-08,FOODS_1_010,0.0,0.0,0.0,0.11,0.0,0.11
2016-04-09,FOODS_1_010,0.0,0.0,0.0,0.11,0.14,0.11
2016-04-10,FOODS_1_010,0.0,0.0,0.0,0.11,0.0,0.11
2016-04-11,FOODS_1_010,0.0,0.0,0.0,0.11,0.0,0.11
2016-04-12,FOODS_1_010,0.0,0.0,0.0,0.11,0.11,0.11
2016-04-13,FOODS_1_010,0.0,0.0,0.0,0.11,0.0,0.11
2016-04-14,FOODS_1_010,0.0,0.0,0.0,0.11,0.0,0.11
2016-04-15,FOODS_1_010,0.0,0.0,0.0,0.11,0.0,0.11
2016-04-16,FOODS_1_010,0.0,0.0,0.0,0.11,0.11,0.11
2016-04-17,FOODS_1_010,0.0,0.0,0.0,0.11,0.0,0.11
2016-04-18,FOODS_1_010,0.0,0.0,0.0,0.11,0.0,0.11
2016-04-19,FOODS_1_010,0.0,0.0,0.0,0.11,0.07,0.11
2016-04-20,FOODS_1_010,0.0,0.0,0.0,0.11,0.0,0.11
2016-04-21,FOODS_1_010,0.0,0.0,0.0,0.11,0.0,0.11
2016-04-22,FOODS_1_010,0.0,0.0,0.0,0.11,0.0,0.11
2016-04-23,FOODS_1_010,2.0,0.0,0.0,0.11,0.07,0.11
2016-04-24,FOODS_1_010,0.0,0.0,0.0,0.11,0.0,0.11
2016-03-28,FOODS_1_011,2.0,0.0,0.0,0.57,0.0,0.57
2016-03-29,FOODS_1_011,3.0,0.0,0.0,0.57,0.0,0.57
2016-03-30,FOODS_1_011,4.0,0.0,0.0,0.57,0.0,0.57
2016-03-31,FOODS_1_011,1.0,0.0,0.0,0.57,0.0,0.57
2016-04-01,FOODS_1_011,1.0,0.0,0.0,0.57,0.0,0.57
2016-04-02,FOODS_1_011,2.0,0.0,0.0,0.57,0.8,0.57
2016-04-03,FOODS_1_011,2.0,0.0,0.0,0.57,0.0,0.57
2016-04-04,FOODS_1_011,0.0,0.0,0.0,0.57,0.0,0.57
2016-04-05,FOODS_1_011,1.0,0.0,0.0,0.57,0.0,0.57
2016-04-06,FOODS_1_011,0.0,0.0,0.0,0.57,0.0,0.57
2016-04-07,FOODS_1_011,1.0,0.0,0.0,0.57,0.0,0.57
2016-04-08,FOODS_1_011,0.0,0.0,0.0,0.57,0.0,0.57
2016-04-09,FOODS_1_011,1.0,0.0,0.0,0.57,0.52,0.57
2016-04-10,FOODS_1_011,0.0,0.0,0.0,0.57,0.0,0.57
2016-04-11,FOODS_1_011,1.0,0.0,0.0,0.57,0.0,0.57
2016-04-12,FOODS_1_011,2.0,0.0,0.0,0.57,0.0,0.57
2016-04-13,FOODS_1_011,0.0,0.0,0.0,0.57,0.0,0.57
2016-04-14,FOODS_1_011,0.0,0.0,0.0,0.57,0.0,0.57
2016-04-15,FOODS_1_011,0.0,0.0,0.0,0.57,0.0,0.57
2016-04-16,FOODS_1_011,2.0,0.0,0.0,0.57,0.24,0.57
2016-04-17,FOODS_1_011,0.0,0.0,0.0,0.57,0.0,0.57
2016-04-18,FOODS_1_011,1.0,0.0,0.0,0.57,0.0,0.57
2016-04-19,FOODS_1_011,3.0,0.0,0.0,0.57,0.0,0.57
2016-04-20,FOODS_1_011,2.0,0.0,0.0,0.57,0.0,0.57
2016-04-21,FOODS_1_011,3.0,0.0,0.0,0.57,0.0,0.57
2016-04-22,FOODS_1_011,1.0,0.0,0.0,0.57,0.0,0.57
2016-04-23,FOODS_1_011,0.0,0.0,0.0,0.57,0.0,0.57
2016-04-24,FOODS_1_011,1.0,0.0,0.0,0.57,0.0,0.57
2016-03-28,FOODS_1_012,7.0,2.0,3.71,3.57,4.34,3.57
2016-03-29,FOODS_1_012,2.0,5.0,3.71,3.57,4.58,3.57
2016-03-30,FOODS_1_012,2.0,2.0,3.71,3.57,4.08,3.57
2016-03-31,FOODS_1_012,2.0,2.0,3.71,3.57,4.61,3.57
2016-04-01,FOODS_1_012,0.0,2.0,3.71,3.57,3.37,3.57
2016-04-02,FOODS_1_012,2.0,3.0,3.71,3.57,4.45,3.57
2016-04-03,FOODS_1_012,0.0,10.0,3.71,3.57,4.6,3.57
2016-04-04,FOODS_1_012,4.0,2.0,3.71,3.57,4.63,3.57
2016-04-05,FOODS_1_012,3.0,5.0,3.71,3.57,4.87,3.57
2016-04-06,FOODS_1_012,5.0,2.0,3.71,3.57,4.37,3.57
2016-04-07,FOODS_1_012,4.0,2.0,3.71,3.57,4.9,3.57
2016-04-08,FOODS_1_012,1.0,2.0,3.71,3.57,3.66,3.57
2016-04-09,FOODS_1_012,5.0,3.0,3.71,3.57,4.74,3.57
2016-04-10,FOODS_1_012,1.0,10.0,3.71,3.57,4.88,3.57
2016-04-11,FOODS_1_012,3.0,2.0,3.71,3.57,4.92,3.57
2016-04-12,FOODS_1_012,1.0,5.0,3.71,3.57,5.15,3.57
2016-04-13,FOODS_1_012,2.0,2.0,3.71,3.57,4.65,3.57
2016-04-14,FOODS_1_012,0.0,2.0,3.71,3.57,5.19,3.57
2016-04-15,FOODS_1_012,1.0,2.0,3.71,3.57,3.94,3.57
2016-04-16,FOODS_1_012,0.0,3.0,3.71,3.57,5.03,3.57
2016-04-17,FOODS_1_012,6.0,10.0,3.71,3.57,5.17,3.57
2016-04-18,FOODS_1_012,5.0,2.0,3.71,3.57,5.2,3.57
2016-04-19,FOODS_1_012,2.0,5.0,3.71,3.57,5.44,3.57
2016-04-20,FOODS_1_012,2.0,2.0,3.71,3.57,4.94,3.57
2016-04-21,FOODS_1_012,5.0,2.0,3.71,3.57,5.48,3.57
2016-04-22,FOODS_1_012,6.0,2.0,3.71,3.57,4.23,3.57
2016-04-23,FOODS_1_012,2.0,3.0,3.71,3.57,5.31,3.57
2016-04-24,FOODS_1_012,4.0,10.0,3.71,3.57,5.46,3.57
2016-03-28,FOODS_1_013,0.0,0.0,2.0,2.25,2.62,2.25
2016-03-29,FOODS_1_013,0.0,4.0,2.0,2.25,2.67,2.25
2016-03-30,FOODS_1_013,0.0,1.0,2.0,2.25,2.05,2.25
2016-03-31,FOODS_1_013,0.0,3.0,2.0,2.25,1.74,2.25
2016-04-01,FOODS_1_013,0.0,2.0,2.0,2.25,1.48,2.25
2016-04-02,FOODS_1_013,0.0,1.0,2.0,2.25,2.68,2.25
2016-04-03,FOODS_1_013,2.0,3.0,2.0,2.25,1.46,2.25
2016-04-04,FOODS_1_013,3.0,0.0,2.0,2.25,2.61,2.25
2016-04-05,FOODS_1_013,5.0,4.0,2.0,2.25,2.66,2.25
2016-04-06,FOODS_1_013,2.0,1.0,2.0,2.25,2.04,2.25
2016-04-07,FOODS_1_013,0.0,3.0,2.0,2.25,1.73,2.25
2016-04-08,FOODS_1_013,8.0,2.0,2.0,2.25,1.47,2.25
2016-04-09,FOODS_1_013,4.0,1.0,2.0,2.25,2.67,2.25
2016-04-10,FOODS_1_013,3.0,3.0,2.0,2.25,1.45,2.25
2016-04-11,FOODS_1_013,0.0,0.0,2.0,2.25,2.6,2.25
2016-04-12,FOODS_1_013,6.0,4.0,2.0,2.25,2.64,2.25
2016-04-13,FOODS_1_013,6.0,1.0,2.0,2.25,2.03,2.25
2016-04-14,FOODS_1_013,3.0,3.0,2.0,2.25,1.71,2.25
2016-04-15,FOODS_1_013,2.0,2.0,2.0,2.25,1.46,2.25
2016-04-16,FOODS_1_013,0.0,1.0,2.0,2.25,2.65,2.25
2016-04-17,FOODS_1_013,3.0,3.0,2.0,2.25,1.43,2.25
2016-04-18,FOODS_1_013,1.0,0.0,2.0,2.25,2.58,2.25
2016-04-19,FOODS_1_013,1.0,4.0,2.0,2.25,2.63,2.25
2016-04-20,FOODS_1_013,4.0,1.0,2.0,2.25,2.01,2.25
2016-04-21,FOODS_1_013,1.0,3.0,2.0,2.25,1.7,2.25
2016-04-22,FOODS_1_013,4.0,2.0,2.0,2.25,1.44,2.25
2016-04-23,FOODS_1_013,9.0,1.0,2.0,2.25,2.64,2.25
2016-04-24,FOODS_1_013,1.0,3.0,2.0,2.25,1.42,2.25
2016-03-28,FOODS_1_014,1.0,2.0,2.71,1.86,3.42,1.86
2016-03-29,FOODS_1_014,0.0,5.0,2.71,1.86,3.03,1.86
2016-03-30,FOODS_1_014,2.0,1.0,2.71,1.86,1.34,1.86
2016-03-31,FOODS_1_014,0.0,4.0,2.71,1.86,2.88,1.86
2016-04-01,FOODS_1_014,2.0,0.0,2.71,1.86,2.1,1.86
2016-04-02,FOODS_1_014,2.0,5.0,2.71,1.86,3.02,1.86
2016-04-03,FOODS_1_014,1.0,2.0,2.71,1.86,3.19,1.86
2016-04-04,FOODS_1_014,1.0,2.0,2.71,1.86,3.72,1.86
2016-04-05,FOODS_1_014,1.0,5.0,2.71,1.86,3.32,1.86
2016-04-06,FOODS_1_014,1.0,1.0,2.71,1.86,1.63,1.86
2016-04-07,FOODS_1_014,0.0,4.0,2.71,1.86,3.18,1.86
2016-04-08,FOODS_1_014,1.0,0.0,2.71,1.86,2.4,1.86
2016-04-09,FOODS_1_014,2.0,5.0,2.71,1.86,3.31,1.86
2016-04-10,FOODS_1_014,2.0,2.0,2.71,1.86,3.48,1.86
2016-04-11,FOODS_1_014,4.0,2.0,2.71,1.86,4.01,1.86
2016-04-12,FOODS_1_014,0.0,5.0,2.71,1.86,3.61,1.86
2016-04-13,FOODS_1_014,0.0,1.0,2.71,1.86,1.93,1.86
2016-04-14,FOODS_1_014,3.0,4.0,2.71,1.86,3.47,1.86
2016-04-15,FOODS_1_014,0.0,0.0,2.71,1.86,2.69,1.86
2016-04-16,FOODS_1_014,1.0,5.0,2.71,1.86,3.61,1.86
2016-04-17,FOODS_1_014,0.0,2.0,2.71,1.86,3.77,1.86
2016-04-18,FOODS_1_014,1.0,2.0,2.71,1.86,4.31,1.86
2016-04-19,FOODS_1_014,0.0,5.0,2.71,1.86,3.91,1.86
2016-04-20,FOODS_1_014,0.0,1.0,2.71,1.86,2.22,1.86
2016-04-21,FOODS_1_014,1.0,4.0,2.71,1.86,3.76,1.86
2016-04-22,FOODS_1_014,0.0,0.0,2.71,1.86,2.99,1.86
2016-04-23,FOODS_1_014,3.0,5.0,2.71,1.86,3.9,1.86
2016-04-24,FOODS_1_014,2.0,2.0,2.71,1.86,4.07,1.86
2016-03-28,FOODS_1_015,0.0,0.0,0.71,0.75,0.02,0.75
2016-03-29,FOODS_1_015,1.0,0.0,0.71,0.75,0.07,0.75
2016-03-30,FOODS_1_015,0.0,2.0,0.71,0.75,0.67,0.75
2016-03-31,FOODS_1_015,1.0,0.0,0.71,0.75,0.47,0.75
2016-04-01,FOODS_1_015,1.0,2.0,0.71,0.75,1.15,0.75
2016-04-02,FOODS_1_015,0.0,1.0,0.71,0.75,1.34,0.75
2016-04-03,FOODS_1_015,0.0,0.0,0.71,0.75,0.76,0.75
2016-04-04,FOODS_1_015,0.0,0.0,0.71,0.75,0.0,0.75
2016-04-05,FOODS_1_015,0.0,0.0,0.71,0.75,0.03,0.75
2016-04-06,FOODS_1_015,1.0,2.0,0.71,0.75,0.63,0.75
2016-04-07,FOODS_1_015,0.0,0.0,0.71,0.75,0.42,0.75
2016-04-08,FOODS_1_015,0.0,2.0,0.71,0.75,1.11,0.75
2016-04-09,FOODS_1_015,1.0,1.0,0.71,0.75,1.3,0.75
2016-04-10,FOODS_1_015,0.0,0.0,0.71,0.75,0.72,0.75
2016-04-11,FOODS_1_015,0.0,0.0,0.71,0.75,0.0,0.75
2016-04-12,FOODS_1_015,0.0,0.0,0.71,0.75,0.0,0.75
2016-04-13,FOODS_1_015,0.0,2.0,0.71,0.75,0.58,0.75
2016-04-14,FOODS_1_015,3.0,0.0,0.71,0.75,0.38,0.75
2016-04-15,FOODS_1_015,0.0,2.0,0.71,0.75,1.07,0.75
2016-04-16,FOODS_1_015,1.0,1.0,0.71,0.75,1.26,0.75
2016-04-17,FOODS_1_015,1.0,0.0,0.71,0.75,0.68,0.75
2016-04-18,FOODS_1_015,0.0,0.0,0.71,0.75,0.0,0.75
2016-04-19,FOODS_1_015,2.0,0.0,0.71,0.75,0.0,0.75
2016-04-20,FOODS_1_015,0.0,2.0,0.71,0.75,0.54,0.75
2016-04-21,FOODS_1_015,1.0,0.0,0.71,0.75,0.34,0.75
2016-04-22,FOODS_1_015,2.0,2.0,0.71,0.75,1.03,0.75
2016-04-23,FOODS_1_015,2.0,1.0,0.71,0.75,1.22,0.75
2016-04-24,FOODS_1_015,0.0,0.0,0.71,0.75,0.64,0.75
2016-03-28,FOODS_1_016,0.0,0.0,0.0,0.61,0.0,0.61
2016-03-29,FOODS_1_016,0.0,0.0,0.0,0.61,0.0,0.61
2016-03-30,FOODS_1_016,0.0,0.0,0.0,0.61,0.0,0.61
2016-03-31,FOODS_1_016,0.0,0.0,0.0,0.61,0.0,0.61
2016-04-01,FOODS_1_016,0.0,0.0,0.0,0.61,0.0,0.61
2016-04-02,FOODS_1_016,0.0,0.0,0.0,0.61,0.0,0.61
2016-04-03,FOODS_1_016,0.0,0.0,0.0,0.61,0.14,0.61
2016-04-04,FOODS_1_016,0.0,0.0,0.0,0.61,0.0,0.61
2016-04-05,FOODS_1_016,0.0,0.0,0.0,0.61,0.0,0.61
2016-04-06,FOODS_1_016,0.0,0.0,0.0,0.61,0.0,0.61
2016-04-07,FOODS_1_016,0.0,0.0,0.0,0.61,0.0,0.61
2016-04-08,FOODS_1_016,0.0,0.0,0.0,0.61,0.0,0.61
2016-04-09,FOODS_1_016,0.0,0.0,0.0,0.61,0.0,0.61
2016-04-10,FOODS_1_016,0.0,0.0,0.0,0.61,0.0,0.61
2016-04-11,FOODS_1_016,0.0,0.0,0.0,0.61,0.0,0.61
2016-04-12,FOODS_1_016,0.0,0.0,0.0,0.61,0.0,0.61
2016-04-13,FOODS_1_016,0.0,0.0,0.0,0.61,0.0,0.61
2016-04-14,FOODS_1_016,0.0,0.0,0.0,0.61,0.0,0.61
2016-04-15,FOODS_1_016,0.0,0.0,0.0,0.61,0.0,0.61
2016-04-16,FOODS_1_016,0.0,0.0,0.0,0.61,0.0,0.61
2016-04-17,FOODS_1_016,0.0,0.0,0.0,0.61,0.0,0.61
2016-04-18,FOODS_1_016,0.0,0.0,0.0,0.61,0.0,0.61
2016-04-19,FOODS_1_016,0.0,0.0,0.0,0.61,0.0,0.61
2016-04-20,FOODS_1_016,0.0,0.0,0.0,0.61,0.0,0.61
2016-04-21,FOODS_1_016,1.0,0.0,0.0,0.61,0.0,0.61
2016-04-22,FOODS_1_016,1.0,0.0,0.0,0.61,0.0,0.61
2016-04-23,FOODS_1_016,2.0,0.0,0.0,0.61,0.0,0.61
2016-04-24,FOODS_1_016,1.0,0.0,0.0,0.61,0.0,0.61
2016-03-28,FOODS_1_017,0.0,1.0,0.71,0.96,0.77,0.96
2016-03-29,FOODS_1_017,1.0,0.0,0.71,0.96,0.79,0.96
2016-03-30,FOODS_1_017,0.0,0.0,0.71,0.96,0.3,0.96
2016-03-31,FOODS_1_017,0.0,2.0,0.71,0.96,0.22,0.96
2016-04-01,FOODS_1_017,1.0,0.0,0.71,0.96,0.42,0.96
2016-04-02,FOODS_1_017,1.0,2.0,0.71,0.96,1.14,0.96
2016-04-03,FOODS_1_017,1.0,0.0,0.71,0.96,1.14,0.96
2016-04-04,FOODS_1_017,0.0,1.0,0.71,0.96,0.68,0.96
2016-04-05,FOODS_1_017,0.0,0.0,0.71,0.96,0.7,0.96
2016-04-06,FOODS_1_017,0.0,0.0,0.71,0.96,0.22,0.96
2016-04-07,FOODS_1_017,2.0,2.0,0.71,0.96,0.14,0.96
2016-04-08,FOODS_1_017,1.0,0.0,0.71,0.96,0.34,0.96
2016-04-09,FOODS_1_017,2.0,2.0,0.71,0.96,1.05,0.96
2016-04-10,FOODS_1_017,1.0,0.0,0.71,0.96,1.06,0.96
2016-04-11,FOODS_1_017,1.0,1.0,0.71,0.96,0.6,0.96
2016-04-12,FOODS_1_017,0.0,0.0,0.71,0.96,0.62,0.96
2016-04-13,FOODS_1_017,1.0,0.0,0.71,0.96,0.13,0.96
2016-04-14,FOODS_1_017,0.0,2.0,0.71,0.96,0.06,0.96
2016-04-15,FOODS_1_017,2.0,0.0,0.71,0.96,0.26,0.96
2016-04-16,FOODS_1_017,2.0,2.0,0.71,0.96,0.97,0.96
2016-04-17,FOODS_1_017,0.0,0.0,0.71,0.96,0.98,0.96
2016-04-18,FOODS_1_017,1.0,1.0,0.71,0.96,0.52,0.96
2016-04-19,FOODS_1_017,0.0,0.0,0.71,0.96,0.54,0.96
2016-04-20,FOODS_1_017,0.0,0.0,0.71,0.96,0.05,0.96
2016-04-21,FOODS_1_017,1.0,2.0,0.71,0.96,0.0,0.96
2016-04-22,FOODS_1_017,2.0,0.0,0.71,0.96,0.17,0.96
2016-04-23,FOODS_1_017,1.0,2.0,0.71,0.96,0.89,0.96
2016-04-24,FOODS_1_017,4.0,0.0,0.71,0.96,0.9,0.96
2016-03-28,FOODS_1_018,6.0,11.0,15.43,11.43,15.17,11.43
2016-03-29,FOODS_1_018,4.0,11.0,15.43,11.43,14.5,11.43
2016-03-30,FOODS_1_018,5.0,5.0,15.43,11.43,12.56,11.43
2016-03-31,FOODS_1_018,15.0,11.0,15.43,11.43,15.69,11.43
2016-04-01,FOODS_1_018,17.0,11.0,15.43,11.43,19.41,11.43
2016-04-02,FOODS_1_018,16.0,43.0,15.43,11.43,28.2,11.43
2016-04-03,FOODS_1_018,16.0,16.0,15.43,11.43,21.45,11.43
2016-04-04,FOODS_1_018,3.0,11.0,15.43,11.43,17.2,11.43
2016-04-05,FOODS_1_018,5.0,11.0,15.43,11.43,16.53,11.43
2016-04-06,FOODS_1_018,4.0,5.0,15.43,11.43,14.59,11.43
2016-04-07,FOODS_1_018,2.0,11.0,15.43,11.43,17.72,11.43
2016-04-08,FOODS_1_018,11.0,11.0,15.43,11.43,21.44,11.43
2016-04-09,FOODS_1_018,5.0,43.0,15.43,11.43,30.23,11.43
2016-04-10,FOODS_1_018,5.0,16.0,15.43,11.43,23.48,11.43
2016-04-11,FOODS_1_018,3.0,11.0,15.43,11.43,19.23,11.43
2016-04-12,FOODS_1_018,2.0,11.0,15.43,11.43,18.56,11.43
2016-04-13,FOODS_1_018,5.0,5.0,15.43,11.43,16.63,11.43
2016-04-14,FOODS_1_018,11.0,11.0,15.43,11.43,19.75,11.43
2016-04-15,FOODS_1_018,4.0,11.0,15.43,11.43,23.47,11.43
2016-04-16,FOODS_1_018,7.0,43.0,15.43,11.43,32.26,11.43
2016-04-17,FOODS_1_018,6.0,16.0,15.43,11.43,25.51,11.43
2016-04-18,FOODS_1_018,6.0,11.0,15.43,11.43,21.26,11.43
2016-04-19,FOODS_1_018,5.0,11.0,15.43,11.43,20.59,11.43
2016-04-20,FOODS_1_018,1.0,5.0,15.43,11.43,18.66,11.43
2016-04-21,FOODS_1_018,9.0,11.0,15.43,11.43,21.78,11.43
2016-04-22,FOODS_1_018,25.0,11.0,15.43,11.43,25.5,11.43
2016-04-23,FOODS_1_018,22.0,43.0,15.43,11.43,34.3,11.43
2016-04-24,FOODS_1_018,13.0,16.0,15.43,11.43,27.54,11.43
2016-03-28,FOODS_1_019,3.0,12.0,11.86,7.79,11.0,7.79
2016-03-29,FOODS_1_019,3.0,8.0,11.86,7.79,7.18,7.79
2016-03-30,FOODS_1_019,3.0,15.0,11.86,7.79,9.37,7.79
2016-03-31,FOODS_1_019,14.0,6.0,11.86,7.79,10.04,7.79
2016-04-01,FOODS_1_019,16.0,15.0,11.86,7.79,16.58,7.79
2016-04-02,FOODS_1_019,9.0,16.0,11.86,7.79,17.35,7.79
2016-04-03,FOODS_1_019,13.0,11.0,11.86,7.79,12.94,7.79
2016-04-04,FOODS_1_019,8.0,12.0,11.86,7.79,12.38,7.79
2016-04-05,FOODS_1_019,0.0,8.0,11.86,7.79,8.55,7.79
2016-04-06,FOODS_1_019,0.0,15.0,11.86,7.79,10.75,7.79
2016-04-07,FOODS_1_019,24.0,6.0,11.86,7.79,11.42,7.79
2016-04-08,FOODS_1_019,9.0,15.0,11.86,7.79,17.95,7.79
2016-04-09,FOODS_1_019,8.0,16.0,11.86,7.79,18.72,7.79
2016-04-10,FOODS_1_019,7.0,11.0,11.86,7.79,14.32,7.79
2016-04-11,FOODS_1_019,8.0,12.0,11.86,7.79,13.76,7.79
2016-04-12,FOODS_1_019,0.0,8.0,11.86,7.79,9.93,7.79
2016-04-13,FOODS_1_019,1.0,15.0,11.86,7.79,12.13,7.79
2016-04-14,FOODS_1_019,1.0,6.0,11.86,7.79,12.8,7.79
2016-04-15,FOODS_1_019,9.0,15.0,11.86,7.79,19.33,7.79
2016-04-16,FOODS_1_019,19.0,16.0,11.86,7.79,20.1,7.79
2016-04-17,FOODS_1_019,1.0,11.0,11.86,7.79,15.7,7.79
2016-04-18,FOODS_1_019,8.0,12.0,11.86,7.79,15.13,7.79
2016-04-19,FOODS_1_019,10.0,8.0,11.86,7.79,11.31,7.79
2016-04-20,FOODS_1_019,27.0,15.0,11.86,7.79,13.51,7.79
2016-04-21,FOODS_1_019,2.0,6.0,11.86,7.79,14.18,7.79
2016-04-22,FOODS_1_019,4.0,15.0,11.86,7.79,20.71,7.79
2016-04-23,FOODS_1_019,15.0,16.0,11.86,7.79,21.48,7.79
2016-04-24,FOODS_1_019,18.0,11.0,11.86,7.79,17.08,7.79
2016-03-28,FOODS_1_020,0.0,0.0,1.29,1.29,1.29,1.29
2016-03-29,FOODS_1_020,0.0,1.0,1.29,1.29,1.36,1.29
2016-03-30,FOODS_1_020,1.0,1.0,1.29,1.29,1.04,1.29
2016-03-31,FOODS_1_020,1.0,0.0,1.29,1.29,1.34,1.29
2016-04-01,FOODS_1_020,0.0,2.0,1.29,1.29,1.31,1.29
2016-04-02,FOODS_1_020,2.0,4.0,1.29,1.29,2.1,1.29
2016-04-03,FOODS_1_020,1.0,1.0,1.29,1.29,2.04,1.29
2016-04-04,FOODS_1_020,1.0,0.0,1.29,1.29,1.35,1.29
2016-04-05,FOODS_1_020,0.0,1.0,1.29,1.29,1.41,1.29
2016-04-06,FOODS_1_020,0.0,1.0,1.29,1.29,1.09,1.29
2016-04-07,FOODS_1_020,1.0,0.0,1.29,1.29,1.39,1.29
2016-04-08,FOODS_1_020,1.0,2.0,1.29,1.29,1.37,1.29
2016-04-09,FOODS_1_020,1.0,4.0,1.29,1.29,2.16,1.29
2016-04-10,FOODS_1_020,2.0,1.0,1.29,1.29,2.1,1.29
2016-04-11,FOODS_1_020,0.0,0.0,1.29,1.29,1.4,1.29
2016-04-12,FOODS_1_020,1.0,1.0,1.29,1.29,1.47,1.29
2016-04-13,FOODS_1_020,3.0,1.0,1.29,1.29,1.15,1.29
2016-04-14,FOODS_1_020,3.0,0.0,1.29,1.29,1.45,1.29
2016-04-15,FOODS_1_020,4.0,2.0,1.29,1.29,1.42,1.29
2016-04-16,FOODS_1_020,1.0,4.0,1.29,1.29,2.21,1.29
2016-04-17,FOODS_1_020,1.0,1.0,1.29,1.29,2.15,1.29
2016-04-18,FOODS_1_020,1.0,0.0,1.29,1.29,1.46,1.29
2016-04-19,FOODS_1_020,1.0,1.0,1.29,1.29,1.52,1.29
2016-04-20,FOODS_1_020,0.0,1.0,1.29,1.29,1.2,1.29
2016-04-21,FOODS_1_020,2.0,0.0,1.29,1.29,1.5,1.29
2016-04-22,FOODS_1_020,2.0,2.0,1.29,1.29,1.48,1.29
2016-04-23,FOODS_1_020,2.0,4.0,1.29,1.29,2.27,1.29
2016-04-24,FOODS_1_020,1.0,1.0,1.29,1.29,2.21,1.29
2016-03-28,FOODS_1_021,0.0,1.0,1.29,2.18,1.6,2.18
2016-03-29,FOODS_1_021,3.0,0.0,1.29,2.18,0.28,2.18
2016-03-30,FOODS_1_021,0.0,0.0,1.29,2.18,1.28,2.18
2016-03-31,FOODS_1_021,1.0,6.0,1.29,2.18,1.52,2.18
2016-04-01,FOODS_1_021,6.0,2.0,1.29,2.18,0.22,2.18
2016-04-02,FOODS_1_021,4.0,0.0,1.29,2.18,1.7,2.18
2016-04-03,FOODS_1_021,2.0,0.0,1.29,2.18,1.83,2.18
2016-04-04,FOODS_1_021,0.0,1.0,1.29,2.18,1.24,2.18
2016-04-05,FOODS_1_021,0.0,0.0,1.29,2.18,0.0,2.18
2016-04-06,FOODS_1_021,0.0,0.0,1.29,2.18,0.93,2.18
2016-04-07,FOODS_1_021,0.0,6.0,1.29,2.18,1.16,2.18
2016-04-08,FOODS_1_021,0.0,2.0,1.29,2.18,0.0,2.18
2016-04-09,FOODS_1_021,1.0,0.0,1.29,2.18,1.35,2.18
2016-04-10,FOODS_1_021,1.0,0.0,1.29,2.18,1.47,2.18
2016-04-11,FOODS_1_021,1.0,1.0,1.29,2.18,0.88,2.18
2016-04-12,FOODS_1_021,0.0,0.0,1.29,2.18,0.0,2.18
2016-04-13,FOODS_1_021,4.0,0.0,1.29,2.18,0.57,2.18
2016-04-14,FOODS_1_021,3.0,6.0,1.29,2.18,0.8,2.18
2016-04-15,FOODS_1_021,2.0,2.0,1.29,2.18,0.0,2.18
2016-04-16,FOODS_1_021,0.0,0.0,1.29,2.18,0.99,2.18
2016-04-17,FOODS_1_021,0.0,0.0,1.29,2.18,1.11,2.18
2016-04-18,FOODS_1_021,0.0,1.0,1.29,2.18,0.53,2.18
2016-04-19,FOODS_1_021,0.0,0.0,1.29,2.18,0.0,2.18
2016-04-20,FOODS_1_021,0.0,0.0,1.29,2.18,0.21,2.18
2016-04-21,FOODS_1_021,4.0,6.0,1.29,2.18,0.45,2.18
2016-04-22,FOODS_1_021,2.0,2.0,1.29,2.18,0.0,2.18
2016-04-23,FOODS_1_021,3.0,0.0,1.29,2.18,0.63,2.18
2016-04-24,FOODS_1_021,3.0,0.0,1.29,2.18,0.75,2.18
2016-03-28,FOODS_1_022,0.0,0.0,0.0,0.0,0.0,0.0
2016-03-29,FOODS_1_022,0.0,0.0,0.0,0.0,0.0,0.0
2016-03-30,FOODS_1_022,0.0,0.0,0.0,0.0,0.0,0.0
2016-03-31,FOODS_1_022,0.0,0.0,0.0,0.0,0.07,0.0
2016-04-01,FOODS_1_022,0.0,0.0,0.0,0.0,0.0,0.0
2016-04-02,FOODS_1_022,0.0,0.0,0.0,0.0,0.0,0.0
2016-04-03,FOODS_1_022,0.0,0.0,0.0,0.0,0.0,0.0
2016-04-04,FOODS_1_022,0.0,0.0,0.0,0.0,0.0,0.0
2016-04-05,FOODS_1_022,0.0,0.0,0.0,0.0,0.0,0.0
2016-04-06,FOODS_1_022,0.0,0.0,0.0,0.0,0.0,0.0
2016-04-07,FOODS_1_022,0.0,0.0,0.0,0.0,0.06,0.0
2016-04-08,FOODS_1_022,1.0,0.0,0.0,0.0,0.0,0.0
2016-04-09,FOODS_1_022,0.0,0.0,0.0,0.0,0.0,0.0
2016-04-10,FOODS_1_022,0.0,0.0,0.0,0.0,0.0,0.0
2016-04-11,FOODS_1_022,0.0,0.0,0.0,0.0,0.0,0.0
2016-04-12,FOODS_1_022,0.0,0.0,0.0,0.0,0.0,0.0
2016-04-13,FOODS_1_022,0.0,0.0,0.0,0.0,0.0,0.0
2016-04-14,FOODS_1_022,0.0,0.0,0.0,0.0,0.06,0.0
2016-04-15,FOODS_1_022,1.0,0.0,0.0,0.0,0.0,0.0
2016-04-16,FOODS_1_022,0.0,0.0,0.0,0.0,0.0,0.0
2016-04-17,FOODS_1_022,0.0,0.0,0.0,0.0,0.0,0.0
2016-04-18,FOODS_1_022,0.0,0.0,0.0,0.0,0.0,0.0
2016-04-19,FOODS_1_022,0.0,0.0,0.0,0.0,0.0,0.0
2016-04-20,FOODS_1_022,0.0,0.0,0.0,0.0,0.0,0.0
2016-04-21,FOODS_1_022,0.0,0.0,0.0,0.0,0.06,0.0
2016-04-22,FOODS_1_022,0.0,0.0,0.0,0.0,0.0,0.0
2016-04-23,FOODS_1_022,0.0,0.0,0.0,0.0,0.0,0.0
2016-04-24,FOODS_1_022,0.0,0.0,0.0,0.0,0.0,0.0
2016-03-28,FOODS_1_023,4.0,0.0,0.86,0.21,1.06,0.21
2016-03-29,FOODS_1_023,1.0,0.0,0.86,0.21,1.07,0.21
2016-03-30,FOODS_1_023,0.0,0.0,0.86,0.21,1.12,0.21
2016-03-31,FOODS_1_023,0.0,2.0,0.86,0.21,1.59,0.21
2016-04-01,FOODS_1_023,0.0,0.0,0.86,0.21,1.18,0.21
2016-04-02,FOODS_1_023,0.0,0.0,0.86,0.21,1.32,0.21
2016-04-03,FOODS_1_023,0.0,4.0,0.86,0.21,1.34,0.21
2016-04-04,FOODS_1_023,0.0,0.0,0.86,0.21,1.4,0.21
2016-04-05,FOODS_1_023,0.0,0.0,0.86,0.21,1.41,0.21
2016-04-06,FOODS_1_023,0.0,0.0,0.86,0.21,1.45,0.21
2016-04-07,FOODS_1_023,0.0,2.0,0.86,0.21,1.92,0.21
2016-04-08,FOODS_1_023,0.0,0.0,0.86,0.21,1.52,0.21
2016-04-09,FOODS_1_023,0.0,0.0,0.86,0.21,1.66,0.21
2016-04-10,FOODS_1_023,0.0,4.0,0.86,0.21,1.67,0.21
2016-04-11,FOODS_1_023,0.0,0.0,0.86,0.21,1.73,0.21
2016-04-12,FOODS_1_023,0.0,0.0,0.86,0.21,1.74,0.21
2016-04-13,FOODS_1_023,0.0,0.0,0.86,0.21,1.78,0.21
2016-04-14,FOODS_1_023,0.0,2.0,0.86,0.21,2.26,0.21
2016-04-15,FOODS_1_023,0.0,0.0,0.86,0.21,1.85,0.21
2016-04-16,FOODS_1_023,0.0,0.0,0.86,0.21,1.99,0.21
2016-04-17,FOODS_1_023,0.0,4.0,0.86,0.21,2.0,0.21
2016-04-18,FOODS_1_023,0.0,0.0,0.86,0.21,2.06,0.21
2016-04-19,FOODS_1_023,0.0,0.0,0.86,0.21,2.07,0.21
2016-04-20,FOODS_1_023,0.0,0.0,0.86,0.21,2.12,0.21
2016-04-21,FOODS_1_023,0.0,2.0,0.86,0.21,2.59,0.21
2016-04-22,FOODS_1_023,3.0,0.0,0.86,0.21,2.18,0.21
2016-04-23,FOODS_1_023,0.0,0.0,0.86,0.21,2.32,0.21
2016-04-24,FOODS_1_023,0.0,4.0,0.86,0.21,2.34,0.21
2016-03-28,FOODS_1_024,1.0,3.0,0.71,0.32,0.73,0.32
2016-03-29,FOODS_1_024,0.0,0.0,0.71,0.32,0.05,0.32
2016-03-30,FOODS_1_024,0.0,1.0,0.71,0.32,0.17,0.32
2016-03-31,FOODS_1_024,0.0,1.0,0.71,0.32,0.42,0.32
2016-04-01,FOODS_1_024,0.0,0.0,0.71,0.32,0.26,0.32
2016-04-02,FOODS_1_024,0.0,0.0,0.71,0.32,0.52,0.32
2016-04-03,FOODS_1_024,0.0,0.0,0.71,0.32,0.86,0.32
2016-04-04,FOODS_1_024,0.0,3.0,0.71,0.32,0.7,0.32
2016-04-05,FOODS_1_024,0.0,0.0,0.71,0.32,0.03,0.32
2016-04-06,FOODS_1_024,0.0,1.0,0.71,0.32,0.14,0.32
2016-04-07,FOODS_1_024,0.0,1.0,0.71,0.32,0.39,0.32
2016-04-08,FOODS_1_024,0.0,0.0,0.71,0.32,0.24,0.32
2016-04-09,FOODS_1_024,0.0,0.0,0.71,0.32,0.49,0.32
2016-04-10,FOODS_1_024,0.0,0.0,0.71,0.32,0.83,0.32
2016-04-11,FOODS_1_024,0.0,3.0,0.71,0.32,0.68,0.32
2016-04-12,FOODS_1_024,0.0,0.0,0.71,0.32,0.0,0.32
2016-04-13,FOODS_1_024,0.0,1.0,0.71,0.32,0.12,0.32
2016-04-14,FOODS_1_024,0.0,1.0,0.71,0.32,0.36,0.32
2016-04-15,FOODS_1_024,0.0,0.0,0.71,0.32,0.21,0.32
2016-04-16,FOODS_1_024,0.0,0.0,0.71,0.32,0.46,0.32
2016-04-17,FOODS_1_024,0.0,0.0,0.71,0.32,0.81,0.32
2016-04-18,FOODS_1_024,0.0,3.0,0.71,0.32,0.65,0.32
2016-04-19,FOODS_1_024,0.0,0.0,0.71,0.32,0.0,0.32
2016-04-20,FOODS_1_024,0.0,1.0,0.71,0.32,0.09,0.32
2016-04-21,FOODS_1_024,0.0,1.0,0.71,0.32,0.34,0.32
2016-04-22,FOODS_1_024,0.0,0.0,0.71,0.32,0.18,0.32
2016-04-23,FOODS_1_024,1.0,0.0,0.71,0.32,0.44,0.32
2016-04-24,FOODS_1_024,0.0,0.0,0.71,0.32,0.78,0.32
2016-03-28,FOODS_1_025,0.0,0.0,0.0,0.32,0.0,0.32
2016-03-29,FOODS_1_025,0.0,0.0,0.0,0.32,0.11,0.32
2016-03-30,FOODS_1_025,0.0,0.0,0.0,0.32,0.0,0.32
2016-03-31,FOODS_1_025,0.0,0.0,0.0,0.32,0.0,0.32
2016-04-01,FOODS_1_025,1.0,0.0,0.0,0.32,0.0,0.32
2016-04-02,FOODS_1_025,0.0,0.0,0.0,0.32,0.22,0.32
2016-04-03,FOODS_1_025,0.0,0.0,0.0,0.32,0.0,0.32
2016-04-04,FOODS_1_025,0.0,0.0,0.0,0.32,0.0,0.32
2016-04-05,FOODS_1_025,2.0,0.0,0.0,0.32,0.0,0.32
2016-04-06,FOODS_1_025,2.0,0.0,0.0,0.32,0.0,0.32
2016-04-07,FOODS_1_025,0.0,0.0,0.0,0.32,0.0,0.32
2016-04-08,FOODS_1_025,1.0,0.0,0.0,0.32,0.0,0.32
2016-04-09,FOODS_1_025,0.0,0.0,0.0,0.32,0.08,0.32
2016-04-10,FOODS_1_025,1.0,0.0,0.0,0.32,0.0,0.32
2016-04-11,FOODS_1_025,1.0,0.0,0.0,0.32,0.0,0.32
2016-04-12,FOODS_1_025,0.0,0.0,0.0,0.32,0.0,0.32
2016-04-13,FOODS_1_025,0.0,0.0,0.0,0.32,0.0,0.32
2016-04-14,FOODS_1_025,0.0,0.0,0.0,0.32,0.0,0.32
2016-04-15,FOODS_1_025,1.0,0.0,0.0,0.32,0.0,0.32
2016-04-16,FOODS_1_025,1.0,0.0,0.0,0.32,0.0,0.32
2016-04-17,FOODS_1_025,2.0,0.0,0.0,0.32,0.0,0.32
2016-04-18,FOODS_1_025,3.0,0.0,0.0,0.32,0.0,0.32
2016-04-19,FOODS_1_025,1.0,0.0,0.0,0.32,0.0,0.32
2016-04-20,FOODS_1_025,0.0,0.0,0.0,0.32,0.0,0.32
2016-04-21,FOODS_1_025,0.0,0.0,0.0,0.32,0.0,0.32
2016-04-22,FOODS_1_025,2.0,0.0,0.0,0.32,0.0,0.32
2016-04-23,FOODS_1_025,1.0,0.0,0.0,0.32,0.0,0.32
2016-04-24,FOODS_1_025,0.0,0.0,0.0,0.32,0.0,0.32
2016-03-28,FOODS_1_026,0.0,0.0,0.0,0.0,0.0,0.0
2016-03-29,FOODS_1_026,0.0,0.0,0.0,0.0,0.0,0.0
2016-03-30,FOODS_1_026,0.0,0.0,0.0,0.0,0.0,0.0
2016-03-31,FOODS_1_026,0.0,0.0,0.0,0.0,0.0,0.0
2016-04-01,FOODS_1_026,0.0,0.0,0.0,0.0,0.0,0.0
2016-04-02,FOODS_1_026,0.0,0.0,0.0,0.0,0.0,0.0
2016-04-03,FOODS_1_026,0.0,0.0,0.0,0.0,0.0,0.0
2016-04-04,FOODS_1_026,0.0,0.0,0.0,0.0,0.0,0.0
2016-04-05,FOODS_1_026,0.0,0.0,0.0,0.0,0.0,0.0
2016-04-06,FOODS_1_026,0.0,0.0,0.0,0.0,0.0,0.0
2016-04-07,FOODS_1_026,0.0,0.0,0.0,0.0,0.0,0.0
2016-04-08,FOODS_1_026,0.0,0.0,0.0,0.0,0.0,0.0
2016-04-09,FOODS_1_026,0.0,0.0,0.0,0.0,0.0,0.0
2016-04-10,FOODS_1_026,1.0,0.0,0.0,0.0,0.0,0.0
2016-04-11,FOODS_1_026,0.0,0.0,0.0,0.0,0.0,0.0
2016-04-12,FOODS_1_026,1.0,0.0,0.0,0.0,0.0,0.0
2016-04-13,FOODS_1_026,0.0,0.0,0.0,0.0,0.0,0.0
2016-04-14,FOODS_1_026,0.0,0.0,0.0,0.0,0.0,0.0
2016-04-15,FOODS_1_026,4.0,0.0,0.0,0.0,0.0,0.0
2016-04-16,FOODS_1_026,4.0,0.0,0.0,0.0,0.0,0.0
2016-04-17,FOODS_1_026,0.0,0.0,0.0,0.0,0.0,0.0
2016-04-18,FOODS_1_026,2.0,0.0,0.0,0.0,0.0,0.0
2016-04-19,FOODS_1_026,0.0,0.0,0.0,0.0,0.0,0.0
2016-04-20,FOODS_1_026,1.0,0.0,0.0,0.0,0.0,0.0
2016-04-21,FOODS_1_026,3.0,0.0,0.0,0.0,0.0,0.0
2016-04-22,FOODS_1_026,1.0,0.0,0.0,0.0,0.0,0.0
2016-04-23,FOODS_1_026,1.0,0.0,0.0,0.0,0.0,0.0
2016-04-24,FOODS_1_026,0.0,0.0,0.0,0.0,0.0,0.0
2016-03-28,FOODS_1_027,0.0,3.0,2.86,2.43,3.29,2.43
2016-03-29,FOODS_1_027,0.0,3.0,2.86,2.43,2.26,2.43
2016-03-30,FOODS_1_027,3.0,2.0,2.86,2.43,3.04,2.43
2016-03-31,FOODS_1_027,3.0,4.0,2.86,2.43,2.87,2.43
2016-04-01,FOODS_1_027,0.0,4.0,2.86,2.43,4.05,2.43
2016-04-02,FOODS_1_027,4.0,3.0,2.86,2.43,2.51,2.43
2016-04-03,FOODS_1_027,2.0,1.0,2.86,2.43,2.42,2.43
2016-04-04,FOODS_1_027,4.0,3.0,2.86,2.43,3.56,2.43
2016-04-05,FOODS_1_027,3.0,3.0,2.86,2.43,2.52,2.43
2016-04-06,FOODS_1_027,1.0,2.0,2.86,2.43,3.31,2.43
2016-04-07,FOODS_1_027,2.0,4.0,2.86,2.43,3.13,2.43
2016-04-08,FOODS_1_027,5.0,4.0,2.86,2.43,4.31,2.43
2016-04-09,FOODS_1_027,6.0,3.0,2.86,2.43,2.78,2.43
2016-04-10,FOODS_1_027,4.0,1.0,2.86,2.43,2.68,2.43
2016-04-11,FOODS_1_027,3.0,3.0,2.86,2.43,3.82,2.43
2016-04-12,FOODS_1_027,1.0,3.0,2.86,2.43,2.78,2.43
2016-04-13,FOODS_1_027,2.0,2.0,2.86,2.43,3.57,2.43
2016-04-14,FOODS_1_027,4.0,4.0,2.86,2.43,3.39,2.43
2016-04-15,FOODS_1_027,5.0,4.0,2.86,2.43,4.58,2.43
2016-04-16,FOODS_1_027,4.0,3.0,2.86,2.43,3.04,2.43
2016-04-17,FOODS_1_027,2.0,1.0,2.86,2.43,2.94,2.43
2016-04-18,FOODS_1_027,3.0,3.0,2.86,2.43,4.08,2.43
2016-04-19,FOODS_1_027,1.0,3.0,2.86,2.43,3.05,2.43
2016-04-20,FOODS_1_027,0.0,2.0,2.86,2.43,3.84,2.43
2016-04-21,FOODS_1_027,2.0,4.0,2.86,2.43,3.66,2.43
2016-04-22,FOODS_1_027,1.0,4.0,2.86,2.43,4.84,2.43
2016-04-23,FOODS_1_027,3.0,3.0,2.86,2.43,3.3,2.43
2016-04-24,FOODS_1_027,3.0,1.0,2.86,2.43,3.21,2.43
2016-03-28,FOODS_1_028,0.0,0.0,0.0,0.0,0.08,0.0
2016-03-29,FOODS_1_028,0.0,0.0,0.0,0.0,0.0,0.0
2016-03-30,FOODS_1_028,0.0,0.0,0.0,0.0,0.04,0.0
2016-03-31,FOODS_1_028,0.0,0.0,0.0,0.0,0.0,0.0
2016-04-01,FOODS_1_028,0.0,0.0,0.0,0.0,0.0,0.0
2016-04-02,FOODS_1_028,0.0,0.0,0.0,0.0,0.0,0.0
2016-04-03,FOODS_1_028,0.0,0.0,0.0,0.0,0.04,0.0
2016-04-04,FOODS_1_028,0.0,0.0,0.0,0.0,0.05,0.0
2016-04-05,FOODS_1_028,0.0,0.0,0.0,0.0,0.0,0.0
2016-04-06,FOODS_1_028,0.0,0.0,0.0,0.0,0.01,0.0
2016-04-07,FOODS_1_028,0.0,0.0,0.0,0.0,0.0,0.0
2016-04-08,FOODS_1_028,0.0,0.0,0.0,0.0,0.0,0.0
2016-04-09,FOODS_1_028,0.0,0.0,0.0,0.0,0.0,0.0
2016-04-10,FOODS_1_028,0.0,0.0,0.0,0.0,0.01,0.0
2016-04-11,FOODS_1_028,0.0,0.0,0.0,0.0,0.03,0.0
2016-04-12,FOODS_1_028,0.0,0.0,0.0,0.0,0.0,0.0
2016-04-13,FOODS_1_028,0.0,0.0,0.0,0.0,0.0,0.0
2016-04-14,FOODS_1_028,0.0,0.0,0.0,0.0,0.0,0.0
2016-04-15,FOODS_1_028,1.0,0.0,0.0,0.0,0.0,0.0
2016-04-16,FOODS_1_028,5.0,0.0,0.0,0.0,0.0,0.0
2016-04-17,FOODS_1_028,4.0,0.0,0.0,0.0,0.0,0.0
2016-04-18,FOODS_1_028,2.0,0.0,0.0,0.0,0.0,0.0
2016-04-19,FOODS_1_028,1.0,0.0,0.0,0.0,0.0,0.0
2016-04-20,FOODS_1_028,1.0,0.0,0.0,0.0,0.0,0.0
2016-04-21,FOODS_1_028,1.0,0.0,0.0,0.0,0.0,0.0
2016-04-22,FOODS_1_028,3.0,0.0,0.0,0.0,0.0,0.0
2016-04-23,FOODS_1_028,0.0,0.0,0.0,0.0,0.0,0.0
2016-04-24,FOODS_1_028,0.0,0.0,0.0,0.0,0.0,0.0
2016-03-28,FOODS_1_029,0.0,0.0,0.43,0.54,0.22,0.54
2016-03-29,FOODS_1_029,0.0,2.0,0.43,0.54,1.28,0.54
2016-03-30,FOODS_1_029,0.0,0.0,0.43,0.54,0.2,0.54
2016-03-31,FOODS_1_029,1.0,0.0,0.43,0.54,0.71,0.54
2016-04-01,FOODS_1_029,1.0,0.0,0.43,0.54,0.37,0.54
2016-04-02,FOODS_1_029,0.0,1.0,0.43,0.54,0.44,0.54
2016-04-03,FOODS_1_029,0.0,0.0,0.43,0.54,0.21,0.54
2016-04-04,FOODS_1_029,0.0,0.0,0.43,0.54,0.21,0.54
2016-04-05,FOODS_1_029,2.0,2.0,0.43,0.54,1.27,0.54
2016-04-06,FOODS_1_029,0.0,0.0,0.43,0.54,0.19,0.54
2016-04-07,FOODS_1_029,0.0,0.0,0.43,0.54,0.71,0.54
2016-04-08,FOODS_1_029,0.0,0.0,0.43,0.54,0.37,0.54
2016-04-09,FOODS_1_029,1.0,1.0,0.43,0.54,0.43,0.54
2016-04-10,FOODS_1_029,0.0,0.0,0.43,0.54,0.2,0.54
2016-04-11,FOODS_1_029,0.0,0.0,0.43,0.54,0.2,0.54
2016-04-12,FOODS_1_029,0.0,2.0,0.43,0.54,1.26,0.54
2016-04-13,FOODS_1_029,0.0,0.0,0.43,0.54,0.18,0.54
2016-04-14,FOODS_1_029,1.0,0.0,0.43,0.54,0.7,0.54
2016-04-15,FOODS_1_029,0.0,0.0,0.43,0.54,0.36,0.54
2016-04-16,FOODS_1_029,0.0,1.0,0.43,0.54,0.42,0.54
2016-04-17,FOODS_1_029,0.0,0.0,0.43,0.54,0.2,0.54
2016-04-18,FOODS_1_029,1.0,0.0,0.43,0.54,0.19,0.54
2016-04-19,FOODS_1_029,0.0,2.0,0.43,0.54,1.25,0.54
2016-04-20,FOODS_1_029,2.0,0.0,0.43,0.54,0.17,0.54
2016-04-21,FOODS_1_029,0.0,0.0,0.43,0.54,0.69,0.54
2016-04-22,FOODS_1_029,0.0,0.0,0.43,0.54,0.35,0.54
2016-04-23,FOODS_1_029,0.0,1.0,0.43,0.54,0.41,0.54
2016-04-24,FOODS_1_029,0.0,0.0,0.43,0.54,0.19,0.54
2016-03-28,FOODS_1_030,0.0,1.0,1.29,0.68,1.04,0.68
2016-03-29,FOODS_1_030,0.0,1.0,1.29,0.68,1.68,0.68
2016-03-30,FOODS_1_030,0.0,1.0,1.29,0.68,1.21,0.68
2016-03-31,FOODS_1_030,1.0,2.0,1.29,0.68,1.47,0.68
2016-04-01,FOODS_1_030,0.0,3.0,1.29,0.68,1.52,0.68
2016-04-02,FOODS_1_030,1.0,1.0,1.29,0.68,1.36,0.68
2016-04-03,FOODS_1_030,1.0,0.0,1.29,0.68,0.96,0.68
2016-04-04,FOODS_1_030,0.0,1.0,1.29,0.68,1.24,0.68
2016-04-05,FOODS_1_030,0.0,1.0,1.29,0.68,1.89,0.68
2016-04-06,FOODS_1_030,0.0,1.0,1.29,0.68,1.42,0.68
2016-04-07,FOODS_1_030,0.0,2.0,1.29,0.68,1.68,0.68
2016-04-08,FOODS_1_030,0.0,3.0,1.29,0.68,1.72,0.68
2016-04-09,FOODS_1_030,0.0,1.0,1.29,0.68,1.57,0.68
2016-04-10,FOODS_1_030,1.0,0.0,1.29,0.68,1.17,0.68
2016-04-11,FOODS_1_030,0.0,1.0,1.29,0.68,1.45,0.68
2016-04-12,FOODS_1_030,0.0,1.0,1.29,0.68,2.1,0.68
2016-04-13,FOODS_1_030,0.0,1.0,1.29,0.68,1.63,0.68
2016-04-14,FOODS_1_030,3.0,2.0,1.29,0.68,1.89,0.68
2016-04-15,FOODS_1_030,0.0,3.0,1.29,0.68,1.93,0.68
2016-04-16,FOODS_1_030,2.0,1.0,1.29,0.68,1.78,0.68
2016-04-17,FOODS_1_030,0.0,0.0,1.29,0.68,1.38,0.68
2016-04-18,FOODS_1_030,0.0,1.0,1.29,0.68,1.66,0.68
2016-04-19,FOODS_1_030,1.0,1.0,1.29,0.68,2.31,0.68
2016-04-20,FOODS_1_030,1.0,1.0,1.29,0.68,1.84,0.68
2016-04-21,FOODS_1_030,2.0,2.0,1.29,0.68,2.1,0.68
2016-04-22,FOODS_1_030,1.0,3.0,1.29,0.68,2.14,0.68
2016-04-23,FOODS_1_030,1.0,1.0,1.29,0.68,1.99,0.68
2016-04-24,FOODS_1_030,1.0,0.0,1.29,0.68,1.59,0.68
2016-03-28,FOODS_1_031,1.0,0.0,0.43,1.0,0.71,1.0
2016-03-29,FOODS_1_031,2.0,0.0,0.43,1.0,0.45,1.0
2016-03-30,FOODS_1_031,1.0,0.0,0.43,1.0,1.29,1.0
2016-03-31,FOODS_1_031,0.0,0.0,0.43,1.0,1.15,1.0
2016-04-01,FOODS_1_031,0.0,0.0,0.43,1.0,0.46,1.0
2016-04-02,FOODS_1_031,2.0,0.0,0.43,1.0,0.65,1.0
2016-04-03,FOODS_1_031,1.0,3.0,0.43,1.0,0.0,1.0
2016-04-04,FOODS_1_031,1.0,0.0,0.43,1.0,0.6,1.0
2016-04-05,FOODS_1_031,1.0,0.0,0.43,1.0,0.33,1.0
2016-04-06,FOODS_1_031,0.0,0.0,0.43,1.0,1.18,1.0
2016-04-07,FOODS_1_031,0.0,0.0,0.43,1.0,1.04,1.0
2016-04-08,FOODS_1_031,0.0,0.0,0.43,1.0,0.35,1.0
2016-04-09,FOODS_1_031,0.0,0.0,0.43,1.0,0.53,1.0
2016-04-10,FOODS_1_031,1.0,3.0,0.43,1.0,0.0,1.0
2016-04-11,FOODS_1_031,0.0,0.0,0.43,1.0,0.48,1.0
2016-04-12,FOODS_1_031,0.0,0.0,0.43,1.0,0.22,1.0
2016-04-13,FOODS_1_031,1.0,0.0,0.43,1.0,1.06,1.0
2016-04-14,FOODS_1_031,0.0,0.0,0.43,1.0,0.93,1.0
2016-04-15,FOODS_1_031,1.0,0.0,0.43,1.0,0.23,1.0
2016-04-16,FOODS_1_031,0.0,0.0,0.43,1.0,0.42,1.0
2016-04-17,FOODS_1_031,0.0,3.0,0.43,1.0,0.0,1.0
2016-04-18,FOODS_1_031,1.0,0.0,0.43,1.0,0.37,1.0
2016-04-19,FOODS_1_031,0.0,0.0,0.43,1.0,0.1,1.0
2016-04-20,FOODS_1_031,4.0,0.0,0.43,1.0,0.95,1.0
2016-04-21,FOODS_1_031,0.0,0.0,0.43,1.0,0.81,1.0
2016-04-22,FOODS_1_031,0.0,0.0,0.43,1.0,0.12,1.0
2016-04-23,FOODS_1_031,4.0,0.0,0.43,1.0,0.3,1.0
2016-04-24,FOODS_1_031,3.0,3.0,0.43,1.0,0.0,1.0
2016-03-28,FOODS_1_032,0.0,1.0,2.0,2.57,0.74,2.57
2016-03-29,FOODS_1_032,0.0,1.0,2.0,2.57,0.74,2.57
2016-03-30,FOODS_1_032,0.0,1.0,2.0,2.57,0.0,2.57
2016-03-31,FOODS_1_032,0.0,9.0,2.0,2.57,1.42,2.57
2016-04-01,FOODS_1_032,3.0,1.0,2.0,2.57,2.24,2.57
2016-04-02,FOODS_1_032,0.0,0.0,2.0,2.57,3.31,2.57
2016-04-03,FOODS_1_032,6.0,1.0,2.0,2.57,0.15,2.57
2016-04-04,FOODS_1_032,2.0,1.0,2.0,2.57,0.3,2.57
2016-04-05,FOODS_1_032,0.0,1.0,2.0,2.57,0.3,2.57
2016-04-06,FOODS_1_032,0.0,1.0,2.0,2.57,0.0,2.57
2016-04-07,FOODS_1_032,1.0,9.0,2.0,2.57,0.97,2.57
2016-04-08,FOODS_1_032,6.0,1.0,2.0,2.57,1.8,2.57
2016-04-09,FOODS_1_032,4.0,0.0,2.0,2.57,2.87,2.57
2016-04-10,FOODS_1_032,0.0,1.0,2.0,2.57,0.0,2.57
2016-04-11,FOODS_1_032,0.0,1.0,2.0,2.57,0.0,2.57
2016-04-12,FOODS_1_032,0.0,1.0,2.0,2.57,0.0,2.57
2016-04-13,FOODS_1_032,0.0,1.0,2.0,2.57,0.0,2.57
2016-04-14,FOODS_1_032,0.0,9.0,2.0,2.57,0.53,2.57
2016-04-15,FOODS_1_032,0.0,1.0,2.0,2.57,1.36,2.57
2016-04-16,FOODS_1_032,0.0,0.0,2.0,2.57,2.42,2.57
2016-04-17,FOODS_1_032,0.0,1.0,2.0,2.57,0.0,2.57
2016-04-18,FOODS_1_032,2.0,1.0,2.0,2.57,0.0,2.57
2016-04-19,FOODS_1_032,2.0,1.0,2.0,2.57,0.0,2.57
2016-04-20,FOODS_1_032,4.0,1.0,2.0,2.57,0.0,2.57
2016-04-21,FOODS_1_032,2.0,9.0,2.0,2.57,0.09,2.57
2016-04-22,FOODS_1_032,3.0,1.0,2.0,2.57,0.91,2.57
2016-04-23,FOODS_1_032,2.0,0.0,2.0,2.57,1.98,2.57
2016-04-24,FOODS_1_032,3.0,1.0,2.0,2.57,0.0,2.57
2016-03-28,FOODS_1_033,0.0,2.0,1.0,1.0,1.18,1.0
2016-03-29,FOODS_1_033,1.0,0.0,1.0,1.0,0.59,1.0
2016-03-30,FOODS_1_033,1.0,0.0,1.0,1.0,1.58,1.0
2016-03-31,FOODS_1_033,0.0,0.0,1.0,1.0,0.3,1.0
2016-04-01,FOODS_1_033,2.0,3.0,1.0,1.0,1.23,1.0
2016-04-02,FOODS_1_033,1.0,0.0,1.0,1.0,0.41,1.0
2016-04-03,FOODS_1_033,0.0,2.0,1.0,1.0,1.81,1.0
2016-04-04,FOODS_1_033,2.0,2.0,1.0,1.0,1.2,1.0
2016-04-05,FOODS_1_033,0.0,0.0,1.0,1.0,0.6,1.0
2016-04-06,FOODS_1_033,1.0,0.0,1.0,1.0,1.59,1.0
2016-04-07,FOODS_1_033,0.0,0.0,1.0,1.0,0.31,1.0
2016-04-08,FOODS_1_033,0.0,3.0,1.0,1.0,1.24,1.0
2016-04-09,FOODS_1_033,1.0,0.0,1.0,1.0,0.42,1.0
2016-04-10,FOODS_1_033,2.0,2.0,1.0,1.0,1.82,1.0
2016-04-11,FOODS_1_033,0.0,2.0,1.0,1.0,1.21,1.0
2016-04-12,FOODS_1_033,0.0,0.0,1.0,1.0,0.62,1.0
2016-04-13,FOODS_1_033,1.0,0.0,1.0,1.0,1.6,1.0
2016-04-14,FOODS_1_033,1.0,0.0,1.0,1.0,0.33,1.0
2016-04-15,FOODS_1_033,2.0,3.0,1.0,1.0,1.25,1.0
2016-04-16,FOODS_1_033,0.0,0.0,1.0,1.0,0.43,1.0
2016-04-17,FOODS_1_033,0.0,2.0,1.0,1.0,1.83,1.0
2016-04-18,FOODS_1_033,1.0,2.0,1.0,1.0,1.22,1.0
2016-04-19,FOODS_1_033,1.0,0.0,1.0,1.0,0.63,1.0
2016-04-20,FOODS_1_033,2.0,0.0,1.0,1.0,1.61,1.0
2016-04-21,FOODS_1_033,1.0,0.0,1.0,1.0,0.34,1.0
2016-04-22,FOODS_1_033,0.0,3.0,1.0,1.0,1.27,1.0
2016-04-23,FOODS_1_033,2.0,0.0,1.0,1.0,0.44,1.0
2016-04-24,FOODS_1_033,0.0,2.0,1.0,1.0,1.84,1.0
2016-03-28,FOODS_1_034,0.0,0.0,0.57,0.43,0.54,0.43
2016-03-29,FOODS_1_034,0.0,1.0,0.57,0.43,0.65,0.43
2016-03-30,FOODS_1_034,0.0,1.0,0.57,0.43,0.77,0.43
2016-03-31,FOODS_1_034,0.0,0.0,0.57,0.43,0.63,0.43
2016-04-01,FOODS_1_034,0.0,0.0,0.57,0.43,0.73,0.43
2016-04-02,FOODS_1_034,0.0,0.0,0.57,0.43,0.5,0.43
2016-04-03,FOODS_1_034,0.0,2.0,0.57,0.43,0.65,0.43
2016-04-04,FOODS_1_034,2.0,0.0,0.57,0.43,0.62,0.43
2016-04-05,FOODS_1_034,0.0,1.0,0.57,0.43,0.73,0.43
2016-04-06,FOODS_1_034,0.0,1.0,0.57,0.43,0.85,0.43
2016-04-07,FOODS_1_034,0.0,0.0,0.57,0.43,0.71,0.43
2016-04-08,FOODS_1_034,0.0,0.0,0.57,0.43,0.81,0.43
2016-04-09,FOODS_1_034,4.0,0.0,0.57,0.43,0.58,0.43
2016-04-10,FOODS_1_034,0.0,2.0,0.57,0.43,0.73,0.43
2016-04-11,FOODS_1_034,1.0,0.0,0.57,0.43,0.7,0.43
2016-04-12,FOODS_1_034,0.0,1.0,0.57,0.43,0.81,0.43
2016-04-13,FOODS_1_034,0.0,1.0,0.57,0.43,0.93,0.43
2016-04-14,FOODS_1_034,0.0,0.0,0.57,0.43,0.79,0.43
2016-04-15,FOODS_1_034,0.0,0.0,0.57,0.43,0.89,0.43
2016-04-16,FOODS_1_034,0.0,0.0,0.57,0.43,0.66,0.43
2016-04-17,FOODS_1_034,0.0,2.0,0.57,0.43,0.81,0.43
2016-04-18,FOODS_1_034,0.0,0.0,0.57,0.43,0.78,0.43
2016-04-19,FOODS_1_034,0.0,1.0,0.57,0.43,0.89,0.43
2016-04-20,FOODS_1_034,0.0,1.0,0.57,0.43,1.01,0.43
2016-04-21,FOODS_1_034,0.0,0.0,0.57,0.43,0.87,0.43
2016-04-22,FOODS_1_034,0.0,0.0,0.57,0.43,0.97,0.43
2016-04-23,FOODS_1_034,0.0,0.0,0.57,0.43,0.74,0.43
2016-04-24,FOODS_1_034,0.0,2.0,0.57,0.43,0.89,0.43
2016-03-28,FOODS_1_035,2.0,0.0,2.0,1.57,2.4,1.57
2016-03-29,FOODS_1_035,5.0,0.0,2.0,1.57,0.78,1.57
2016-03-30,FOODS_1_035,4.0,10.0,2.0,1.57,3.1,1.57
2016-03-31,FOODS_1_035,0.0,3.0,2.0,1.57,1.7,1.57
2016-04-01,FOODS_1_035,1.0,0.0,2.0,1.57,1.67,1.57
2016-04-02,FOODS_1_035,0.0,0.0,2.0,1.57,1.35,1.57
2016-04-03,FOODS_1_035,2.0,1.0,2.0,1.57,1.45,1.57
2016-04-04,FOODS_1_035,0.0,0.0,2.0,1.57,2.44,1.57
2016-04-05,FOODS_1_035,0.0,0.0,2.0,1.57,0.83,1.57
2016-04-06,FOODS_1_035,0.0,10.0,2.0,1.57,3.14,1.57
2016-04-07,FOODS_1_035,1.0,3.0,2.0,1.57,1.74,1.57
2016-04-08,FOODS_1_035,0.0,0.0,2.0,1.57,1.72,1.57
2016-04-09,FOODS_1_035,0.0,0.0,2.0,1.57,1.39,1.57
2016-04-10,FOODS_1_035,0.0,1.0,2.0,1.57,1.49,1.57
2016-04-11,FOODS_1_035,1.0,0.0,2.0,1.57,2.48,1.57
2016-04-12,FOODS_1_035,2.0,0.0,2.0,1.57,0.87,1.57
2016-04-13,FOODS_1_035,1.0,10.0,2.0,1.57,3.18,1.57
2016-04-14,FOODS_1_035,1.0,3.0,2.0,1.57,1.78,1.57
2016-04-15,FOODS_1_035,1.0,0.0,2.0,1.57,1.76,1.57
2016-04-16,FOODS_1_035,0.0,0.0,2.0,1.57,1.43,1.57
2016-04-17,FOODS_1_035,2.0,1.0,2.0,1.57,1.53,1.57
2016-04-18,FOODS_1_035,0.0,0.0,2.0,1.57,2.52,1.57
2016-04-19,FOODS_1_035,2.0,0.0,2.0,1.57,0.91,1.57
2016-04-20,FOODS_1_035,1.0,10.0,2.0,1.57,3.23,1.57
2016-04-21,FOODS_1_035,1.0,3.0,2.0,1.57,1.82,1.57
2016-04-22,FOODS_1_035,0.0,0.0,2.0,1.57,1.8,1.57
2016-04-23,FOODS_1_035,12.0,0.0,2.0,1.57,1.47,1.57
2016-04-24,FOODS_1_035,4.0,1.0,2.0,1.57,1.57,1.57
2016-03-28,FOODS_1_036,0.0,2.0,3.57,2.79,3.41,2.79
2016-03-29,FOODS_1_036,0.0,1.0,3.57,2.79,2.67,2.79
2016-03-30,FOODS_1_036,1.0,3.0,3.57,2.79,3.26,2.79
2016-03-31,FOODS_1_036,0.0,4.0,3.57,2.79,4.09,2.79
2016-04-01,FOODS_1_036,1.0,4.0,3.57,2.79,5.01,2.79
2016-04-02,FOODS_1_036,4.0,6.0,3.57,2.79,5.66,2.79
2016-04-03,FOODS_1_036,2.0,5.0,3.57,2.79,5.83,2.79
2016-04-04,FOODS_1_036,1.0,2.0,3.57,2.79,3.97,2.79
2016-04-05,FOODS_1_036,2.0,1.0,3.57,2.79,3.23,2.79
2016-04-06,FOODS_1_036,1.0,3.0,3.57,2.79,3.82,2.79
2016-04-07,FOODS_1_036,3.0,4.0,3.57,2.79,4.66,2.79
2016-04-08,FOODS_1_036,3.0,4.0,3.57,2.79,5.58,2.79
2016-04-09,FOODS_1_036,0.0,6.0,3.57,2.79,6.23,2.79
2016-04-10,FOODS_1_036,2.0,5.0,3.57,2.79,6.4,2.79
2016-04-11,FOODS_1_036,2.0,2.0,3.57,2.79,4.54,2.79
2016-04-12,FOODS_1_036,1.0,1.0,3.57,2.79,3.8,2.79
2016-04-13,FOODS_1_036,1.0,3.0,3.57,2.79,4.39,2.79
2016-04-14,FOODS_1_036,3.0,4.0,3.57,2.79,5.22,2.79
2016-04-15,FOODS_1_036,4.0,4.0,3.57,2.79,6.14,2.79
2016-04-16,FOODS_1_036,4.0,6.0,3.57,2.79,6.79,2.79
2016-04-17,FOODS_1_036,0.0,5.0,3.57,2.79,6.96,2.79
2016-04-18,FOODS_1_036,2.0,2.0,3.57,2.79,5.1,2.79
2016-04-19,FOODS_1_036,4.0,1.0,3.57,2.79,4.36,2.79
2016-04-20,FOODS_1_036,3.0,3.0,3.57,2.79,4.96,2.79
2016-04-21,FOODS_1_036,5.0,4.0,3.57,2.79,5.79,2.79
2016-04-22,FOODS_1_036,3.0,4.0,3.57,2.79,6.71,2.79
2016-04-23,FOODS_1_036,6.0,6.0,3.57,2.79,7.36,2.79
2016-04-24,FOODS_1_036,3.0,5.0,3.57,2.79,7.53,2.79
2016-03-28,FOODS_1_037,0.0,0.0,5.29,2.43,5.71,2.43
2016-03-29,FOODS_1_037,0.0,4.0,5.29,2.43,7.03,2.43
2016-03-30,FOODS_1_037,2.0,1.0,5.29,2.43,6.2,2.43
2016-03-31,FOODS_1_037,1.0,3.0,5.29,2.43,6.68,2.43
2016-04-01,FOODS_1_037,2.0,7.0,5.29,2.43,7.5,2.43
2016-04-02,FOODS_1_037,6.0,16.0,5.29,2.43,10.21,2.43
2016-04-03,FOODS_1_037,0.0,6.0,5.29,2.43,7.81,2.43
2016-04-04,FOODS_1_037,0.0,0.0,5.29,2.43,7.18,2.43
2016-04-05,FOODS_1_037,4.0,4.0,5.29,2.43,8.5,2.43
2016-04-06,FOODS_1_037,1.0,1.0,5.29,2.43,7.68,2.43
2016-04-07,FOODS_1_037,0.0,3.0,5.29,2.43,8.15,2.43
2016-04-08,FOODS_1_037,2.0,7.0,5.29,2.43,8.98,2.43
2016-04-09,FOODS_1_037,3.0,16.0,5.29,2.43,11.69,2.43
2016-04-10,FOODS_1_037,3.0,6.0,5.29,2.43,9.28,2.43
2016-04-11,FOODS_1_037,0.0,0.0,5.29,2.43,8.66,2.43
2016-04-12,FOODS_1_037,3.0,4.0,5.29,2.43,9.98,2.43
2016-04-13,FOODS_1_037,0.0,1.0,5.29,2.43,9.15,2.43
2016-04-14,FOODS_1_037,2.0,3.0,5.29,2.43,9.63,2.43
2016-04-15,FOODS_1_037,7.0,7.0,5.29,2.43,10.45,2.43
2016-04-16,FOODS_1_037,4.0,16.0,5.29,2.43,13.16,2.43
2016-04-17,FOODS_1_037,2.0,6.0,5.29,2.43,10.76,2.43
2016-04-18,FOODS_1_037,0.0,0.0,5.29,2.43,10.13,2.43
2016-04-19,FOODS_1_037,3.0,4.0,5.29,2.43,11.45,2.43
2016-04-20,FOODS_1_037,1.0,1.0,5.29,2.43,10.63,2.43
2016-04-21,FOODS_1_037,2.0,3.0,5.29,2.43,11.1,2.43
2016-04-22,FOODS_1_037,2.0,7.0,5.29,2.43,11.93,2.43
2016-04-23,FOODS_1_037,2.0,16.0,5.29,2.43,14.64,2.43
2016-04-24,FOODS_1_037,1.0,6.0,5.29,2.43,12.23,2.43
2016-03-28,FOODS_1_038,0.0,0.0,0.57,0.21,0.71,0.21
2016-03-29,FOODS_1_038,0.0,1.0,0.57,0.21,0.97,0.21
2016-03-30,FOODS_1_038,0.0,0.0,0.57,0.21,0.45,0.21
2016-03-31,FOODS_1_038,0.0,0.0,0.57,0.21,0.45,0.21
2016-04-01,FOODS_1_038,0.0,1.0,0.57,0.21,0.87,0.21
2016-04-02,FOODS_1_038,0.0,2.0,0.57,0.21,0.94,0.21
2016-04-03,FOODS_1_038,0.0,0.0,0.57,0.21,0.63,0.21
2016-04-04,FOODS_1_038,2.0,0.0,0.57,0.21,0.82,0.21
2016-04-05,FOODS_1_038,0.0,1.0,0.57,0.21,1.07,0.21
2016-04-06,FOODS_1_038,2.0,0.0,0.57,0.21,0.56,0.21
2016-04-07,FOODS_1_038,0.0,0.0,0.57,0.21,0.55,0.21
2016-04-08,FOODS_1_038,1.0,1.0,0.57,0.21,0.98,0.21
2016-04-09,FOODS_1_038,1.0,2.0,0.57,0.21,1.05,0.21
2016-04-10,FOODS_1_038,0.0,0.0,0.57,0.21,0.74,0.21
2016-04-11,FOODS_1_038,1.0,0.0,0.57,0.21,0.92,0.21
2016-04-12,FOODS_1_038,0.0,1.0,0.57,0.21,1.18,0.21
2016-04-13,FOODS_1_038,1.0,0.0,0.57,0.21,0.67,0.21
2016-04-14,FOODS_1_038,2.0,0.0,0.57,0.21,0.66,0.21
2016-04-15,FOODS_1_038,1.0,1.0,0.57,0.21,1.09,0.21
2016-04-16,FOODS_1_038,0.0,2.0,0.57,0.21,1.16,0.21
2016-04-17,FOODS_1_038,1.0,0.0,0.57,0.21,0.85,0.21
2016-04-18,FOODS_1_038,1.0,0.0,0.57,0.21,1.03,0.21
2016-04-19,FOODS_1_038,0.0,1.0,0.57,0.21,1.29,0.21
2016-04-20,FOODS_1_038,0.0,0.0,0.57,0.21,0.78,0.21
2016-04-21,FOODS_1_038,0.0,0.0,0.57,0.21,0.77,0.21
2016-04-22,FOODS_1_038,0.0,1.0,0.57,0.21,1.2,0.21
2016-04-23,FOODS_1_038,0.0,2.0,0.57,0.21,1.26,0.21
2016-04-24,FOODS_1_038,1.0,0.0,0.57,0.21,0.96,0.21
2016-03-28,FOODS_1_039,0.0,1.0,0.43,0.68,0.17,0.68
2016-03-29,FOODS_1_039,1.0,0.0,0.43,0.68,0.11,0.68
2016-03-30,FOODS_1_039,0.0,0.0,0.43,0.68,0.28,0.68
2016-03-31,FOODS_1_039,1.0,1.0,0.43,0.68,0.63,0.68
2016-04-01,FOODS_1_039,0.0,0.0,0.43,0.68,0.07,0.68
2016-04-02,FOODS_1_039,2.0,0.0,0.43,0.68,0.22,0.68
2016-04-03,FOODS_1_039,1.0,1.0,0.43,0.68,0.79,0.68
2016-04-04,FOODS_1_039,0.0,1.0,0.43,0.68,0.08,0.68
2016-04-05,FOODS_1_039,2.0,0.0,0.43,0.68,0.01,0.68
2016-04-06,FOODS_1_039,0.0,0.0,0.43,0.68,0.18,0.68
2016-04-07,FOODS_1_039,0.0,1.0,0.43,0.68,0.54,0.68
2016-04-08,FOODS_1_039,0.0,0.0,0.43,0.68,0.0,0.68
2016-04-09,FOODS_1_039,2.0,0.0,0.43,0.68,0.13,0.68
2016-04-10,FOODS_1_039,1.0,1.0,0.43,0.68,0.7,0.68
2016-04-11,FOODS_1_039,0.0,1.0,0.43,0.68,0.0,0.68
2016-04-12,FOODS_1_039,1.0,0.0,0.43,0.68,0.0,0.68
2016-04-13,FOODS_1_039,1.0,0.0,0.43,0.68,0.09,0.68
2016-04-14,FOODS_1_039,0.0,1.0,0.43,0.68,0.44,0.68
2016-04-15,FOODS_1_039,1.0,0.0,0.43,0.68,0.0,0.68
2016-04-16,FOODS_1_039,0.0,0.0,0.43,0.68,0.03,0.68
2016-04-17,FOODS_1_039,2.0,1.0,0.43,0.68,0.6,0.68
2016-04-18,FOODS_1_039,0.0,1.0,0.43,0.68,0.0,0.68
2016-04-19,FOODS_1_039,0.0,0.0,0.43,0.68,0.0,0.68
2016-04-20,FOODS_1_039,1.0,0.0,0.43,0.68,0.0,0.68
2016-04-21,FOODS_1_039,1.0,1.0,0.43,0.68,0.35,0.68
2016-04-22,FOODS_1_039,0.0,0.0,0.43,0.68,0.0,0.68
2016-04-23,FOODS_1_039,1.0,0.0,0.43,0.68,0.0,0.68
2016-04-24,FOODS_1_039,0.0,1.0,0.43,0.68,0.51,0.68
2016-03-28,FOODS_1_040,0.0,7.0,5.43,3.36,4.32,3.36
2016-03-29,FOODS_1_040,1.0,7.0,5.43,3.36,4.78,3.36
2016-03-30,FOODS_1_040,0.0,0.0,5.43,3.36,3.62,3.36
2016-03-31,FOODS_1_040,7.0,10.0,5.43,3.36,6.74,3.36
2016-04-01,FOODS_1_040,3.0,9.0,5.43,3.36,5.76,3.36
2016-04-02,FOODS_1_040,2.0,4.0,5.43,3.36,6.53,3.36
2016-04-03,FOODS_1_040,3.0,1.0,5.43,3.36,5.34,3.36
2016-04-04,FOODS_1_040,3.0,7.0,5.43,3.36,4.9,3.36
2016-04-05,FOODS_1_040,9.0,7.0,5.43,3.36,5.36,3.36
2016-04-06,FOODS_1_040,1.0,0.0,5.43,3.36,4.19,3.36
2016-04-07,FOODS_1_040,3.0,10.0,5.43,3.36,7.31,3.36
2016-04-08,FOODS_1_040,1.0,9.0,5.43,3.36,6.33,3.36
2016-04-09,FOODS_1_040,6.0,4.0,5.43,3.36,7.1,3.36
2016-04-10,FOODS_1_040,5.0,1.0,5.43,3.36,5.92,3.36
2016-04-11,FOODS_1_040,0.0,7.0,5.43,3.36,5.47,3.36
2016-04-12,FOODS_1_040,0.0,7.0,5.43,3.36,5.93,3.36
2016-04-13,FOODS_1_040,2.0,0.0,5.43,3.36,4.77,3.36
2016-04-14,FOODS_1_040,0.0,10.0,5.43,3.36,7.89,3.36
2016-04-15,FOODS_1_040,0.0,9.0,5.43,3.36,6.91,3.36
2016-04-16,FOODS_1_040,0.0,4.0,5.43,3.36,7.68,3.36
2016-04-17,FOODS_1_040,0.0,1.0,5.43,3.36,6.49,3.36
2016-04-18,FOODS_1_040,2.0,7.0,5.43,3.36,6.05,3.36
2016-04-19,FOODS_1_040,4.0,7.0,5.43,3.36,6.51,3.36
2016-04-20,FOODS_1_040,7.0,0.0,5.43,3.36,5.35,3.36
2016-04-21,FOODS_1_040,3.0,10.0,5.43,3.36,8.47,3.36
2016-04-22,FOODS_1_040,5.0,9.0,5.43,3.36,7.49,3.36
2016-04-23,FOODS_1_040,4.0,4.0,5.43,3.36,8.26,3.36
2016-04-24,FOODS_1_040,1.0,1.0,5.43,3.36,7.07,3.36
2016-03-28,FOODS_1_041,0.0,3.0,1.71,1.21,1.55,1.21
2016-03-29,FOODS_1_041,0.0,0.0,1.71,1.21,1.15,1.21
2016-03-30,FOODS_1_041,3.0,2.0,1.71,1.21,1.29,1.21
2016-03-31,FOODS_1_041,0.0,3.0,1.71,1.21,1.76,1.21
2016-04-01,FOODS_1_041,0.0,0.0,1.71,1.21,1.14,1.21
2016-04-02,FOODS_1_041,0.0,2.0,1.71,1.21,2.44,1.21
2016-04-03,FOODS_1_041,0.0,2.0,1.71,1.21,1.79,1.21
2016-04-04,FOODS_1_041,1.0,3.0,1.71,1.21,1.67,1.21
2016-04-05,FOODS_1_041,5.0,0.0,1.71,1.21,1.27,1.21
2016-04-06,FOODS_1_041,0.0,2.0,1.71,1.21,1.4,1.21
2016-04-07,FOODS_1_041,0.0,3.0,1.71,1.21,1.88,1.21
2016-04-08,FOODS_1_041,1.0,0.0,1.71,1.21,1.26,1.21
2016-04-09,FOODS_1_041,4.0,2.0,1.71,1.21,2.56,1.21
2016-04-10,FOODS_1_041,0.0,2.0,1.71,1.21,1.9,1.21
2016-04-11,FOODS_1_041,1.0,3.0,1.71,1.21,1.79,1.21
2016-04-12,FOODS_1_041,0.0,0.0,1.71,1.21,1.39,1.21
2016-04-13,FOODS_1_041,1.0,2.0,1.71,1.21,1.52,1.21
2016-04-14,FOODS_1_041,2.0,3.0,1.71,1.21,2.0,1.21
2016-04-15,FOODS_1_041,0.0,0.0,1.71,1.21,1.38,1.21
2016-04-16,FOODS_1_041,1.0,2.0,1.71,1.21,2.68,1.21
2016-04-17,FOODS_1_041,1.0,2.0,1.71,1.21,2.02,1.21
2016-04-18,FOODS_1_041,1.0,3.0,1.71,1.21,1.91,1.21
2016-04-19,FOODS_1_041,0.0,0.0,1.71,1.21,1.51,1.21
2016-04-20,FOODS_1_041,1.0,2.0,1.71,1.21,1.64,1.21
2016-04-21,FOODS_1_041,3.0,3.0,1.71,1.21,2.12,1.21
2016-04-22,FOODS_1_041,3.0,0.0,1.71,1.21,1.5,1.21
2016-04-23,FOODS_1_041,0.0,2.0,1.71,1.21,2.79,1.21
2016-04-24,FOODS_1_041,0.0,2.0,1.71,1.21,2.14,1.21
2016-03-28,FOODS_1_042,1.0,8.0,4.0,3.96,4.09,3.96
2016-03-29,FOODS_1_042,2.0,4.0,4.0,3.96,2.31,3.96
2016-03-30,FOODS_1_042,5.0,8.0,4.0,3.96,3.05,3.96
2016-03-31,FOODS_1_042,2.0,2.0,4.0,3.96,4.26,3.96
2016-04-01,FOODS_1_042,0.0,0.0,4.0,3.96,2.55,3.96
2016-04-02,FOODS_1_042,2.0,1.0,4.0,3.96,3.6,3.96
2016-04-03,FOODS_1_042,7.0,5.0,4.0,3.96,2.12,3.96
2016-04-04,FOODS_1_042,4.0,8.0,4.0,3.96,3.91,3.96
2016-04-05,FOODS_1_042,5.0,4.0,4.0,3.96,2.13,3.96
2016-04-06,FOODS_1_042,4.0,8.0,4.0,3.96,2.87,3.96
2016-04-07,FOODS_1_042,0.0,2.0,4.0,3.96,4.08,3.96
2016-04-08,FOODS_1_042,4.0,0.0,4.0,3.96,2.37,3.96
2016-04-09,FOODS_1_042,1.0,1.0,4.0,3.96,3.42,3.96
2016-04-10,FOODS_1_042,3.0,5.0,4.0,3.96,1.94,3.96
2016-04-11,FOODS_1_042,4.0,8.0,4.0,3.96,3.73,3.96
2016-04-12,FOODS_1_042,4.0,4.0,4.0,3.96,1.95,3.96
2016-04-13,FOODS_1_042,2.0,8.0,4.0,3.96,2.7,3.96
2016-04-14,FOODS_1_042,3.0,2.0,4.0,3.96,3.91,3.96
2016-04-15,FOODS_1_042,5.0,0.0,4.0,3.96,2.19,3.96
2016-04-16,FOODS_1_042,3.0,1.0,4.0,3.96,3.24,3.96
2016-04-17,FOODS_1_042,7.0,5.0,4.0,3.96,1.76,3.96
2016-04-18,FOODS_1_042,4.0,8.0,4.0,3.96,3.56,3.96
2016-04-19,FOODS_1_042,2.0,4.0,4.0,3.96,1.78,3.96
2016-04-20,FOODS_1_042,0.0,8.0,4.0,3.96,2.52,3.96
2016-04-21,FOODS_1_042,5.0,2.0,4.0,3.96,3.73,3.96
2016-04-22,FOODS_1_042,2.0,0.0,4.0,3.96,2.01,3.96
2016-04-23,FOODS_1_042,11.0,1.0,4.0,3.96,3.07,3.96
2016-04-24,FOODS_1_042,4.0,5.0,4.0,3.96,1.58,3.96
2016-03-28,FOODS_1_043,0.0,0.0,0.0,0.0,0.0,0.0
2016-03-29,FOODS_1_043,0.0,0.0,0.0,0.0,0.0,0.0
2016-03-30,FOODS_1_043,0.0,0.0,0.0,0.0,0.0,0.0
2016-03-31,FOODS_1_043,0.0,0.0,0.0,0.0,0.0,0.0
2016-04-01,FOODS_1_043,0.0,0.0,0.0,0.0,0.0,0.0
2016-04-02,FOODS_1_043,0.0,0.0,0.0,0.0,0.0,0.0
2016-04-03,FOODS_1_043,0.0,0.0,0.0,0.0,0.0,0.0
2016-04-04,FOODS_1_043,0.0,0.0,0.0,0.0,0.0,0.0
2016-04-05,FOODS_1_043,0.0,0.0,0.0,0.0,0.0,0.0
2016-04-06,FOODS_1_043,0.0,0.0,0.0,0.0,0.0,0.0
2016-04-07,FOODS_1_043,0.0,0.0,0.0,0.0,0.0,0.0
2016-04-08,FOODS_1_043,0.0,0.0,0.0,0.0,0.0,0.0
2016-04-09,FOODS_1_043,0.0,0.0,0.0,0.0,0.0,0.0
2016-04-10,FOODS_1_043,0.0,0.0,0.0,0.0,0.0,0.0
2016-04-11,FOODS_1_043,0.0,0.0,0.0,0.0,0.0,0.0
2016-04-12,FOODS_1_043,0.0,0.0,0.0,0.0,0.0,0.0
2016-04-13,FOODS_1_043,0.0,0.0,0.0,0.0,0.0,0.0
2016-04-14,FOODS_1_043,0.0,0.0,0.0,0.0,0.0,0.0
2016-04-15,FOODS_1_043,0.0,0.0,0.0,0.0,0.0,0.0
2016-04-16,FOODS_1_043,0.0,0.0,0.0,0.0,0.0,0.0
2016-04-17,FOODS_1_043,0.0,0.0,0.0,0.0,0.0,0.0
2016-04-18,FOODS_1_043,0.0,0.0,0.0,0.0,0.0,0.0
2016-04-19,FOODS_1_043,0.0,0.0,0.0,0.0,0.0,0.0
2016-04-20,FOODS_1_043,0.0,0.0,0.0,0.0,0.0,0.0
2016-04-21,FOODS_1_043,0.0,0.0,0.0,0.0,0.0,0.0
2016-04-22,FOODS_1_043,0.0,0.0,0.0,0.0,0.0,0.0
2016-04-23,FOODS_1_043,0.0,0.0,0.0,0.0,0.0,0.0
2016-04-24,FOODS_1_043,0.0,0.0,0.0,0.0,0.0,0.0
2016-03-28,FOODS_1_044,0.0,0.0,0.0,0.0,0.08,0.0
2016-03-29,FOODS_1_044,0.0,0.0,0.0,0.0,0.04,0.0
2016-03-30,FOODS_1_044,0.0,0.0,0.0,0.0,0.0,0.0
2016-03-31,FOODS_1_044,0.0,0.0,0.0,0.0,0.0,0.0
2016-04-01,FOODS_1_044,0.0,0.0,0.0,0.0,0.0,0.0
2016-04-02,FOODS_1_044,0.0,0.0,0.0,0.0,0.0,0.0
2016-04-03,FOODS_1_044,0.0,0.0,0.0,0.0,0.0,0.0
2016-04-04,FOODS_1_044,0.0,0.0,0.0,0.0,0.04,0.0
2016-04-05,FOODS_1_044,0.0,0.0,0.0,0.0,0.0,0.0
2016-04-06,FOODS_1_044,0.0,0.0,0.0,0.0,0.0,0.0
2016-04-07,FOODS_1_044,0.0,0.0,0.0,0.0,0.0,0.0
2016-04-08,FOODS_1_044,0.0,0.0,0.0,0.0,0.0,0.0
2016-04-09,FOODS_1_044,0.0,0.0,0.0,0.0,0.0,0.0
2016-04-10,FOODS_1_044,0.0,0.0,0.0,0.0,0.0,0.0
2016-04-11,FOODS_1_044,0.0,0.0,0.0,0.0,0.01,0.0
2016-04-12,FOODS_1_044,0.0,0.0,0.0,0.0,0.0,0.0
2016-04-13,FOODS_1_044,0.0,0.0,0.0,0.0,0.0,0.0
2016-04-14,FOODS_1_044,1.0,0.0,0.0,0.0,0.0,0.0
2016-04-15,FOODS_1_044,0.0,0.0,0.0,0.0,0.0,0.0
2016-04-16,FOODS_1_044,2.0,0.0,0.0,0.0,0.0,0.0
2016-04-17,FOODS_1_044,6.0,0.0,0.0,0.0,0.0,0.0
2016-04-18,FOODS_1_044,1.0,0.0,0.0,0.0,0.0,0.0
2016-04-19,FOODS_1_044,4.0,0.0,0.0,0.0,0.0,0.0
2016-04-20,FOODS_1_044,0.0,0.0,0.0,0.0,0.0,0.0
2016-04-21,FOODS_1_044,1.0,0.0,0.0,0.0,0.0,0.0
2016-04-22,FOODS_1_044,3.0,0.0,0.0,0.0,0.0,0.0
2016-04-23,FOODS_1_044,0.0,0.0,0.0,0.0,0.0,0.0
2016-04-24,FOODS_1_044,2.0,0.0,0.0,0.0,0.0,0.0
2016-03-28,FOODS_1_045,0.0,2.0,1.57,3.11,0.87,3.11
2016-03-29,FOODS_1_045,0.0,6.0,1.57,3.11,0.87,3.11
2016-03-30,FOODS_1_045,0.0,2.0,1.57,3.11,0.3,3.11
2016-03-31,FOODS_1_045,0.0,0.0,1.57,3.11,0.0,3.11
2016-04-01,FOODS_1_045,1.0,1.0,1.57,3.11,1.13,3.11
2016-04-02,FOODS_1_045,0.0,0.0,1.57,3.11,1.52,3.11
2016-04-03,FOODS_1_045,0.0,0.0,1.57,3.11,0.92,3.11
2016-04-04,FOODS_1_045,0.0,2.0,1.57,3.11,0.18,3.11
2016-04-05,FOODS_1_045,0.0,6.0,1.57,3.11,0.18,3.11
2016-04-06,FOODS_1_045,0.0,2.0,1.57,3.11,0.0,3.11
2016-04-07,FOODS_1_045,0.0,0.0,1.57,3.11,0.0,3.11
2016-04-08,FOODS_1_045,0.0,1.0,1.57,3.11,0.44,3.11
2016-04-09,FOODS_1_045,0.0,0.0,1.57,3.11,0.84,3.11
2016-04-10,FOODS_1_045,0.0,0.0,1.57,3.11,0.23,3.11
2016-04-11,FOODS_1_045,0.0,2.0,1.57,3.11,0.0,3.11
2016-04-12,FOODS_1_045,0.0,6.0,1.57,3.11,0.0,3.11
2016-04-13,FOODS_1_045,0.0,2.0,1.57,3.11,0.0,3.11
2016-04-14,FOODS_1_045,0.0,0.0,1.57,3.11,0.0,3.11
2016-04-15,FOODS_1_045,0.0,1.0,1.57,3.11,0.0,3.11
2016-04-16,FOODS_1_045,0.0,0.0,1.57,3.11,0.15,3.11
2016-04-17,FOODS_1_045,0.0,0.0,1.57,3.11,0.0,3.11
2016-04-18,FOODS_1_045,2.0,2.0,1.57,3.11,0.0,3.11
2016-04-19,FOODS_1_045,5.0,6.0,1.57,3.11,0.0,3.11
2016-04-20,FOODS_1_045,2.0,2.0,1.57,3.11,0.0,3.11
2016-04-21,FOODS_1_045,9.0,0.0,1.57,3.11,0.0,3.11
2016-04-22,FOODS_1_045,6.0,1.0,1.57,3.11,0.0,3.11
2016-04-23,FOODS_1_045,3.0,0.0,1.57,3.11,0.0,3.11
2016-04-24,FOODS_1_045,4.0,0.0,1.57,3.11,0.0,3.11
2016-03-28,FOODS_1_046,4.0,4.0,12.29,8.61,12.81,8.61
2016-03-29,FOODS_1_046,3.0,13.0,12.29,8.61,13.1,8.61
2016-03-30,FOODS_1_046,2.0,9.0,12.29,8.61,12.2,8.61
2016-03-31,FOODS_1_046,28.0,7.0,12.29,8.61,13.49,8.61
2016-04-01,FOODS_1_046,13.0,13.0,12.29,8.61,15.25,8.61
2016-04-02,FOODS_1_046,15.0,21.0,12.29,8.61,19.83,8.61
2016-04-03,FOODS_1_046,15.0,19.0,12.29,8.61,15.31,8.61
2016-04-04,FOODS_1_046,9.0,4.0,12.29,8.61,14.69,8.61
2016-04-05,FOODS_1_046,6.0,13.0,12.29,8.61,14.98,8.61
2016-04-06,FOODS_1_046,4.0,9.0,12.29,8.61,14.08,8.61
2016-04-07,FOODS_1_046,6.0,7.0,12.29,8.61,15.37,8.61
2016-04-08,FOODS_1_046,4.0,13.0,12.29,8.61,17.12,8.61
2016-04-09,FOODS_1_046,16.0,21.0,12.29,8.61,21.71,8.61
2016-04-10,FOODS_1_046,13.0,19.0,12.29,8.61,17.19,8.61
2016-04-11,FOODS_1_046,8.0,4.0,12.29,8.61,16.56,8.61
2016-04-12,FOODS_1_046,1.0,13.0,12.29,8.61,16.86,8.61
2016-04-13,FOODS_1_046,3.0,9.0,12.29,8.61,15.96,8.61
2016-04-14,FOODS_1_046,2.0,7.0,12.29,8.61,17.24,8.61
2016-04-15,FOODS_1_046,0.0,13.0,12.29,8.61,19.0,8.61
2016-04-16,FOODS_1_046,7.0,21.0,12.29,8.61,23.58,8.61
2016-04-17,FOODS_1_046,6.0,19.0,12.29,8.61,19.06,8.61
2016-04-18,FOODS_1_046,13.0,4.0,12.29,8.61,18.44,8.61
2016-04-19,FOODS_1_046,13.0,13.0,12.29,8.61,18.73,8.61
2016-04-20,FOODS_1_046,6.0,9.0,12.29,8.61,17.83,8.61
2016-04-21,FOODS_1_046,9.0,7.0,12.29,8.61,19.12,8.61
2016-04-22,FOODS_1_046,7.0,13.0,12.29,8.61,20.88,8.61
2016-04-23,FOODS_1_046,10.0,21.0,12.29,8.61,25.46,8.61
2016-04-24,FOODS_1_046,9.0,19.0,12.29,8.61,20.94,8.61
2016-03-28,FOODS_1_047,2.0,0.0,0.57,0.57,0.98,0.57
2016-03-29,FOODS_1_047,0.0,0.0,0.57,0.57,0.94,0.57
2016-03-30,FOODS_1_047,2.0,0.0,0.57,0.57,0.93,0.57
2016-03-31,FOODS_1_047,0.0,0.0,0.57,0.57,1.04,0.57
2016-04-01,FOODS_1_047,0.0,1.0,0.57,0.57,1.2,0.57
2016-04-02,FOODS_1_047,0.0,1.0,0.57,0.57,0.52,0.57
2016-04-03,FOODS_1_047,1.0,2.0,0.57,0.57,0.48,0.57
2016-04-04,FOODS_1_047,0.0,0.0,0.57,0.57,1.03,0.57
2016-04-05,FOODS_1_047,3.0,0.0,0.57,0.57,0.99,0.57
2016-04-06,FOODS_1_047,0.0,0.0,0.57,0.57,0.97,0.57
2016-04-07,FOODS_1_047,0.0,0.0,0.57,0.57,1.08,0.57
2016-04-08,FOODS_1_047,2.0,1.0,0.57,0.57,1.24,0.57
2016-04-09,FOODS_1_047,0.0,1.0,0.57,0.57,0.56,0.57
2016-04-10,FOODS_1_047,1.0,2.0,0.57,0.57,0.52,0.57
2016-04-11,FOODS_1_047,0.0,0.0,0.57,0.57,1.07,0.57
2016-04-12,FOODS_1_047,1.0,0.0,0.57,0.57,1.03,0.57
2016-04-13,FOODS_1_047,0.0,0.0,0.57,0.57,1.02,0.57
2016-04-14,FOODS_1_047,2.0,0.0,0.57,0.57,1.13,0.57
2016-04-15,FOODS_1_047,3.0,1.0,0.57,0.57,1.29,0.57
2016-04-16,FOODS_1_047,0.0,1.0,0.57,0.57,0.61,0.57
2016-04-17,FOODS_1_047,1.0,2.0,0.57,0.57,0.57,0.57
2016-04-18,FOODS_1_047,2.0,0.0,0.57,0.57,1.12,0.57
2016-04-19,FOODS_1_047,1.0,0.0,0.57,0.57,1.08,0.57
2016-04-20,FOODS_1_047,2.0,0.0,0.57,0.57,1.06,0.57
2016-04-21,FOODS_1_047,0.0,0.0,0.57,0.57,1.17,0.57
2016-04-22,FOODS_1_047,0.0,1.0,0.57,0.57,1.33,0.57
2016-04-23,FOODS_1_047,1.0,1.0,0.57,0.57,0.65,0.57
2016-04-24,FOODS_1_047,0.0,2.0,0.57,0.57,0.61,0.57
2016-03-28,FOODS_1_048,0.0,0.0,0.71,0.5,0.11,0.5
2016-03-29,FOODS_1_048,0.0,3.0,0.71,0.5,0.55,0.5
2016-03-30,FOODS_1_048,0.0,0.0,0.71,0.5,0.0,0.5
2016-03-31,FOODS_1_048,0.0,1.0,0.71,0.5,0.32,0.5
2016-04-01,FOODS_1_048,3.0,1.0,0.71,0.5,0.3,0.5
2016-04-02,FOODS_1_048,0.0,0.0,0.71,0.5,0.14,0.5
2016-04-03,FOODS_1_048,3.0,0.0,0.71,0.5,1.38,0.5
2016-04-04,FOODS_1_048,0.0,0.0,0.71,0.5,0.05,0.5
2016-04-05,FOODS_1_048,2.0,3.0,0.71,0.5,0.5,0.5
2016-04-06,FOODS_1_048,0.0,0.0,0.71,0.5,0.0,0.5
2016-04-07,FOODS_1_048,0.0,1.0,0.71,0.5,0.27,0.5
2016-04-08,FOODS_1_048,0.0,1.0,0.71,0.5,0.24,0.5
2016-04-09,FOODS_1_048,2.0,0.0,0.71,0.5,0.09,0.5
2016-04-10,FOODS_1_048,1.0,0.0,0.71,0.5,1.33,0.5
2016-04-11,FOODS_1_048,1.0,0.0,0.71,0.5,0.0,0.5
2016-04-12,FOODS_1_048,0.0,3.0,0.71,0.5,0.45,0.5
2016-04-13,FOODS_1_048,0.0,0.0,0.71,0.5,0.0,0.5
2016-04-14,FOODS_1_048,2.0,1.0,0.71,0.5,0.22,0.5
2016-04-15,FOODS_1_048,0.0,1.0,0.71,0.5,0.19,0.5
2016-04-16,FOODS_1_048,0.0,0.0,0.71,0.5,0.04,0.5
2016-04-17,FOODS_1_048,1.0,0.0,0.71,0.5,1.28,0.5
2016-04-18,FOODS_1_048,1.0,0.0,0.71,0.5,0.0,0.5
2016-04-19,FOODS_1_048,0.0,3.0,0.71,0.5,0.4,0.5
2016-04-20,FOODS_1_048,1.0,0.0,0.71,0.5,0.0,0.5
2016-04-21,FOODS_1_048,0.0,1.0,0.71,0.5,0.17,0.5
2016-04-22,FOODS_1_048,0.0,1.0,0.71,0.5,0.14,0.5
2016-04-23,FOODS_1_048,3.0,0.0,0.71,0.5,0.0,0.5
2016-04-24,FOODS_1_048,1.0,0.0,0.71,0.5,1.23,0.5
2016-03-28,FOODS_1_049,2.0,0.0,0.71,0.71,0.12,0.71
2016-03-29,FOODS_1_049,0.0,0.0,0.71,0.71,0.19,0.71
2016-03-30,FOODS_1_049,0.0,0.0,0.71,0.71,0.58,0.71
2016-03-31,FOODS_1_049,0.0,0.0,0.71,0.71,0.49,0.71
2016-04-01,FOODS_1_049,1.0,1.0,0.71,0.71,0.85,0.71
2016-04-02,FOODS_1_049,1.0,4.0,0.71,0.71,1.37,0.71
2016-04-03,FOODS_1_049,3.0,0.0,0.71,0.71,4.34,0.71
2016-04-04,FOODS_1_049,1.0,0.0,0.71,0.71,0.14,0.71
2016-04-05,FOODS_1_049,0.0,0.0,0.71,0.71,0.21,0.71
2016-04-06,FOODS_1_049,0.0,0.0,0.71,0.71,0.6,0.71
2016-04-07,FOODS_1_049,0.0,0.0,0.71,0.71,0.51,0.71
2016-04-08,FOODS_1_049,3.0,1.0,0.71,0.71,0.87,0.71
2016-04-09,FOODS_1_049,3.0,4.0,0.71,0.71,1.39,0.71
2016-04-10,FOODS_1_049,0.0,0.0,0.71,0.71,4.36,0.71
2016-04-11,FOODS_1_049,0.0,0.0,0.71,0.71,0.16,0.71
2016-04-12,FOODS_1_049,0.0,0.0,0.71,0.71,0.23,0.71
2016-04-13,FOODS_1_049,0.0,0.0,0.71,0.71,0.62,0.71
2016-04-14,FOODS_1_049,1.0,0.0,0.71,0.71,0.53,0.71
2016-04-15,FOODS_1_049,0.0,1.0,0.71,0.71,0.89,0.71
2016-04-16,FOODS_1_049,3.0,4.0,0.71,0.71,1.41,0.71
2016-04-17,FOODS_1_049,1.0,0.0,0.71,0.71,4.38,0.71
2016-04-18,FOODS_1_049,0.0,0.0,0.71,0.71,0.18,0.71
2016-04-19,FOODS_1_049,1.0,0.0,0.71,0.71,0.25,0.71
2016-04-20,FOODS_1_049,0.0,0.0,0.71,0.71,0.64,0.71
2016-04-21,FOODS_1_049,0.0,0.0,0.71,0.71,0.55,0.71
2016-04-22,FOODS_1_049,0.0,1.0,0.71,0.71,0.91,0.71
2016-04-23,FOODS_1_049,2.0,4.0,0.71,0.71,1.43,0.71
2016-04-24,FOODS_1_049,0.0,0.0,0.71,0.71,4.4,0.71
2016-03-28,FOODS_1_050,1.0,1.0,1.71,1.07,1.35,1.07
2016-03-29,FOODS_1_050,1.0,2.0,1.71,1.07,1.44,1.07
2016-03-30,FOODS_1_050,1.0,4.0,1.71,1.07,1.99,1.07
2016-03-31,FOODS_1_050,0.0,1.0,1.71,1.07,1.36,1.07
2016-04-01,FOODS_1_050,4.0,3.0,1.71,1.07,1.36,1.07
2016-04-02,FOODS_1_050,6.0,0.0,1.71,1.07,1.98,1.07
2016-04-03,FOODS_1_050,3.0,1.0,1.71,1.07,1.63,1.07
2016-04-04,FOODS_1_050,0.0,1.0,1.71,1.07,1.45,1.07
2016-04-05,FOODS_1_050,2.0,2.0,1.71,1.07,1.54,1.07
2016-04-06,FOODS_1_050,0.0,4.0,1.71,1.07,2.1,1.07
2016-04-07,FOODS_1_050,0.0,1.0,1.71,1.07,1.46,1.07
2016-04-08,FOODS_1_050,3.0,3.0,1.71,1.07,1.46,1.07
2016-04-09,FOODS_1_050,1.0,0.0,1.71,1.07,2.08,1.07
2016-04-10,FOODS_1_050,1.0,1.0,1.71,1.07,1.73,1.07
2016-04-11,FOODS_1_050,0.0,1.0,1.71,1.07,1.55,1.07
2016-04-12,FOODS_1_050,1.0,2.0,1.71,1.07,1.65,1.07
2016-04-13,FOODS_1_050,0.0,4.0,1.71,1.07,2.2,1.07
2016-04-14,FOODS_1_050,0.0,1.0,1.71,1.07,1.57,1.07
2016-04-15,FOODS_1_050,1.0,3.0,1.71,1.07,1.57,1.07
2016-04-16,FOODS_1_050,2.0,0.0,1.71,1.07,2.18,1.07
2016-04-17,FOODS_1_050,0.0,1.0,1.71,1.07,1.83,1.07
2016-04-18,FOODS_1_050,1.0,1.0,1.71,1.07,1.66,1.07
2016-04-19,FOODS_1_050,0.0,2.0,1.71,1.07,1.75,1.07
2016-04-20,FOODS_1_050,0.0,4.0,1.71,1.07,2.3,1.07
2016-04-21,FOODS_1_050,0.0,1.0,1.71,1.07,1.67,1.07
2016-04-22,FOODS_1_050,1.0,3.0,1.71,1.07,1.67,1.07
2016-04-23,FOODS_1_050,2.0,0.0,1.71,1.07,2.28,1.07
2016-04-24,FOODS_1_050,1.0,1.0,1.71,1.07,1.93,1.07
2016-03-28,FOODS_1_051,0.0,5.0,1.0,0.57,1.32,0.57
2016-03-29,FOODS_1_051,0.0,2.0,1.0,0.57,0.38,0.57
2016-03-30,FOODS_1_051,0.0,0.0,1.0,0.57,0.0,0.57
2016-03-31,FOODS_1_051,0.0,0.0,1.0,0.57,0.04,0.57
2016-04-01,FOODS_1_051,2.0,0.0,1.0,0.57,0.44,0.57
2016-04-02,FOODS_1_051,0.0,0.0,1.0,0.57,0.0,0.57
2016-04-03,FOODS_1_051,3.0,0.0,1.0,0.57,0.38,0.57
2016-04-04,FOODS_1_051,5.0,5.0,1.0,0.57,1.19,0.57
2016-04-05,FOODS_1_051,0.0,2.0,1.0,0.57,0.25,0.57
2016-04-06,FOODS_1_051,0.0,0.0,1.0,0.57,0.0,0.57
2016-04-07,FOODS_1_051,0.0,0.0,1.0,0.57,0.0,0.57
2016-04-08,FOODS_1_051,0.0,0.0,1.0,0.57,0.3,0.57
2016-04-09,FOODS_1_051,4.0,0.0,1.0,0.57,0.0,0.57
2016-04-10,FOODS_1_051,2.0,0.0,1.0,0.57,0.25,0.57
2016-04-11,FOODS_1_051,1.0,5.0,1.0,0.57,1.06,0.57
2016-04-12,FOODS_1_051,0.0,2.0,1.0,0.57,0.12,0.57
2016-04-13,FOODS_1_051,0.0,0.0,1.0,0.57,0.0,0.57
2016-04-14,FOODS_1_051,0.0,0.0,1.0,0.57,0.0,0.57
2016-04-15,FOODS_1_051,0.0,0.0,1.0,0.57,0.17,0.57
2016-04-16,FOODS_1_051,0.0,0.0,1.0,0.57,0.0,0.57
2016-04-17,FOODS_1_051,0.0,0.0,1.0,0.57,0.12,0.57
2016-04-18,FOODS_1_051,0.0,5.0,1.0,0.57,0.92,0.57
2016-04-19,FOODS_1_051,0.0,2.0,1.0,0.57,0.0,0.57
2016-04-20,FOODS_1_051,0.0,0.0,1.0,0.57,0.0,0.57
2016-04-21,FOODS_1_051,1.0,0.0,1.0,0.57,0.0,0.57
2016-04-22,FOODS_1_051,1.0,0.0,1.0,0.57,0.04,0.57
2016-04-23,FOODS_1_051,1.0,0.0,1.0,0.57,0.0,0.57
2016-04-24,FOODS_1_051,1.0,0.0,1.0,0.57,0.0,0.57
2016-03-28,FOODS_1_052,1.0,2.0,1.86,1.21,1.61,1.21
2016-03-29,FOODS_1_052,1.0,0.0,1.86,1.21,1.76,1.21
2016-03-30,FOODS_1_052,3.0,1.0,1.86,1.21,1.59,1.21
2016-03-31,FOODS_1_052,3.0,2.0,1.86,1.21,2.28,1.21
2016-04-01,FOODS_1_052,1.0,5.0,1.86,1.21,3.51,1.21
2016-04-02,FOODS_1_052,2.0,3.0,1.86,1.21,1.67,1.21
2016-04-03,FOODS_1_052,4.0,0.0,1.86,1.21,2.02,1.21
2016-04-04,FOODS_1_052,0.0,2.0,1.86,1.21,1.86,1.21
2016-04-05,FOODS_1_052,2.0,0.0,1.86,1.21,2.01,1.21
2016-04-06,FOODS_1_052,5.0,1.0,1.86,1.21,1.85,1.21
2016-04-07,FOODS_1_052,2.0,2.0,1.86,1.21,2.53,1.21
2016-04-08,FOODS_1_052,4.0,5.0,1.86,1.21,3.77,1.21
2016-04-09,FOODS_1_052,0.0,3.0,1.86,1.21,1.92,1.21
2016-04-10,FOODS_1_052,4.0,0.0,1.86,1.21,2.27,1.21
2016-04-11,FOODS_1_052,1.0,2.0,1.86,1.21,2.11,1.21
2016-04-12,FOODS_1_052,2.0,0.0,1.86,1.21,2.26,1.21
2016-04-13,FOODS_1_052,1.0,1.0,1.86,1.21,2.1,1.21
2016-04-14,FOODS_1_052,1.0,2.0,1.86,1.21,2.78,1.21
2016-04-15,FOODS_1_052,3.0,5.0,1.86,1.21,4.02,1.21
2016-04-16,FOODS_1_052,3.0,3.0,1.86,1.21,2.18,1.21
2016-04-17,FOODS_1_052,0.0,0.0,1.86,1.21,2.52,1.21
2016-04-18,FOODS_1_052,0.0,2.0,1.86,1.21,2.36,1.21
2016-04-19,FOODS_1_052,1.0,0.0,1.86,1.21,2.51,1.21
2016-04-20,FOODS_1_052,5.0,1.0,1.86,1.21,2.35,1.21
2016-04-21,FOODS_1_052,2.0,2.0,1.86,1.21,3.03,1.21
2016-04-22,FOODS_1_052,3.0,5.0,1.86,1.21,4.27,1.21
2016-04-23,FOODS_1_052,3.0,3.0,1.86,1.21,2.43,1.21
2016-04-24,FOODS_1_052,4.0,0.0,1.86,1.21,2.77,1.21
2016-03-28,FOODS_1_053,0.0,0.0,0.14,0.21,0.14,0.21
2016-03-29,FOODS_1_053,0.0,0.0,0.14,0.21,0.14,0.21
2016-03-30,FOODS_1_053,0.0,0.0,0.14,0.21,0.21,0.21
2016-03-31,FOODS_1_053,0.0,0.0,0.14,0.21,0.09,0.21
2016-04-01,FOODS_1_053,1.0,0.0,0.14,0.21,0.1,0.21
2016-04-02,FOODS_1_053,1.0,0.0,0.14,0.21,0.24,0.21
2016-04-03,FOODS_1_053,0.0,1.0,0.14,0.21,0.87,0.21
2016-04-04,FOODS_1_053,0.0,0.0,0.14,0.21,0.15,0.21
2016-04-05,FOODS_1_053,1.0,0.0,0.14,0.21,0.15,0.21
2016-04-06,FOODS_1_053,0.0,0.0,0.14,0.21,0.23,0.21
2016-04-07,FOODS_1_053,0.0,0.0,0.14,0.21,0.11,0.21
2016-04-08,FOODS_1_053,0.0,0.0,0.14,0.21,0.12,0.21
2016-04-09,FOODS_1_053,0.0,0.0,0.14,0.21,0.26,0.21
2016-04-10,FOODS_1_053,0.0,1.0,0.14,0.21,0.88,0.21
2016-04-11,FOODS_1_053,1.0,0.0,0.14,0.21,0.16,0.21
2016-04-12,FOODS_1_053,1.0,0.0,0.14,0.21,0.17,0.21
2016-04-13,FOODS_1_053,0.0,0.0,0.14,0.21,0.24,0.21
2016-04-14,FOODS_1_053,0.0,0.0,0.14,0.21,0.12,0.21
2016-04-15,FOODS_1_053,1.0,0.0,0.14,0.21,0.13,0.21
2016-04-16,FOODS_1_053,0.0,0.0,0.14,0.21,0.27,0.21
2016-04-17,FOODS_1_053,0.0,1.0,0.14,0.21,0.89,0.21
2016-04-18,FOODS_1_053,0.0,0.0,0.14,0.21,0.18,0.21
2016-04-19,FOODS_1_053,0.0,0.0,0.14,0.21,0.18,0.21
2016-04-20,FOODS_1_053,0.0,0.0,0.14,0.21,0.25,0.21
2016-04-21,FOODS_1_053,0.0,0.0,0.14,0.21,0.13,0.21
2016-04-22,FOODS_1_053,1.0,0.0,0.14,0.21,0.15,0.21
2016-04-23,FOODS_1_053,0.0,0.0,0.14,0.21,0.29,0.21
2016-04-24,FOODS_1_053,0.0,1.0,0.14,0.21,0.91,0.21
2016-03-28,FOODS_1_054,1.0,3.0,2.71,1.71,2.62,1.71
2016-03-29,FOODS_1_054,3.0,1.0,2.71,1.71,2.77,1.71
2016-03-30,FOODS_1_054,0.0,2.0,2.71,1.71,2.96,1.71
2016-03-31,FOODS_1_054,2.0,1.0,2.71,1.71,2.53,1.71
2016-04-01,FOODS_1_054,5.0,4.0,2.71,1.71,4.56,1.71
2016-04-02,FOODS_1_054,1.0,3.0,2.71,1.71,3.36,1.71
2016-04-03,FOODS_1_054,5.0,5.0,2.71,1.71,3.28,1.71
2016-04-04,FOODS_1_054,5.0,3.0,2.71,1.71,3.1,1.71
2016-04-05,FOODS_1_054,2.0,1.0,2.71,1.71,3.25,1.71
2016-04-06,FOODS_1_054,3.0,2.0,2.71,1.71,3.44,1.71
2016-04-07,FOODS_1_054,1.0,1.0,2.71,1.71,3.02,1.71
2016-04-08,FOODS_1_054,3.0,4.0,2.71,1.71,5.05,1.71
2016-04-09,FOODS_1_054,2.0,3.0,2.71,1.71,3.84,1.71
2016-04-10,FOODS_1_054,3.0,5.0,2.71,1.71,3.76,1.71
2016-04-11,FOODS_1_054,1.0,3.0,2.71,1.71,3.58,1.71
2016-04-12,FOODS_1_054,0.0,1.0,2.71,1.71,3.74,1.71
2016-04-13,FOODS_1_054,1.0,2.0,2.71,1.71,3.92,1.71
2016-04-14,FOODS_1_054,5.0,1.0,2.71,1.71,3.5,1.71
2016-04-15,FOODS_1_054,0.0,4.0,2.71,1.71,5.53,1.71
2016-04-16,FOODS_1_054,0.0,3.0,2.71,1.71,4.32,1.71
2016-04-17,FOODS_1_054,3.0,5.0,2.71,1.71,4.24,1.71
2016-04-18,FOODS_1_054,6.0,3.0,2.71,1.71,4.06,1.71
2016-04-19,FOODS_1_054,0.0,1.0,2.71,1.71,4.22,1.71
2016-04-20,FOODS_1_054,3.0,2.0,2.71,1.71,4.4,1.71
2016-04-21,FOODS_1_054,2.0,1.0,2.71,1.71,3.98,1.71
2016-04-22,FOODS_1_054,3.0,4.0,2.71,1.71,6.01,1.71
2016-04-23,FOODS_1_054,2.0,3.0,2.71,1.71,4.81,1.71
2016-04-24,FOODS_1_054,1.0,5.0,2.71,1.71,4.73,1.71
2016-03-28,FOODS_1_055,4.0,3.0,2.86,1.89,1.73,1.89
2016-03-29,FOODS_1_055,0.0,1.0,2.86,1.89,1.38,1.89
2016-03-30,FOODS_1_055,1.0,4.0,2.86,1.89,2.27,1.89
2016-03-31,FOODS_1_055,0.0,4.0,2.86,1.89,3.19,1.89
2016-04-01,FOODS_1_055,0.0,5.0,2.86,1.89,3.05,1.89
2016-04-02,FOODS_1_055,1.0,1.0,2.86,1.89,2.19,1.89
2016-04-03,FOODS_1_055,1.0,2.0,2.86,1.89,4.29,1.89
2016-04-04,FOODS_1_055,1.0,3.0,2.86,1.89,1.83,1.89
2016-04-05,FOODS_1_055,2.0,1.0,2.86,1.89,1.48,1.89
2016-04-06,FOODS_1_055,1.0,4.0,2.86,1.89,2.36,1.89
2016-04-07,FOODS_1_055,1.0,4.0,2.86,1.89,3.29,1.89
2016-04-08,FOODS_1_055,0.0,5.0,2.86,1.89,3.15,1.89
2016-04-09,FOODS_1_055,3.0,1.0,2.86,1.89,2.29,1.89
2016-04-10,FOODS_1_055,2.0,2.0,2.86,1.89,4.39,1.89
2016-04-11,FOODS_1_055,2.0,3.0,2.86,1.89,1.93,1.89
2016-04-12,FOODS_1_055,1.0,1.0,2.86,1.89,1.58,1.89
2016-04-13,FOODS_1_055,3.0,4.0,2.86,1.89,2.46,1.89
2016-04-14,FOODS_1_055,2.0,4.0,2.86,1.89,3.39,1.89
2016-04-15,FOODS_1_055,0.0,5.0,2.86,1.89,3.25,1.89
2016-04-16,FOODS_1_055,0.0,1.0,2.86,1.89,2.38,1.89
2016-04-17,FOODS_1_055,1.0,2.0,2.86,1.89,4.49,1.89
2016-04-18,FOODS_1_055,2.0,3.0,2.86,1.89,2.03,1.89
2016-04-19,FOODS_1_055,3.0,1.0,2.86,1.89,1.68,1.89
2016-04-20,FOODS_1_055,12.0,4.0,2.86,1.89,2.56,1.89
2016-04-21,FOODS_1_055,5.0,4.0,2.86,1.89,3.49,1.89
2016-04-22,FOODS_1_055,1.0,5.0,2.86,1.89,3.35,1.89
2016-04-23,FOODS_1_055,1.0,1.0,2.86,1.89,2.48,1.89
2016-04-24,FOODS_1_055,6.0,2.0,2.86,1.89,4.59,1.89
2016-03-28,FOODS_1_056,0.0,0.0,0.0,0.0,0.0,0.0
2016-03-29,FOODS_1_056,0.0,0.0,0.0,0.0,0.0,0.0
2016-03-30,FOODS_1_056,0.0,0.0,0.0,0.0,0.0,0.0
2016-03-31,FOODS_1_056,0.0,0.0,0.0,0.0,0.04,0.0
2016-04-01,FOODS_1_056,0.0,0.0,0.0,0.0,0.0,0.0
2016-04-02,FOODS_1_056,0.0,0.0,0.0,0.0,0.02,0.0
2016-04-03,FOODS_1_056,0.0,0.0,0.0,0.0,0.0,0.0
2016-04-04,FOODS_1_056,0.0,0.0,0.0,0.0,0.0,0.0
2016-04-05,FOODS_1_056,0.0,0.0,0.0,0.0,0.0,0.0
2016-04-06,FOODS_1_056,0.0,0.0,0.0,0.0,0.0,0.0
2016-04-07,FOODS_1_056,0.0,0.0,0.0,0.0,0.01,0.0
2016-04-08,FOODS_1_056,0.0,0.0,0.0,0.0,0.0,0.0
2016-04-09,FOODS_1_056,0.0,0.0,0.0,0.0,0.0,0.0
2016-04-10,FOODS_1_056,0.0,0.0,0.0,0.0,0.0,0.0
2016-04-11,FOODS_1_056,0.0,0.0,0.0,0.0,0.0,0.0
2016-04-12,FOODS_1_056,0.0,0.0,0.0,0.0,0.0,0.0
2016-04-13,FOODS_1_056,0.0,0.0,0.0,0.0,0.0,0.0
2016-04-14,FOODS_1_056,0.0,0.0,0.0,0.0,0.0,0.0
2016-04-15,FOODS_1_056,0.0,0.0,0.0,0.0,0.0,0.0
2016-04-16,FOODS_1_056,0.0,0.0,0.0,0.0,0.0,0.0
2016-04-17,FOODS_1_056,0.0,0.0,0.0,0.0,0.0,0.0
2016-04-18,FOODS_1_056,0.0,0.0,0.0,0.0,0.0,0.0
2016-04-19,FOODS_1_056,0.0,0.0,0.0,0.0,0.0,0.0
2016-04-20,FOODS_1_056,0.0,0.0,0.0,0.0,0.0,0.0
2016-04-21,FOODS_1_056,0.0,0.0,0.0,0.0,0.0,0.0
2016-04-22,FOODS_1_056,0.0,0.0,0.0,0.0,0.0,0.0
2016-04-23,FOODS_1_056,0.0,0.0,0.0,0.0,0.0,0.0
2016-04-24,FOODS_1_056,0.0,0.0,0.0,0.0,0.0,0.0
2016-03-28,FOODS_1_057,0.0,0.0,0.0,0.0,0.0,0.0
2016-03-29,FOODS_1_057,0.0,0.0,0.0,0.0,0.05,0.0
2016-03-30,FOODS_1_057,0.0,0.0,0.0,0.0,0.0,0.0
2016-03-31,FOODS_1_057,0.0,0.0,0.0,0.0,0.0,0.0
2016-04-01,FOODS_1_057,0.0,0.0,0.0,0.0,0.0,0.0
2016-04-02,FOODS_1_057,0.0,0.0,0.0,0.0,0.0,0.0
2016-04-03,FOODS_1_057,0.0,0.0,0.0,0.0,0.04,0.0
2016-04-04,FOODS_1_057,0.0,0.0,0.0,0.0,0.0,0.0
2016-04-05,FOODS_1_057,0.0,0.0,0.0,0.0,0.03,0.0
2016-04-06,FOODS_1_057,0.0,0.0,0.0,0.0,0.0,0.0
2016-04-07,FOODS_1_057,0.0,0.0,0.0,0.0,0.0,0.0
2016-04-08,FOODS_1_057,0.0,0.0,0.0,0.0,0.0,0.0
2016-04-09,FOODS_1_057,0.0,0.0,0.0,0.0,0.0,0.0
2016-04-10,FOODS_1_057,0.0,0.0,0.0,0.0,0.02,0.0
2016-04-11,FOODS_1_057,0.0,0.0,0.0,0.0,0.0,0.0
2016-04-12,FOODS_1_057,0.0,0.0,0.0,0.0,0.01,0.0
2016-04-13,FOODS_1_057,0.0,0.0,0.0,0.0,0.0,0.0
2016-04-14,FOODS_1_057,0.0,0.0,0.0,0.0,0.0,0.0
2016-04-15,FOODS_1_057,0.0,0.0,0.0,0.0,0.0,0.0
2016-04-16,FOODS_1_057,0.0,0.0,0.0,0.0,0.0,0.0
2016-04-17,FOODS_1_057,0.0,0.0,0.0,0.0,0.01,0.0
2016-04-18,FOODS_1_057,0.0,0.0,0.0,0.0,0.0,0.0
2016-04-19,FOODS_1_057,0.0,0.0,0.0,0.0,0.0,0.0
2016-04-20,FOODS_1_057,0.0,0.0,0.0,0.0,0.0,0.0
2016-04-21,FOODS_1_057,0.0,0.0,0.0,0.0,0.0,0.0
2016-04-22,FOODS_1_057,0.0,0.0,0.0,0.0,0.0,0.0
2016-04-23,FOODS_1_057,0.0,0.0,0.0,0.0,0.0,0.0
2016-04-24,FOODS_1_057,0.0,0.0,0.0,0.0,0.0,0.0
2016-03-28,FOODS_1_058,0.0,0.0,0.0,0.0,0.0,0.0
2016-03-29,FOODS_1_058,0.0,0.0,0.0,0.0,0.0,0.0
2016-03-30,FOODS_1_058,0.0,0.0,0.0,0.0,0.0,0.0
2016-03-31,FOODS_1_058,0.0,0.0,0.0,0.0,0.0,0.0
2016-04-01,FOODS_1_058,0.0,0.0,0.0,0.0,0.0,0.0
2016-04-02,FOODS_1_058,0.0,0.0,0.0,0.0,0.0,0.0
2016-04-03,FOODS_1_058,0.0,0.0,0.0,0.0,0.0,0.0
2016-04-04,FOODS_1_058,0.0,0.0,0.0,0.0,0.0,0.0
2016-04-05,FOODS_1_058,0.0,0.0,0.0,0.0,0.0,0.0
2016-04-06,FOODS_1_058,0.0,0.0,0.0,0.0,0.0,0.0
2016-04-07,FOODS_1_058,0.0,0.0,0.0,0.0,0.0,0.0
2016-04-08,FOODS_1_058,0.0,0.0,0.0,0.0,0.0,0.0
2016-04-09,FOODS_1_058,0.0,0.0,0.0,0.0,0.0,0.0
2016-04-10,FOODS_1_058,0.0,0.0,0.0,0.0,0.0,0.0
2016-04-11,FOODS_1_058,0.0,0.0,0.0,0.0,0.0,0.0
2016-04-12,FOODS_1_058,0.0,0.0,0.0,0.0,0.0,0.0
2016-04-13,FOODS_1_058,0.0,0.0,0.0,0.0,0.0,0.0
2016-04-14,FOODS_1_058,0.0,0.0,0.0,0.0,0.0,0.0
2016-04-15,FOODS_1_058,0.0,0.0,0.0,0.0,0.0,0.0
2016-04-16,FOODS_1_058,0.0,0.0,0.0,0.0,0.0,0.0
2016-04-17,FOODS_1_058,0.0,0.0,0.0,0.0,0.0,0.0
2016-04-18,FOODS_1_058,0.0,0.0,0.0,0.0,0.0,0.0
2016-04-19,FOODS_1_058,0.0,0.0,0.0,0.0,0.0,0.0
2016-04-20,FOODS_1_058,0.0,0.0,0.0,0.0,0.0,0.0
2016-04-21,FOODS_1_058,0.0,0.0,0.0,0.0,0.0,0.0
2016-04-22,FOODS_1_058,0.0,0.0,0.0,0.0,0.0,0.0
2016-04-23,FOODS_1_058,0.0,0.0,0.0,0.0,0.0,0.0
2016-04-24,FOODS_1_058,0.0,0.0,0.0,0.0,0.0,0.0
2016-03-28,FOODS_1_059,0.0,0.0,0.0,0.14,0.0,0.14
2016-03-29,FOODS_1_059,0.0,0.0,0.0,0.14,0.07,0.14
2016-03-30,FOODS_1_059,0.0,0.0,0.0,0.14,0.0,0.14
2016-03-31,FOODS_1_059,0.0,0.0,0.0,0.14,0.11,0.14
2016-04-01,FOODS_1_059,1.0,0.0,0.0,0.14,0.07,0.14
2016-04-02,FOODS_1_059,0.0,0.0,0.0,0.14,0.0,0.14
2016-04-03,FOODS_1_059,2.0,0.0,0.0,0.14,0.0,0.14
2016-04-04,FOODS_1_059,0.0,0.0,0.0,0.14,0.0,0.14
2016-04-05,FOODS_1_059,7.0,0.0,0.0,0.14,0.0,0.14
2016-04-06,FOODS_1_059,2.0,0.0,0.0,0.14,0.0,0.14
2016-04-07,FOODS_1_059,0.0,0.0,0.0,0.14,0.04,0.14
2016-04-08,FOODS_1_059,0.0,0.0,0.0,0.14,0.0,0.14
2016-04-09,FOODS_1_059,1.0,0.0,0.0,0.14,0.0,0.14
2016-04-10,FOODS_1_059,2.0,0.0,0.0,0.14,0.0,0.14
2016-04-11,FOODS_1_059,2.0,0.0,0.0,0.14,0.0,0.14
2016-04-12,FOODS_1_059,0.0,0.0,0.0,0.14,0.0,0.14
2016-04-13,FOODS_1_059,4.0,0.0,0.0,0.14,0.0,0.14
2016-04-14,FOODS_1_059,0.0,0.0,0.0,0.14,0.0,0.14
2016-04-15,FOODS_1_059,0.0,0.0,0.0,0.14,0.0,0.14
2016-04-16,FOODS_1_059,0.0,0.0,0.0,0.14,0.0,0.14
2016-04-17,FOODS_1_059,0.0,0.0,0.0,0.14,0.0,0.14
2016-04-18,FOODS_1_059,0.0,0.0,0.0,0.14,0.0,0.14
2016-04-19,FOODS_1_059,0.0,0.0,0.0,0.14,0.0,0.14
2016-04-20,FOODS_1_059,0.0,0.0,0.0,0.14,0.0,0.14
2016-04-21,FOODS_1_059,2.0,0.0,0.0,0.14,0.0,0.14
2016-04-22,FOODS_1_059,0.0,0.0,0.0,0.14,0.0,0.14
2016-04-23,FOODS_1_059,0.0,0.0,0.0,0.14,0.0,0.14
2016-04-24,FOODS_1_059,0.0,0.0,0.0,0.14,0.0,0.14
2016-03-28,FOODS_1_060,0.0,2.0,0.71,1.18,0.21,1.18
2016-03-29,FOODS_1_060,0.0,0.0,0.71,1.18,0.0,1.18
2016-03-30,FOODS_1_060,1.0,1.0,0.71,1.18,0.0,1.18
2016-03-31,FOODS_1_060,0.0,1.0,0.71,1.18,0.31,1.18
2016-04-01,FOODS_1_060,1.0,0.0,0.71,1.18,0.16,1.18
2016-04-02,FOODS_1_060,0.0,1.0,0.71,1.18,1.17,1.18
2016-04-03,FOODS_1_060,1.0,0.0,0.71,1.18,0.61,1.18
2016-04-04,FOODS_1_060,0.0,2.0,0.71,1.18,0.0,1.18
2016-04-05,FOODS_1_060,4.0,0.0,0.71,1.18,0.0,1.18
2016-04-06,FOODS_1_060,0.0,1.0,0.71,1.18,0.0,1.18
2016-04-07,FOODS_1_060,1.0,1.0,0.71,1.18,0.06,1.18
2016-04-08,FOODS_1_060,0.0,0.0,0.71,1.18,0.0,1.18
2016-04-09,FOODS_1_060,1.0,1.0,0.71,1.18,0.93,1.18
2016-04-10,FOODS_1_060,3.0,0.0,0.71,1.18,0.36,1.18
2016-04-11,FOODS_1_060,2.0,2.0,0.71,1.18,0.0,1.18
2016-04-12,FOODS_1_060,0.0,0.0,0.71,1.18,0.0,1.18
2016-04-13,FOODS_1_060,0.0,1.0,0.71,1.18,0.0,1.18
2016-04-14,FOODS_1_060,0.0,1.0,0.71,1.18,0.0,1.18
2016-04-15,FOODS_1_060,1.0,0.0,0.71,1.18,0.0,1.18
2016-04-16,FOODS_1_060,1.0,1.0,0.71,1.18,0.68,1.18
2016-04-17,FOODS_1_060,2.0,0.0,0.71,1.18,0.12,1.18
2016-04-18,FOODS_1_060,0.0,2.0,0.71,1.18,0.0,1.18
2016-04-19,FOODS_1_060,0.0,0.0,0.71,1.18,0.0,1.18
2016-04-20,FOODS_1_060,0.0,1.0,0.71,1.18,0.0,1.18
2016-04-21,FOODS_1_060,2.0,1.0,0.71,1.18,0.0,1.18
2016-04-22,FOODS_1_060,1.0,0.0,0.71,1.18,0.0,1.18
2016-04-23,FOODS_1_060,1.0,1.0,0.71,1.18,0.44,1.18
2016-04-24,FOODS_1_060,1.0,0.0,0.71,1.18,0.0,1.18
2016-03-28,FOODS_1_061,3.0,0.0,2.86,2.04,1.98,2.04
2016-03-29,FOODS_1_061,0.0,3.0,2.86,2.04,2.96,2.04
2016-03-30,FOODS_1_061,3.0,4.0,2.86,2.04,3.05,2.04
2016-03-31,FOODS_1_061,3.0,4.0,2.86,2.04,2.77,2.04
2016-04-01,FOODS_1_061,2.0,3.0,2.86,2.04,2.7,2.04
2016-04-02,FOODS_1_061,1.0,2.0,2.86,2.04,3.59,2.04
2016-04-03,FOODS_1_061,1.0,4.0,2.86,2.04,3.1,2.04
2016-04-04,FOODS_1_061,1.0,0.0,2.86,2.04,2.28,2.04
2016-04-05,FOODS_1_061,1.0,3.0,2.86,2.04,3.26,2.04
2016-04-06,FOODS_1_061,2.0,4.0,2.86,2.04,3.35,2.04
2016-04-07,FOODS_1_061,0.0,4.0,2.86,2.04,3.06,2.04
2016-04-08,FOODS_1_061,5.0,3.0,2.86,2.04,3.0,2.04
2016-04-09,FOODS_1_061,5.0,2.0,2.86,2.04,3.89,2.04
2016-04-10,FOODS_1_061,2.0,4.0,2.86,2.04,3.4,2.04
2016-04-11,FOODS_1_061,2.0,0.0,2.86,2.04,2.57,2.04
2016-04-12,FOODS_1_061,7.0,3.0,2.86,2.04,3.55,2.04
2016-04-13,FOODS_1_061,0.0,4.0,2.86,2.04,3.64,2.04
2016-04-14,FOODS_1_061,3.0,4.0,2.86,2.04,3.36,2.04
2016-04-15,FOODS_1_061,1.0,3.0,2.86,2.04,3.29,2.04
2016-04-16,FOODS_1_061,3.0,2.0,2.86,2.04,4.18,2.04
2016-04-17,FOODS_1_061,4.0,4.0,2.86,2.04,3.69,2.04
2016-04-18,FOODS_1_061,2.0,0.0,2.86,2.04,2.87,2.04
2016-04-19,FOODS_1_061,2.0,3.0,2.86,2.04,3.85,2.04
2016-04-20,FOODS_1_061,2.0,4.0,2.86,2.04,3.94,2.04
2016-04-21,FOODS_1_061,1.0,4.0,2.86,2.04,3.66,2.04
2016-04-22,FOODS_1_061,3.0,3.0,2.86,2.04,3.59,2.04
2016-04-23,FOODS_1_061,2.0,2.0,2.86,2.04,4.48,2.04
2016-04-24,FOODS_1_061,0.0,4.0,2.86,2.04,3.99,2.04
2016-03-28,FOODS_1_062,1.0,1.0,3.14,1.32,3.41,1.32
2016-03-29,FOODS_1_062,0.0,6.0,3.14,1.32,4.28,1.32
2016-03-30,FOODS_1_062,0.0,0.0,3.14,1.32,3.27,1.32
2016-03-31,FOODS_1_062,2.0,1.0,3.14,1.32,3.66,1.32
2016-04-01,FOODS_1_062,1.0,5.0,3.14,1.32,4.56,1.32
2016-04-02,FOODS_1_062,2.0,3.0,3.14,1.32,4.02,1.32
2016-04-03,FOODS_1_062,1.0,6.0,3.14,1.32,3.72,1.32
2016-04-04,FOODS_1_062,0.0,1.0,3.14,1.32,4.24,1.32
2016-04-05,FOODS_1_062,1.0,6.0,3.14,1.32,5.11,1.32
2016-04-06,FOODS_1_062,0.0,0.0,3.14,1.32,4.1,1.32
2016-04-07,FOODS_1_062,0.0,1.0,3.14,1.32,4.49,1.32
2016-04-08,FOODS_1_062,0.0,5.0,3.14,1.32,5.39,1.32
2016-04-09,FOODS_1_062,0.0,3.0,3.14,1.32,4.85,1.32
2016-04-10,FOODS_1_062,3.0,6.0,3.14,1.32,4.55,1.32
2016-04-11,FOODS_1_062,2.0,1.0,3.14,1.32,5.07,1.32
2016-04-12,FOODS_1_062,0.0,6.0,3.14,1.32,5.94,1.32
2016-04-13,FOODS_1_062,1.0,0.0,3.14,1.32,4.93,1.32
2016-04-14,FOODS_1_062,3.0,1.0,3.14,1.32,5.32,1.32
2016-04-15,FOODS_1_062,1.0,5.0,3.14,1.32,6.22,1.32
2016-04-16,FOODS_1_062,0.0,3.0,3.14,1.32,5.68,1.32
2016-04-17,FOODS_1_062,4.0,6.0,3.14,1.32,5.38,1.32
2016-04-18,FOODS_1_062,0.0,1.0,3.14,1.32,5.9,1.32
2016-04-19,FOODS_1_062,0.0,6.0,3.14,1.32,6.77,1.32
2016-04-20,FOODS_1_062,0.0,0.0,3.14,1.32,5.76,1.32
2016-04-21,FOODS_1_062,0.0,1.0,3.14,1.32,6.15,1.32
2016-04-22,FOODS_1_062,0.0,5.0,3.14,1.32,7.05,1.32
2016-04-23,FOODS_1_062,2.0,3.0,3.14,1.32,6.51,1.32
2016-04-24,FOODS_1_062,3.0,6.0,3.14,1.32,6.22,1.32
2016-03-28,FOODS_1_063,0.0,0.0,2.14,1.29,2.01,1.29
2016-03-29,FOODS_1_063,2.0,0.0,2.14,1.29,1.8,1.29
2016-03-30,FOODS_1_063,1.0,3.0,2.14,1.29,2.85,1.29
2016-03-31,FOODS_1_063,1.0,3.0,2.14,1.29,2.57,1.29
2016-04-01,FOODS_1_063,0.0,6.0,2.14,1.29,3.17,1.29
2016-04-02,FOODS_1_063,1.0,2.0,2.14,1.29,2.77,1.29
2016-04-03,FOODS_1_063,1.0,1.0,2.14,1.29,2.77,1.29
2016-04-04,FOODS_1_063,2.0,0.0,2.14,1.29,2.44,1.29
2016-04-05,FOODS_1_063,0.0,0.0,2.14,1.29,2.23,1.29
2016-04-06,FOODS_1_063,0.0,3.0,2.14,1.29,3.27,1.29
2016-04-07,FOODS_1_063,0.0,3.0,2.14,1.29,3.0,1.29
2016-04-08,FOODS_1_063,0.0,6.0,2.14,1.29,3.59,1.29
2016-04-09,FOODS_1_063,0.0,2.0,2.14,1.29,3.19,1.29
2016-04-10,FOODS_1_063,2.0,1.0,2.14,1.29,3.2,1.29
2016-04-11,FOODS_1_063,1.0,0.0,2.14,1.29,2.87,1.29
2016-04-12,FOODS_1_063,0.0,0.0,2.14,1.29,2.65,1.29
2016-04-13,FOODS_1_063,3.0,3.0,2.14,1.29,3.7,1.29
2016-04-14,FOODS_1_063,1.0,3.0,2.14,1.29,3.43,1.29
2016-04-15,FOODS_1_063,2.0,6.0,2.14,1.29,4.02,1.29
2016-04-16,FOODS_1_063,0.0,2.0,2.14,1.29,3.62,1.29
2016-04-17,FOODS_1_063,2.0,1.0,2.14,1.29,3.63,1.29
2016-04-18,FOODS_1_063,0.0,0.0,2.14,1.29,3.3,1.29
2016-04-19,FOODS_1_063,0.0,0.0,2.14,1.29,3.08,1.29
2016-04-20,FOODS_1_063,0.0,3.0,2.14,1.29,4.13,1.29
2016-04-21,FOODS_1_063,1.0,3.0,2.14,1.29,3.86,1.29
2016-04-22,FOODS_1_063,0.0,6.0,2.14,1.29,4.45,1.29
2016-04-23,FOODS_1_063,1.0,2.0,2.14,1.29,4.05,1.29
2016-04-24,FOODS_1_063,3.0,1.0,2.14,1.29,4.05,1.29
2016-03-28,FOODS_1_064,2.0,0.0,2.0,1.14,2.05,1.14
2016-03-29,FOODS_1_064,0.0,1.0,2.0,1.14,2.56,1.14
2016-03-30,FOODS_1_064,0.0,1.0,2.0,1.14,2.47,1.14
2016-03-31,FOODS_1_064,0.0,1.0,2.0,1.14,1.88,1.14
2016-04-01,FOODS_1_064,3.0,5.0,2.0,1.14,3.01,1.14
2016-04-02,FOODS_1_064,0.0,6.0,2.0,1.14,3.79,1.14
2016-04-03,FOODS_1_064,3.0,0.0,2.0,1.14,1.83,1.14
2016-04-04,FOODS_1_064,1.0,0.0,2.0,1.14,2.44,1.14
2016-04-05,FOODS_1_064,1.0,1.0,2.0,1.14,2.95,1.14
2016-04-06,FOODS_1_064,0.0,1.0,2.0,1.14,2.86,1.14
2016-04-07,FOODS_1_064,1.0,1.0,2.0,1.14,2.27,1.14
2016-04-08,FOODS_1_064,3.0,5.0,2.0,1.14,3.4,1.14
2016-04-09,FOODS_1_064,2.0,6.0,2.0,1.14,4.19,1.14
2016-04-10,FOODS_1_064,1.0,0.0,2.0,1.14,2.22,1.14
2016-04-11,FOODS_1_064,2.0,0.0,2.0,1.14,2.84,1.14
2016-04-12,FOODS_1_064,1.0,1.0,2.0,1.14,3.35,1.14
2016-04-13,FOODS_1_064,2.0,1.0,2.0,1.14,3.26,1.14
2016-04-14,FOODS_1_064,0.0,1.0,2.0,1.14,2.67,1.14
2016-04-15,FOODS_1_064,0.0,5.0,2.0,1.14,3.8,1.14
2016-04-16,FOODS_1_064,0.0,6.0,2.0,1.14,4.58,1.14
2016-04-17,FOODS_1_064,0.0,0.0,2.0,1.14,2.62,1.14
2016-04-18,FOODS_1_064,0.0,0.0,2.0,1.14,3.23,1.14
2016-04-19,FOODS_1_064,0.0,1.0,2.0,1.14,3.74,1.14
2016-04-20,FOODS_1_064,0.0,1.0,2.0,1.14,3.65,1.14
2016-04-21,FOODS_1_064,1.0,1.0,2.0,1.14,3.06,1.14
2016-04-22,FOODS_1_064,2.0,5.0,2.0,1.14,4.19,1.14
2016-04-23,FOODS_1_064,3.0,6.0,2.0,1.14,4.97,1.14
2016-04-24,FOODS_1_064,1.0,0.0,2.0,1.14,3.01,1.14
2016-03-28,FOODS_1_065,0.0,0.0,0.14,0.71,0.23,0.71
2016-03-29,FOODS_1_065,0.0,0.0,0.14,0.71,0.01,0.71
2016-03-30,FOODS_1_065,0.0,0.0,0.14,0.71,0.16,0.71
2016-03-31,FOODS_1_065,0.0,1.0,0.14,0.71,0.33,0.71
2016-04-01,FOODS_1_065,0.0,0.0,0.14,0.71,0.14,0.71
2016-04-02,FOODS_1_065,0.0,0.0,0.14,0.71,0.0,0.71
2016-04-03,FOODS_1_065,3.0,0.0,0.14,0.71,0.0,0.71
2016-04-04,FOODS_1_065,1.0,0.0,0.14,0.71,0.05,0.71
2016-04-05,FOODS_1_065,1.0,0.0,0.14,0.71,0.0,0.71
2016-04-06,FOODS_1_065,0.0,0.0,0.14,0.71,0.0,0.71
2016-04-07,FOODS_1_065,0.0,1.0,0.14,0.71,0.16,0.71
2016-04-08,FOODS_1_065,1.0,0.0,0.14,0.71,0.0,0.71
2016-04-09,FOODS_1_065,0.0,0.0,0.14,0.71,0.0,0.71
2016-04-10,FOODS_1_065,1.0,0.0,0.14,0.71,0.0,0.71
2016-04-11,FOODS_1_065,3.0,0.0,0.14,0.71,0.0,0.71
2016-04-12,FOODS_1_065,0.0,0.0,0.14,0.71,0.0,0.71
2016-04-13,FOODS_1_065,0.0,0.0,0.14,0.71,0.0,0.71
2016-04-14,FOODS_1_065,0.0,1.0,0.14,0.71,0.0,0.71
2016-04-15,FOODS_1_065,2.0,0.0,0.14,0.71,0.0,0.71
2016-04-16,FOODS_1_065,0.0,0.0,0.14,0.71,0.0,0.71
2016-04-17,FOODS_1_065,0.0,0.0,0.14,0.71,0.0,0.71
2016-04-18,FOODS_1_065,1.0,0.0,0.14,0.71,0.0,0.71
2016-04-19,FOODS_1_065,2.0,0.0,0.14,0.71,0.0,0.71
2016-04-20,FOODS_1_065,1.0,0.0,0.14,0.71,0.0,0.71
2016-04-21,FOODS_1_065,0.0,1.0,0.14,0.71,0.0,0.71
2016-04-22,FOODS_1_065,0.0,0.0,0.14,0.71,0.0,0.71
2016-04-23,FOODS_1_065,0.0,0.0,0.14,0.71,0.0,0.71
2016-04-24,FOODS_1_065,2.0,0.0,0.14,0.71,0.0,0.71
2016-03-28,FOODS_1_066,1.0,0.0,1.57,1.75,1.93,1.75
2016-03-29,FOODS_1_066,0.0,2.0,1.57,1.75,1.71,1.75
2016-03-30,FOODS_1_066,0.0,0.0,1.57,1.75,1.46,1.75
2016-03-31,FOODS_1_066,4.0,1.0,1.57,1.75,1.25,1.75
2016-04-01,FOODS_1_066,1.0,8.0,1.57,1.75,2.58,1.75
2016-04-02,FOODS_1_066,0.0,0.0,1.57,1.75,1.45,1.75
2016-04-03,FOODS_1_066,0.0,0.0,1.57,1.75,1.03,1.75
2016-04-04,FOODS_1_066,1.0,0.0,1.57,1.75,1.92,1.75
2016-04-05,FOODS_1_066,1.0,2.0,1.57,1.75,1.7,1.75
2016-04-06,FOODS_1_066,2.0,0.0,1.57,1.75,1.45,1.75
2016-04-07,FOODS_1_066,1.0,1.0,1.57,1.75,1.24,1.75
2016-04-08,FOODS_1_066,1.0,8.0,1.57,1.75,2.57,1.75
2016-04-09,FOODS_1_066,1.0,0.0,1.57,1.75,1.44,1.75
2016-04-10,FOODS_1_066,1.0,0.0,1.57,1.75,1.02,1.75
2016-04-11,FOODS_1_066,0.0,0.0,1.57,1.75,1.91,1.75
2016-04-12,FOODS_1_066,4.0,2.0,1.57,1.75,1.69,1.75
2016-04-13,FOODS_1_066,1.0,0.0,1.57,1.75,1.44,1.75
2016-04-14,FOODS_1_066,3.0,1.0,1.57,1.75,1.23,1.75
2016-04-15,FOODS_1_066,2.0,8.0,1.57,1.75,2.56,1.75
2016-04-16,FOODS_1_066,0.0,0.0,1.57,1.75,1.43,1.75
2016-04-17,FOODS_1_066,2.0,0.0,1.57,1.75,1.01,1.75
2016-04-18,FOODS_1_066,1.0,0.0,1.57,1.75,1.9,1.75
2016-04-19,FOODS_1_066,0.0,2.0,1.57,1.75,1.68,1.75
2016-04-20,FOODS_1_066,1.0,0.0,1.57,1.75,1.42,1.75
2016-04-21,FOODS_1_066,4.0,1.0,1.57,1.75,1.22,1.75
2016-04-22,FOODS_1_066,0.0,8.0,1.57,1.75,2.55,1.75
2016-04-23,FOODS_1_066,3.0,0.0,1.57,1.75,1.42,1.75
2016-04-24,FOODS_1_066,1.0,0.0,1.57,1.75,1.0,1.75
2016-03-28,FOODS_1_067,3.0,6.0,1.14,1.96,2.47,1.96
2016-03-29,FOODS_1_067,4.0,2.0,1.14,1.96,1.78,1.96
2016-03-30,FOODS_1_067,7.0,0.0,1.14,1.96,0.0,1.96
2016-03-31,FOODS_1_067,4.0,0.0,1.14,1.96,0.59,1.96
2016-04-01,FOODS_1_067,2.0,0.0,1.14,1.96,0.0,1.96
2016-04-02,FOODS_1_067,4.0,0.0,1.14,1.96,0.0,1.96
2016-04-03,FOODS_1_067,1.0,0.0,1.14,1.96,0.53,1.96
2016-04-04,FOODS_1_067,0.0,6.0,1.14,1.96,2.1,1.96
2016-04-05,FOODS_1_067,1.0,2.0,1.14,1.96,1.41,1.96
2016-04-06,FOODS_1_067,2.0,0.0,1.14,1.96,0.0,1.96
2016-04-07,FOODS_1_067,8.0,0.0,1.14,1.96,0.23,1.96
2016-04-08,FOODS_1_067,0.0,0.0,1.14,1.96,0.0,1.96
2016-04-09,FOODS_1_067,3.0,0.0,1.14,1.96,0.0,1.96
2016-04-10,FOODS_1_067,2.0,0.0,1.14,1.96,0.16,1.96
2016-04-11,FOODS_1_067,3.0,6.0,1.14,1.96,1.74,1.96
2016-04-12,FOODS_1_067,1.0,2.0,1.14,1.96,1.05,1.96
2016-04-13,FOODS_1_067,1.0,0.0,1.14,1.96,0.0,1.96
2016-04-14,FOODS_1_067,0.0,0.0,1.14,1.96,0.0,1.96
2016-04-15,FOODS_1_067,2.0,0.0,1.14,1.96,0.0,1.96
2016-04-16,FOODS_1_067,3.0,0.0,1.14,1.96,0.0,1.96
2016-04-17,FOODS_1_067,6.0,0.0,1.14,1.96,0.0,1.96
2016-04-18,FOODS_1_067,5.0,6.0,1.14,1.96,1.38,1.96
2016-04-19,FOODS_1_067,5.0,2.0,1.14,1.96,0.69,1.96
2016-04-20,FOODS_1_067,2.0,0.0,1.14,1.96,0.0,1.96
2016-04-21,FOODS_1_067,1.0,0.0,1.14,1.96,0.0,1.96
2016-04-22,FOODS_1_067,0.0,0.0,1.14,1.96,0.0,1.96
2016-04-23,FOODS_1_067,0.0,0.0,1.14,1.96,0.0,1.96
2016-04-24,FOODS_1_067,0.0,0.0,1.14,1.96,0.0,1.96
2016-03-28,FOODS_1_068,0.0,0.0,0.14,0.18,0.03,0.18
2016-03-29,FOODS_1_068,0.0,0.0,0.14,0.18,0.0,0.18
2016-03-30,FOODS_1_068,0.0,1.0,0.14,0.18,0.51,0.18
2016-03-31,FOODS_1_068,0.0,0.0,0.14,0.18,0.0,0.18
2016-04-01,FOODS_1_068,0.0,0.0,0.14,0.18,0.0,0.18
2016-04-02,FOODS_1_068,0.0,0.0,0.14,0.18,0.19,0.18
2016-04-03,FOODS_1_068,0.0,0.0,0.14,0.18,0.17,0.18
2016-04-04,FOODS_1_068,0.0,0.0,0.14,0.18,0.01,0.18
2016-04-05,FOODS_1_068,1.0,0.0,0.14,0.18,0.0,0.18
2016-04-06,FOODS_1_068,0.0,1.0,0.14,0.18,0.49,0.18
2016-04-07,FOODS_1_068,1.0,0.0,0.14,0.18,0.0,0.18
2016-04-08,FOODS_1_068,0.0,0.0,0.14,0.18,0.0,0.18
2016-04-09,FOODS_1_068,0.0,0.0,0.14,0.18,0.17,0.18
2016-04-10,FOODS_1_068,0.0,0.0,0.14,0.18,0.15,0.18
2016-04-11,FOODS_1_068,0.0,0.0,0.14,0.18,0.0,0.18
2016-04-12,FOODS_1_068,0.0,0.0,0.14,0.18,0.0,0.18
2016-04-13,FOODS_1_068,0.0,1.0,0.14,0.18,0.47,0.18
2016-04-14,FOODS_1_068,0.0,0.0,0.14,0.18,0.0,0.18
2016-04-15,FOODS_1_068,0.0,0.0,0.14,0.18,0.0,0.18
2016-04-16,FOODS_1_068,0.0,0.0,0.14,0.18,0.14,0.18
2016-04-17,FOODS_1_068,0.0,0.0,0.14,0.18,0.12,0.18
2016-04-18,FOODS_1_068,0.0,0.0,0.14,0.18,0.0,0.18
2016-04-19,FOODS_1_068,0.0,0.0,0.14,0.18,0.0,0.18
2016-04-20,FOODS_1_068,0.0,1.0,0.14,0.18,0.45,0.18
2016-04-21,FOODS_1_068,0.0,0.0,0.14,0.18,0.0,0.18
2016-04-22,FOODS_1_068,0.0,0.0,0.14,0.18,0.0,0.18
2016-04-23,FOODS_1_068,0.0,0.0,0.14,0.18,0.12,0.18
2016-04-24,FOODS_1_068,0.0,0.0,0.14,0.18,0.1,0.18
2016-03-28,FOODS_1_069,10.0,2.0,2.29,1.57,1.84,1.57
2016-03-29,FOODS_1_069,1.0,5.0,2.29,1.57,2.67,1.57
2016-03-30,FOODS_1_069,0.0,1.0,2.29,1.57,1.68,1.57
2016-03-31,FOODS_1_069,0.0,3.0,2.29,1.57,2.84,1.57
2016-04-01,FOODS_1_069,0.0,1.0,2.29,1.57,1.09,1.57
2016-04-02,FOODS_1_069,0.0,0.0,2.29,1.57,3.02,1.57
2016-04-03,FOODS_1_069,6.0,4.0,2.29,1.57,1.77,1.57
2016-04-04,FOODS_1_069,1.0,2.0,2.29,1.57,2.03,1.57
2016-04-05,FOODS_1_069,4.0,5.0,2.29,1.57,2.85,1.57
2016-04-06,FOODS_1_069,0.0,1.0,2.29,1.57,1.86,1.57
2016-04-07,FOODS_1_069,0.0,3.0,2.29,1.57,3.02,1.57
2016-04-08,FOODS_1_069,0.0,1.0,2.29,1.57,1.28,1.57
2016-04-09,FOODS_1_069,6.0,0.0,2.29,1.57,3.2,1.57
2016-04-10,FOODS_1_069,0.0,4.0,2.29,1.57,1.95,1.57
2016-04-11,FOODS_1_069,0.0,2.0,2.29,1.57,2.21,1.57
2016-04-12,FOODS_1_069,5.0,5.0,2.29,1.57,3.03,1.57
2016-04-13,FOODS_1_069,1.0,1.0,2.29,1.57,2.04,1.57
2016-04-14,FOODS_1_069,0.0,3.0,2.29,1.57,3.2,1.57
2016-04-15,FOODS_1_069,0.0,1.0,2.29,1.57,1.46,1.57
2016-04-16,FOODS_1_069,0.0,0.0,2.29,1.57,3.38,1.57
2016-04-17,FOODS_1_069,1.0,4.0,2.29,1.57,2.13,1.57
2016-04-18,FOODS_1_069,1.0,2.0,2.29,1.57,2.39,1.57
2016-04-19,FOODS_1_069,1.0,5.0,2.29,1.57,3.22,1.57
2016-04-20,FOODS_1_069,0.0,1.0,2.29,1.57,2.22,1.57
2016-04-21,FOODS_1_069,2.0,3.0,2.29,1.57,3.38,1.57
2016-04-22,FOODS_1_069,3.0,1.0,2.29,1.57,1.64,1.57
2016-04-23,FOODS_1_069,0.0,0.0,2.29,1.57,3.56,1.57
2016-04-24,FOODS_1_069,0.0,4.0,2.29,1.57,2.31,1.57
2016-03-28,FOODS_1_070,0.0,0.0,0.57,0.61,0.33,0.61
2016-03-29,FOODS_1_070,0.0,0.0,0.57,0.61,0.3,0.61
2016-03-30,FOODS_1_070,0.0,0.0,0.57,0.61,0.46,0.61
2016-03-31,FOODS_1_070,0.0,0.0,0.57,0.61,0.52,0.61
2016-04-01,FOODS_1_070,0.0,3.0,0.57,0.61,2.0,0.61
2016-04-02,FOODS_1_070,0.0,1.0,0.57,0.61,1.33,0.61
2016-04-03,FOODS_1_070,0.0,0.0,0.57,0.61,0.72,0.61
2016-04-04,FOODS_1_070,1.0,0.0,0.57,0.61,0.4,0.61
2016-04-05,FOODS_1_070,1.0,0.0,0.57,0.61,0.36,0.61
2016-04-06,FOODS_1_070,0.0,0.0,0.57,0.61,0.53,0.61
2016-04-07,FOODS_1_070,0.0,0.0,0.57,0.61,0.58,0.61
2016-04-08,FOODS_1_070,3.0,3.0,0.57,0.61,2.06,0.61
2016-04-09,FOODS_1_070,6.0,1.0,0.57,0.61,1.39,0.61
2016-04-10,FOODS_1_070,3.0,0.0,0.57,0.61,0.78,0.61
2016-04-11,FOODS_1_070,2.0,0.0,0.57,0.61,0.46,0.61
2016-04-12,FOODS_1_070,0.0,0.0,0.57,0.61,0.43,0.61
2016-04-13,FOODS_1_070,0.0,0.0,0.57,0.61,0.59,0.61
2016-04-14,FOODS_1_070,0.0,0.0,0.57,0.61,0.65,0.61
2016-04-15,FOODS_1_070,0.0,3.0,0.57,0.61,2.13,0.61
2016-04-16,FOODS_1_070,0.0,1.0,0.57,0.61,1.46,0.61
2016-04-17,FOODS_1_070,0.0,0.0,0.57,0.61,0.85,0.61
2016-04-18,FOODS_1_070,1.0,0.0,0.57,0.61,0.53,0.61
2016-04-19,FOODS_1_070,0.0,0.0,0.57,0.61,0.49,0.61
2016-04-20,FOODS_1_070,0.0,0.0,0.57,0.61,0.66,0.61
2016-04-21,FOODS_1_070,0.0,0.0,0.57,0.61,0.71,0.61
2016-04-22,FOODS_1_070,2.0,3.0,0.57,0.61,2.19,0.61
2016-04-23,FOODS_1_070,0.0,1.0,0.57,0.61,1.52,0.61
2016-04-24,FOODS_1_070,0.0,0.0,0.57,0.61,0.91,0.61
2016-03-28,FOODS_1_071,2.0,0.0,0.43,0.93,0.79,0.93
2016-03-29,FOODS_1_071,0.0,0.0,0.43,0.93,0.0,0.93
2016-03-30,FOODS_1_071,1.0,0.0,0.43,0.93,0.0,0.93
2016-03-31,FOODS_1_071,5.0,0.0,0.43,0.93,0.0,0.93
2016-04-01,FOODS_1_071,3.0,0.0,0.43,0.93,0.6,0.93
2016-04-02,FOODS_1_071,0.0,3.0,0.43,0.93,1.26,0.93
2016-04-03,FOODS_1_071,0.0,0.0,0.43,0.93,0.42,0.93
2016-04-04,FOODS_1_071,0.0,0.0,0.43,0.93,0.59,0.93
2016-04-05,FOODS_1_071,0.0,0.0,0.43,0.93,0.0,0.93
2016-04-06,FOODS_1_071,0.0,0.0,0.43,0.93,0.0,0.93
2016-04-07,FOODS_1_071,0.0,0.0,0.43,0.93,0.0,0.93
2016-04-08,FOODS_1_071,2.0,0.0,0.43,0.93,0.4,0.93
2016-04-09,FOODS_1_071,2.0,3.0,0.43,0.93,1.07,0.93
2016-04-10,FOODS_1_071,0.0,0.0,0.43,0.93,0.22,0.93
2016-04-11,FOODS_1_071,3.0,0.0,0.43,0.93,0.39,0.93
2016-04-12,FOODS_1_071,0.0,0.0,0.43,0.93,0.0,0.93
2016-04-13,FOODS_1_071,0.0,0.0,0.43,0.93,0.0,0.93
2016-04-14,FOODS_1_071,1.0,0.0,0.43,0.93,0.0,0.93
2016-04-15,FOODS_1_071,2.0,0.0,0.43,0.93,0.2,0.93
2016-04-16,FOODS_1_071,0.0,3.0,0.43,0.93,0.87,0.93
2016-04-17,FOODS_1_071,0.0,0.0,0.43,0.93,0.02,0.93
2016-04-18,FOODS_1_071,1.0,0.0,0.43,0.93,0.19,0.93
2016-04-19,FOODS_1_071,1.0,0.0,0.43,0.93,0.0,0.93
2016-04-20,FOODS_1_071,0.0,0.0,0.43,0.93,0.0,0.93
2016-04-21,FOODS_1_071,1.0,0.0,0.43,0.93,0.0,0.93
2016-04-22,FOODS_1_071,2.0,0.0,0.43,0.93,0.0,0.93
2016-04-23,FOODS_1_071,1.0,3.0,0.43,0.93,0.67,0.93
2016-04-24,FOODS_1_071,2.0,0.0,0.43,0.93,0.0,0.93
2016-03-28,FOODS_1_072,0.0,0.0,0.0,0.0,0.0,0.0
2016-03-29,FOODS_1_072,0.0,0.0,0.0,0.0,0.0,0.0
2016-03-30,FOODS_1_072,0.0,0.0,0.0,0.0,0.0,0.0
2016-03-31,FOODS_1_072,0.0,0.0,0.0,0.0,0.0,0.0
2016-04-01,FOODS_1_072,0.0,0.0,0.0,0.0,0.0,0.0
2016-04-02,FOODS_1_072,0.0,0.0,0.0,0.0,0.0,0.0
2016-04-03,FOODS_1_072,0.0,0.0,0.0,0.0,0.0,0.0
2016-04-04,FOODS_1_072,0.0,0.0,0.0,0.0,0.0,0.0
2016-04-05,FOODS_1_072,0.0,0.0,0.0,0.0,0.0,0.0
2016-04-06,FOODS_1_072,0.0,0.0,0.0,0.0,0.0,0.0
2016-04-07,FOODS_1_072,0.0,0.0,0.0,0.0,0.0,0.0
2016-04-08,FOODS_1_072,0.0,0.0,0.0,0.0,0.0,0.0
2016-04-09,FOODS_1_072,0.0,0.0,0.0,0.0,0.0,0.0
2016-04-10,FOODS_1_072,0.0,0.0,0.0,0.0,0.0,0.0
2016-04-11,FOODS_1_072,0.0,0.0,0.0,0.0,0.0,0.0
2016-04-12,FOODS_1_072,0.0,0.0,0.0,0.0,0.0,0.0
2016-04-13,FOODS_1_072,0.0,0.0,0.0,0.0,0.0,0.0
2016-04-14,FOODS_1_072,0.0,0.0,0.0,0.0,0.0,0.0
2016-04-15,FOODS_1_072,0.0,0.0,0.0,0.0,0.0,0.0
2016-04-16,FOODS_1_072,0.0,0.0,0.0,0.0,0.0,0.0
2016-04-17,FOODS_1_072,0.0,0.0,0.0,0.0,0.0,0.0
2016-04-18,FOODS_1_072,0.0,0.0,0.0,0.0,0.0,0.0
2016-04-19,FOODS_1_072,0.0,0.0,0.0,0.0,0.0,0.0
2016-04-20,FOODS_1_072,0.0,0.0,0.0,0.0,0.0,0.0
2016-04-21,FOODS_1_072,0.0,0.0,0.0,0.0,0.0,0.0
2016-04-22,FOODS_1_072,0.0,0.0,0.0,0.0,0.0,0.0
2016-04-23,FOODS_1_072,3.0,0.0,0.0,0.0,0.0,0.0
2016-04-24,FOODS_1_072,0.0,0.0,0.0,0.0,0.0,0.0
2016-03-28,FOODS_1_073,0.0,0.0,0.71,1.0,0.44,1.0
2016-03-29,FOODS_1_073,1.0,0.0,0.71,1.0,0.54,1.0
2016-03-30,FOODS_1_073,0.0,0.0,0.71,1.0,0.83,1.0
2016-03-31,FOODS_1_073,1.0,1.0,0.71,1.0,1.78,1.0
2016-04-01,FOODS_1_073,3.0,3.0,0.71,1.0,0.78,1.0
2016-04-02,FOODS_1_073,0.0,1.0,0.71,1.0,0.56,1.0
2016-04-03,FOODS_1_073,1.0,0.0,0.71,1.0,0.47,1.0
2016-04-04,FOODS_1_073,0.0,0.0,0.71,1.0,0.38,1.0
2016-04-05,FOODS_1_073,1.0,0.0,0.71,1.0,0.48,1.0
2016-04-06,FOODS_1_073,0.0,0.0,0.71,1.0,0.78,1.0
2016-04-07,FOODS_1_073,0.0,1.0,0.71,1.0,1.72,1.0
2016-04-08,FOODS_1_073,1.0,3.0,0.71,1.0,0.73,1.0
2016-04-09,FOODS_1_073,0.0,1.0,0.71,1.0,0.5,1.0
2016-04-10,FOODS_1_073,1.0,0.0,0.71,1.0,0.41,1.0
2016-04-11,FOODS_1_073,0.0,0.0,0.71,1.0,0.32,1.0
2016-04-12,FOODS_1_073,2.0,0.0,0.71,1.0,0.43,1.0
2016-04-13,FOODS_1_073,2.0,0.0,0.71,1.0,0.72,1.0
2016-04-14,FOODS_1_073,2.0,1.0,0.71,1.0,1.66,1.0
2016-04-15,FOODS_1_073,0.0,3.0,0.71,1.0,0.67,1.0
2016-04-16,FOODS_1_073,0.0,1.0,0.71,1.0,0.44,1.0
2016-04-17,FOODS_1_073,3.0,0.0,0.71,1.0,0.36,1.0
2016-04-18,FOODS_1_073,0.0,0.0,0.71,1.0,0.27,1.0
2016-04-19,FOODS_1_073,3.0,0.0,0.71,1.0,0.37,1.0
2016-04-20,FOODS_1_073,1.0,0.0,0.71,1.0,0.66,1.0
2016-04-21,FOODS_1_073,2.0,1.0,0.71,1.0,1.61,1.0
2016-04-22,FOODS_1_073,1.0,3.0,0.71,1.0,0.61,1.0
2016-04-23,FOODS_1_073,1.0,1.0,0.71,1.0,0.39,1.0
2016-04-24,FOODS_1_073,0.0,0.0,0.71,1.0,0.3,1.0
2016-03-28,FOODS_1_074,1.0,2.0,1.71,1.89,1.94,1.89
2016-03-29,FOODS_1_074,2.0,0.0,1.71,1.89,1.8,1.89
2016-03-30,FOODS_1_074,0.0,4.0,1.71,1.89,1.89,1.89
2016-03-31,FOODS_1_074,1.0,1.0,1.71,1.89,0.74,1.89
2016-04-01,FOODS_1_074,7.0,2.0,1.71,1.89,0.85,1.89
2016-04-02,FOODS_1_074,1.0,2.0,1.71,1.89,2.01,1.89
2016-04-03,FOODS_1_074,3.0,1.0,1.71,1.89,1.54,1.89
2016-04-04,FOODS_1_074,1.0,2.0,1.71,1.89,1.84,1.89
2016-04-05,FOODS_1_074,3.0,0.0,1.71,1.89,1.69,1.89
2016-04-06,FOODS_1_074,1.0,4.0,1.71,1.89,1.78,1.89
2016-04-07,FOODS_1_074,0.0,1.0,1.71,1.89,0.64,1.89
2016-04-08,FOODS_1_074,0.0,2.0,1.71,1.89,0.74,1.89
2016-04-09,FOODS_1_074,1.0,2.0,1.71,1.89,1.91,1.89
2016-04-10,FOODS_1_074,3.0,1.0,1.71,1.89,1.43,1.89
2016-04-11,FOODS_1_074,6.0,2.0,1.71,1.89,1.73,1.89
2016-04-12,FOODS_1_074,1.0,0.0,1.71,1.89,1.59,1.89
2016-04-13,FOODS_1_074,1.0,4.0,1.71,1.89,1.68,1.89
2016-04-14,FOODS_1_074,2.0,1.0,1.71,1.89,0.53,1.89
2016-04-15,FOODS_1_074,2.0,2.0,1.71,1.89,0.64,1.89
2016-04-16,FOODS_1_074,4.0,2.0,1.71,1.89,1.8,1.89
2016-04-17,FOODS_1_074,1.0,1.0,1.71,1.89,1.33,1.89
2016-04-18,FOODS_1_074,2.0,2.0,1.71,1.89,1.62,1.89
2016-04-19,FOODS_1_074,0.0,0.0,1.71,1.89,1.48,1.89
2016-04-20,FOODS_1_074,2.0,4.0,1.71,1.89,1.57,1.89
2016-04-21,FOODS_1_074,0.0,1.0,1.71,1.89,0.42,1.89
2016-04-22,FOODS_1_074,1.0,2.0,1.71,1.89,0.53,1.89
2016-04-23,FOODS_1_074,1.0,2.0,1.71,1.89,1.69,1.89
2016-04-24,FOODS_1_074,0.0,1.0,1.71,1.89,1.22,1.89
2016-03-28,FOODS_1_075,1.0,2.0,2.29,1.64,2.69,1.64
2016-03-29,FOODS_1_075,0.0,1.0,2.29,1.64,2.46,1.64
2016-03-30,FOODS_1_075,0.0,0.0,2.29,1.64,2.16,1.64
2016-03-31,FOODS_1_075,1.0,5.0,2.29,1.64,3.32,1.64
2016-04-01,FOODS_1_075,2.0,2.0,2.29,1.64,3.02,1.64
2016-04-02,FOODS_1_075,2.0,3.0,2.29,1.64,3.38,1.64
2016-04-03,FOODS_1_075,0.0,3.0,2.29,1.64,2.5,1.64
2016-04-04,FOODS_1_075,1.0,2.0,2.29,1.64,3.07,1.64
2016-04-05,FOODS_1_075,1.0,1.0,2.29,1.64,2.83,1.64
2016-04-06,FOODS_1_075,1.0,0.0,2.29,1.64,2.54,1.64
2016-04-07,FOODS_1_075,2.0,5.0,2.29,1.64,3.7,1.64
2016-04-08,FOODS_1_075,4.0,2.0,2.29,1.64,3.39,1.64
2016-04-09,FOODS_1_075,0.0,3.0,2.29,1.64,3.76,1.64
2016-04-10,FOODS_1_075,0.0,3.0,2.29,1.64,2.87,1.64
2016-04-11,FOODS_1_075,0.0,2.0,2.29,1.64,3.45,1.64
2016-04-12,FOODS_1_075,0.0,1.0,2.29,1.64,3.21,1.64
2016-04-13,FOODS_1_075,3.0,0.0,2.29,1.64,2.92,1.64
2016-04-14,FOODS_1_075,0.0,5.0,2.29,1.64,4.08,1.64
2016-04-15,FOODS_1_075,1.0,2.0,2.29,1.64,3.77,1.64
2016-04-16,FOODS_1_075,0.0,3.0,2.29,1.64,4.14,1.64
2016-04-17,FOODS_1_075,3.0,3.0,2.29,1.64,3.25,1.64
2016-04-18,FOODS_1_075,1.0,2.0,2.29,1.64,3.82,1.64
2016-04-19,FOODS_1_075,0.0,1.0,2.29,1.64,3.59,1.64
2016-04-20,FOODS_1_075,0.0,0.0,2.29,1.64,3.3,1.64
2016-04-21,FOODS_1_075,0.0,5.0,2.29,1.64,4.46,1.64
2016-04-22,FOODS_1_075,0.0,2.0,2.29,1.64,4.15,1.64
2016-04-23,FOODS_1_075,1.0,3.0,2.29,1.64,4.51,1.64
2016-04-24,FOODS_1_075,1.0,3.0,2.29,1.64,3.63,1.64
2016-03-28,FOODS_1_076,1.0,3.0,1.71,1.39,1.7,1.39
2016-03-29,FOODS_1_076,1.0,0.0,1.71,1.39,1.5,1.39
2016-03-30,FOODS_1_076,4.0,3.0,1.71,1.39,1.8,1.39
2016-03-31,FOODS_1_076,1.0,1.0,1.71,1.39,1.42,1.39
2016-04-01,FOODS_1_076,3.0,2.0,1.71,1.39,2.74,1.39
2016-04-02,FOODS_1_076,1.0,1.0,1.71,1.39,1.53,1.39
2016-04-03,FOODS_1_076,1.0,2.0,1.71,1.39,1.1,1.39
2016-04-04,FOODS_1_076,3.0,3.0,1.71,1.39,1.82,1.39
2016-04-05,FOODS_1_076,5.0,0.0,1.71,1.39,1.62,1.39
2016-04-06,FOODS_1_076,4.0,3.0,1.71,1.39,1.92,1.39
2016-04-07,FOODS_1_076,3.0,1.0,1.71,1.39,1.53,1.39
2016-04-08,FOODS_1_076,2.0,2.0,1.71,1.39,2.86,1.39
2016-04-09,FOODS_1_076,1.0,1.0,1.71,1.39,1.65,1.39
2016-04-10,FOODS_1_076,1.0,2.0,1.71,1.39,1.22,1.39
2016-04-11,FOODS_1_076,2.0,3.0,1.71,1.39,1.93,1.39
2016-04-12,FOODS_1_076,0.0,0.0,1.71,1.39,1.73,1.39
2016-04-13,FOODS_1_076,2.0,3.0,1.71,1.39,2.03,1.39
2016-04-14,FOODS_1_076,4.0,1.0,1.71,1.39,1.64,1.39
2016-04-15,FOODS_1_076,1.0,2.0,1.71,1.39,2.97,1.39
2016-04-16,FOODS_1_076,0.0,1.0,1.71,1.39,1.76,1.39
2016-04-17,FOODS_1_076,0.0,2.0,1.71,1.39,1.33,1.39
2016-04-18,FOODS_1_076,1.0,3.0,1.71,1.39,2.04,1.39
2016-04-19,FOODS_1_076,1.0,0.0,1.71,1.39,1.84,1.39
2016-04-20,FOODS_1_076,0.0,3.0,1.71,1.39,2.14,1.39
2016-04-21,FOODS_1_076,0.0,1.0,1.71,1.39,1.75,1.39
2016-04-22,FOODS_1_076,5.0,2.0,1.71,1.39,3.08,1.39
2016-04-23,FOODS_1_076,3.0,1.0,1.71,1.39,1.87,1.39
2016-04-24,FOODS_1_076,0.0,2.0,1.71,1.39,1.44,1.39
2016-03-28,FOODS_1_077,0.0,0.0,0.0,0.21,0.0,0.21
2016-03-29,FOODS_1_077,0.0,0.0,0.0,0.21,0.0,0.21
2016-03-30,FOODS_1_077,0.0,0.0,0.0,0.21,0.0,0.21
2016-03-31,FOODS_1_077,0.0,0.0,0.0,0.21,0.0,0.21
2016-04-01,FOODS_1_077,0.0,0.0,0.0,0.21,0.0,0.21
2016-04-02,FOODS_1_077,1.0,0.0,0.0,0.21,0.1,0.21
2016-04-03,FOODS_1_077,0.0,0.0,0.0,0.21,0.0,0.21
2016-04-04,FOODS_1_077,0.0,0.0,0.0,0.21,0.0,0.21
2016-04-05,FOODS_1_077,0.0,0.0,0.0,0.21,0.0,0.21
2016-04-06,FOODS_1_077,0.0,0.0,0.0,0.21,0.0,0.21
2016-04-07,FOODS_1_077,0.0,0.0,0.0,0.21,0.0,0.21
2016-04-08,FOODS_1_077,0.0,0.0,0.0,0.21,0.0,0.21
2016-04-09,FOODS_1_077,0.0,0.0,0.0,0.21,0.01,0.21
2016-04-10,FOODS_1_077,1.0,0.0,0.0,0.21,0.0,0.21
2016-04-11,FOODS_1_077,1.0,0.0,0.0,0.21,0.0,0.21
2016-04-12,FOODS_1_077,0.0,0.0,0.0,0.21,0.0,0.21
2016-04-13,FOODS_1_077,0.0,0.0,0.0,0.21,0.0,0.21
2016-04-14,FOODS_1_077,0.0,0.0,0.0,0.21,0.0,0.21
2016-04-15,FOODS_1_077,0.0,0.0,0.0,0.21,0.0,0.21
2016-04-16,FOODS_1_077,0.0,0.0,0.0,0.21,0.0,0.21
2016-04-17,FOODS_1_077,0.0,0.0,0.0,0.21,0.0,0.21
2016-04-18,FOODS_1_077,1.0,0.0,0.0,0.21,0.0,0.21
2016-04-19,FOODS_1_077,1.0,0.0,0.0,0.21,0.0,0.21
2016-04-20,FOODS_1_077,0.0,0.0,0.0,0.21,0.0,0.21
2016-04-21,FOODS_1_077,0.0,0.0,0.0,0.21,0.0,0.21
2016-04-22,FOODS_1_077,0.0,0.0,0.0,0.21,0.0,0.21
2016-04-23,FOODS_1_077,0.0,0.0,0.0,0.21,0.0,0.21
2016-04-24,FOODS_1_077,0.0,0.0,0.0,0.21,0.0,0.21
2016-03-28,FOODS_1_078,5.0,0.0,1.29,0.5,0.94,0.5
2016-03-29,FOODS_1_078,2.0,5.0,1.29,0.5,2.03,0.5
2016-03-30,FOODS_1_078,0.0,0.0,1.29,0.5,0.63,0.5
2016-03-31,FOODS_1_078,0.0,1.0,1.29,0.5,1.17,0.5
2016-04-01,FOODS_1_078,5.0,0.0,1.29,0.5,1.14,0.5
2016-04-02,FOODS_1_078,2.0,3.0,1.29,0.5,1.69,0.5
2016-04-03,FOODS_1_078,0.0,0.0,1.29,0.5,1.04,0.5
2016-04-04,FOODS_1_078,0.0,0.0,1.29,0.5,1.13,0.5
2016-04-05,FOODS_1_078,0.0,5.0,1.29,0.5,2.22,0.5
2016-04-06,FOODS_1_078,0.0,0.0,1.29,0.5,0.83,0.5
2016-04-07,FOODS_1_078,0.0,1.0,1.29,0.5,1.36,0.5
2016-04-08,FOODS_1_078,1.0,0.0,1.29,0.5,1.34,0.5
2016-04-09,FOODS_1_078,0.0,3.0,1.29,0.5,1.88,0.5
2016-04-10,FOODS_1_078,0.0,0.0,1.29,0.5,1.24,0.5
2016-04-11,FOODS_1_078,0.0,0.0,1.29,0.5,1.33,0.5
2016-04-12,FOODS_1_078,3.0,5.0,1.29,0.5,2.42,0.5
2016-04-13,FOODS_1_078,1.0,0.0,1.29,0.5,1.02,0.5
2016-04-14,FOODS_1_078,0.0,1.0,1.29,0.5,1.56,0.5
2016-04-15,FOODS_1_078,1.0,0.0,1.29,0.5,1.53,0.5
2016-04-16,FOODS_1_078,0.0,3.0,1.29,0.5,2.08,0.5
2016-04-17,FOODS_1_078,1.0,0.0,1.29,0.5,1.43,0.5
2016-04-18,FOODS_1_078,0.0,0.0,1.29,0.5,1.53,0.5
2016-04-19,FOODS_1_078,1.0,5.0,1.29,0.5,2.62,0.5
2016-04-20,FOODS_1_078,0.0,0.0,1.29,0.5,1.22,0.5
2016-04-21,FOODS_1_078,0.0,1.0,1.29,0.5,1.76,0.5
2016-04-22,FOODS_1_078,1.0,0.0,1.29,0.5,1.73,0.5
2016-04-23,FOODS_1_078,0.0,3.0,1.29,0.5,2.27,0.5
2016-04-24,FOODS_1_078,0.0,0.0,1.29,0.5,1.63,0.5
2016-03-28,FOODS_1_079,0.0,0.0,0.14,0.11,0.02,0.11
2016-03-29,FOODS_1_079,0.0,1.0,0.14,0.11,0.24,0.11
2016-03-30,FOODS_1_079,0.0,0.0,0.14,0.11,0.0,0.11
2016-03-31,FOODS_1_079,0.0,0.0,0.14,0.11,0.01,0.11
2016-04-01,FOODS_1_079,0.0,0.0,0.14,0.11,0.28,0.11
2016-04-02,FOODS_1_079,0.0,0.0,0.14,0.11,0.0,0.11
2016-04-03,FOODS_1_079,0.0,0.0,0.14,0.11,0.02,0.11
2016-04-04,FOODS_1_079,0.0,0.0,0.14,0.11,0.02,0.11
2016-04-05,FOODS_1_079,0.0,1.0,0.14,0.11,0.23,0.11
2016-04-06,FOODS_1_079,0.0,0.0,0.14,0.11,0.0,0.11
2016-04-07,FOODS_1_079,0.0,0.0,0.14,0.11,0.01,0.11
2016-04-08,FOODS_1_079,0.0,0.0,0.14,0.11,0.28,0.11
2016-04-09,FOODS_1_079,0.0,0.0,0.14,0.11,0.0,0.11
2016-04-10,FOODS_1_079,0.0,0.0,0.14,0.11,0.01,0.11
2016-04-11,FOODS_1_079,0.0,0.0,0.14,0.11,0.02,0.11
2016-04-12,FOODS_1_079,0.0,1.0,0.14,0.11,0.23,0.11
2016-04-13,FOODS_1_079,0.0,0.0,0.14,0.11,0.0,0.11
2016-04-14,FOODS_1_079,0.0,0.0,0.14,0.11,0.01,0.11
2016-04-15,FOODS_1_079,0.0,0.0,0.14,0.11,0.27,0.11
2016-04-16,FOODS_1_079,0.0,0.0,0.14,0.11,0.0,0.11
2016-04-17,FOODS_1_079,0.0,0.0,0.14,0.11,0.01,0.11
2016-04-18,FOODS_1_079,0.0,0.0,0.14,0.11,0.02,0.11
2016-04-19,FOODS_1_079,0.0,1.0,0.14,0.11,0.23,0.11
2016-04-20,FOODS_1_079,0.0,0.0,0.14,0.11,0.0,0.11
2016-04-21,FOODS_1_079,0.0,0.0,0.14,0.11,0.01,0.11
2016-04-22,FOODS_1_079,0.0,0.0,0.14,0.11,0.27,0.11
2016-04-23,FOODS_1_079,0.0,0.0,0.14,0.11,0.0,0.11
2016-04-24,FOODS_1_079,0.0,0.0,0.14,0.11,0.01,0.11
2016-03-28,FOODS_1_080,0.0,2.0,1.14,1.0,0.87,1.0
2016-03-29,FOODS_1_080,0.0,1.0,1.14,1.0,0.41,1.0
2016-03-30,FOODS_1_080,0.0,0.0,1.14,1.0,0.41,1.0
2016-03-31,FOODS_1_080,0.0,1.0,1.14,1.0,0.59,1.0
2016-04-01,FOODS_1_080,0.0,0.0,1.14,1.0,1.02,1.0
2016-04-02,FOODS_1_080,0.0,4.0,1.14,1.0,2.8,1.0
2016-04-03,FOODS_1_080,4.0,0.0,1.14,1.0,1.71,1.0
2016-04-04,FOODS_1_080,0.0,2.0,1.14,1.0,0.9,1.0
2016-04-05,FOODS_1_080,0.0,1.0,1.14,1.0,0.44,1.0
2016-04-06,FOODS_1_080,0.0,0.0,1.14,1.0,0.44,1.0
2016-04-07,FOODS_1_080,1.0,1.0,1.14,1.0,0.62,1.0
2016-04-08,FOODS_1_080,2.0,0.0,1.14,1.0,1.05,1.0
2016-04-09,FOODS_1_080,1.0,4.0,1.14,1.0,2.84,1.0
2016-04-10,FOODS_1_080,0.0,0.0,1.14,1.0,1.75,1.0
2016-04-11,FOODS_1_080,1.0,2.0,1.14,1.0,0.93,1.0
2016-04-12,FOODS_1_080,1.0,1.0,1.14,1.0,0.48,1.0
2016-04-13,FOODS_1_080,2.0,0.0,1.14,1.0,0.47,1.0
2016-04-14,FOODS_1_080,0.0,1.0,1.14,1.0,0.66,1.0
2016-04-15,FOODS_1_080,2.0,0.0,1.14,1.0,1.09,1.0
2016-04-16,FOODS_1_080,1.0,4.0,1.14,1.0,2.87,1.0
2016-04-17,FOODS_1_080,0.0,0.0,1.14,1.0,1.78,1.0
2016-04-18,FOODS_1_080,1.0,2.0,1.14,1.0,0.97,1.0
2016-04-19,FOODS_1_080,2.0,1.0,1.14,1.0,0.51,1.0
2016-04-20,FOODS_1_080,1.0,0.0,1.14,1.0,0.51,1.0
2016-04-21,FOODS_1_080,0.0,1.0,1.14,1.0,0.69,1.0
2016-04-22,FOODS_1_080,1.0,0.0,1.14,1.0,1.12,1.0
2016-04-23,FOODS_1_080,2.0,4.0,1.14,1.0,2.9,1.0
2016-04-24,FOODS_1_080,1.0,0.0,1.14,1.0,1.81,1.0
2016-03-28,FOODS_1_081,0.0,0.0,1.43,1.18,1.41,1.18
2016-03-29,FOODS_1_081,5.0,0.0,1.43,1.18,1.49,1.18
2016-03-30,FOODS_1_081,1.0,6.0,1.43,1.18,2.35,1.18
2016-03-31,FOODS_1_081,0.0,0.0,1.43,1.18,0.72,1.18
2016-04-01,FOODS_1_081,0.0,0.0,1.43,1.18,2.23,1.18
2016-04-02,FOODS_1_081,0.0,2.0,1.43,1.18,1.48,1.18
2016-04-03,FOODS_1_081,0.0,2.0,1.43,1.18,0.84,1.18
2016-04-04,FOODS_1_081,1.0,0.0,1.43,1.18,1.51,1.18
2016-04-05,FOODS_1_081,0.0,0.0,1.43,1.18,1.59,1.18
2016-04-06,FOODS_1_081,0.0,6.0,1.43,1.18,2.46,1.18
2016-04-07,FOODS_1_081,0.0,0.0,1.43,1.18,0.83,1.18
2016-04-08,FOODS_1_081,4.0,0.0,1.43,1.18,2.34,1.18
2016-04-09,FOODS_1_081,0.0,2.0,1.43,1.18,1.59,1.18
2016-04-10,FOODS_1_081,0.0,2.0,1.43,1.18,0.95,1.18
2016-04-11,FOODS_1_081,1.0,0.0,1.43,1.18,1.62,1.18
2016-04-12,FOODS_1_081,2.0,0.0,1.43,1.18,1.7,1.18
2016-04-13,FOODS_1_081,0.0,6.0,1.43,1.18,2.57,1.18
2016-04-14,FOODS_1_081,2.0,0.0,1.43,1.18,0.94,1.18
2016-04-15,FOODS_1_081,0.0,0.0,1.43,1.18,2.45,1.18
2016-04-16,FOODS_1_081,2.0,2.0,1.43,1.18,1.69,1.18
2016-04-17,FOODS_1_081,0.0,2.0,1.43,1.18,1.06,1.18
2016-04-18,FOODS_1_081,0.0,0.0,1.43,1.18,1.73,1.18
2016-04-19,FOODS_1_081,2.0,0.0,1.43,1.18,1.81,1.18
2016-04-20,FOODS_1_081,7.0,6.0,1.43,1.18,2.68,1.18
2016-04-21,FOODS_1_081,0.0,0.0,1.43,1.18,1.04,1.18
2016-04-22,FOODS_1_081,1.0,0.0,1.43,1.18,2.55,1.18
2016-04-23,FOODS_1_081,1.0,2.0,1.43,1.18,1.8,1.18
2016-04-24,FOODS_1_081,1.0,2.0,1.43,1.18,1.17,1.18
2016-03-28,FOODS_1_082,2.0,9.0,14.43,11.36,12.55,11.36
2016-03-29,FOODS_1_082,3.0,11.0,14.43,11.36,13.91,11.36
2016-03-30,FOODS_1_082,14.0,9.0,14.43,11.36,12.66,11.36
2016-03-31,FOODS_1_082,14.0,3.0,14.43,11.36,14.4,11.36
2016-04-01,FOODS_1_082,9.0,19.0,14.43,11.36,18.6,11.36
2016-04-02,FOODS_1_082,8.0,35.0,14.43,11.36,23.67,11.36
2016-04-03,FOODS_1_082,9.0,15.0,14.43,11.36,18.1,11.36
2016-04-04,FOODS_1_082,9.0,9.0,14.43,11.36,14.18,11.36
2016-04-05,FOODS_1_082,5.0,11.0,14.43,11.36,15.54,11.36
2016-04-06,FOODS_1_082,6.0,9.0,14.43,11.36,14.29,11.36
2016-04-07,FOODS_1_082,7.0,3.0,14.43,11.36,16.03,11.36
2016-04-08,FOODS_1_082,5.0,19.0,14.43,11.36,20.23,11.36
2016-04-09,FOODS_1_082,8.0,35.0,14.43,11.36,25.3,11.36
2016-04-10,FOODS_1_082,9.0,15.0,14.43,11.36,19.74,11.36
2016-04-11,FOODS_1_082,1.0,9.0,14.43,11.36,15.82,11.36
2016-04-12,FOODS_1_082,3.0,11.0,14.43,11.36,17.17,11.36
2016-04-13,FOODS_1_082,3.0,9.0,14.43,11.36,15.92,11.36
2016-04-14,FOODS_1_082,4.0,3.0,14.43,11.36,17.66,11.36
2016-04-15,FOODS_1_082,4.0,19.0,14.43,11.36,21.86,11.36
2016-04-16,FOODS_1_082,14.0,35.0,14.43,11.36,26.93,11.36
2016-04-17,FOODS_1_082,8.0,15.0,14.43,11.36,21.37,11.36
2016-04-18,FOODS_1_082,6.0,9.0,14.43,11.36,17.45,11.36
2016-04-19,FOODS_1_082,9.0,11.0,14.43,11.36,18.8,11.36
2016-04-20,FOODS_1_082,10.0,9.0,14.43,11.36,17.56,11.36
2016-04-21,FOODS_1_082,10.0,3.0,14.43,11.36,19.29,11.36
2016-04-22,FOODS_1_082,12.0,19.0,14.43,11.36,23.49,11.36
2016-04-23,FOODS_1_082,8.0,35.0,14.43,11.36,28.56,11.36
2016-04-24,FOODS_1_082,7.0,15.0,14.43,11.36,23.0,11.36
2016-03-28,FOODS_1_083,3.0,0.0,0.57,1.25,0.11,1.25
2016-03-29,FOODS_1_083,0.0,1.0,0.57,1.25,1.17,1.25
2016-03-30,FOODS_1_083,1.0,0.0,0.57,1.25,0.43,1.25
2016-03-31,FOODS_1_083,6.0,1.0,0.57,1.25,0.73,1.25
2016-04-01,FOODS_1_083,0.0,0.0,0.57,1.25,0.16,1.25
2016-04-02,FOODS_1_083,0.0,0.0,0.57,1.25,1.16,1.25
2016-04-03,FOODS_1_083,0.0,2.0,0.57,1.25,0.08,1.25
2016-04-04,FOODS_1_083,0.0,0.0,0.57,1.25,0.0,1.25
2016-04-05,FOODS_1_083,0.0,1.0,0.57,1.25,0.93,1.25
2016-04-06,FOODS_1_083,0.0,0.0,0.57,1.25,0.19,1.25
2016-04-07,FOODS_1_083,0.0,1.0,0.57,1.25,0.49,1.25
2016-04-08,FOODS_1_083,0.0,0.0,0.57,1.25,0.0,1.25
2016-04-09,FOODS_1_083,0.0,0.0,0.57,1.25,0.92,1.25
2016-04-10,FOODS_1_083,2.0,2.0,0.57,1.25,0.0,1.25
2016-04-11,FOODS_1_083,2.0,0.0,0.57,1.25,0.0,1.25
2016-04-12,FOODS_1_083,2.0,1.0,0.57,1.25,0.69,1.25
2016-04-13,FOODS_1_083,1.0,0.0,0.57,1.25,0.0,1.25
2016-04-14,FOODS_1_083,3.0,1.0,0.57,1.25,0.25,1.25
2016-04-15,FOODS_1_083,0.0,0.0,0.57,1.25,0.0,1.25
2016-04-16,FOODS_1_083,1.0,0.0,0.57,1.25,0.68,1.25
2016-04-17,FOODS_1_083,0.0,2.0,0.57,1.25,0.0,1.25
2016-04-18,FOODS_1_083,0.0,0.0,0.57,1.25,0.0,1.25
2016-04-19,FOODS_1_083,0.0,1.0,0.57,1.25,0.45,1.25
2016-04-20,FOODS_1_083,0.0,0.0,0.57,1.25,0.0,1.25
2016-04-21,FOODS_1_083,1.0,1.0,0.57,1.25,0.02,1.25
2016-04-22,FOODS_1_083,2.0,0.0,0.57,1.25,0.0,1.25
2016-04-23,FOODS_1_083,2.0,0.0,0.57,1.25,0.44,1.25
2016-04-24,FOODS_1_083,0.0,2.0,0.57,1.25,0.0,1.25
2016-03-28,FOODS_1_084,0.0,0.0,0.0,0.0,0.02,0.0
2016-03-29,FOODS_1_084,0.0,0.0,0.0,0.0,0.0,0.0
2016-03-30,FOODS_1_084,0.0,0.0,0.0,0.0,0.01,0.0
2016-03-31,FOODS_1_084,0.0,0.0,0.0,0.0,0.02,0.0
2016-04-01,FOODS_1_084,0.0,0.0,0.0,0.0,0.0,0.0
2016-04-02,FOODS_1_084,0.0,0.0,0.0,0.0,0.0,0.0
2016-04-03,FOODS_1_084,0.0,0.0,0.0,0.0,0.0,0.0
2016-04-04,FOODS_1_084,0.0,0.0,0.0,0.0,0.02,0.0
2016-04-05,FOODS_1_084,0.0,0.0,0.0,0.0,0.0,0.0
2016-04-06,FOODS_1_084,0.0,0.0,0.0,0.0,0.01,0.0
2016-04-07,FOODS_1_084,0.0,0.0,0.0,0.0,0.01,0.0
2016-04-08,FOODS_1_084,0.0,0.0,0.0,0.0,0.0,0.0
2016-04-09,FOODS_1_084,0.0,0.0,0.0,0.0,0.0,0.0
2016-04-10,FOODS_1_084,0.0,0.0,0.0,0.0,0.0,0.0
2016-04-11,FOODS_1_084,0.0,0.0,0.0,0.0,0.01,0.0
2016-04-12,FOODS_1_084,0.0,0.0,0.0,0.0,0.0,0.0
2016-04-13,FOODS_1_084,0.0,0.0,0.0,0.0,0.0,0.0
2016-04-14,FOODS_1_084,0.0,0.0,0.0,0.0,0.0,0.0
2016-04-15,FOODS_1_084,0.0,0.0,0.0,0.0,0.0,0.0
2016-04-16,FOODS_1_084,0.0,0.0,0.0,0.0,0.0,0.0
2016-04-17,FOODS_1_084,0.0,0.0,0.0,0.0,0.0,0.0
2016-04-18,FOODS_1_084,0.0,0.0,0.0,0.0,0.01,0.0
2016-04-19,FOODS_1_084,0.0,0.0,0.0,0.0,0.0,0.0
2016-04-20,FOODS_1_084,0.0,0.0,0.0,0.0,0.0,0.0
2016-04-21,FOODS_1_084,0.0,0.0,0.0,0.0,0.0,0.0
2016-04-22,FOODS_1_084,0.0,0.0,0.0,0.0,0.0,0.0
2016-04-23,FOODS_1_084,0.0,0.0,0.0,0.0,0.0,0.0
2016-04-24,FOODS_1_084,0.0,0.0,0.0,0.0,0.0,0.0
2016-03-28,FOODS_1_085,2.0,3.0,10.43,11.82,5.66,11.82
2016-03-29,FOODS_1_085,11.0,12.0,10.43,11.82,6.57,11.82
2016-03-30,FOODS_1_085,9.0,10.0,10.43,11.82,6.68,11.82
2016-03-31,FOODS_1_085,23.0,9.0,10.43,11.82,12.55,11.82
2016-04-01,FOODS_1_085,10.0,14.0,10.43,11.82,14.01,11.82
2016-04-02,FOODS_1_085,12.0,9.0,10.43,11.82,12.41,11.82
2016-04-03,FOODS_1_085,9.0,16.0,10.43,11.82,10.58,11.82
2016-04-04,FOODS_1_085,7.0,3.0,10.43,11.82,5.14,11.82
2016-04-05,FOODS_1_085,4.0,12.0,10.43,11.82,6.04,11.82
2016-04-06,FOODS_1_085,6.0,10.0,10.43,11.82,6.16,11.82
2016-04-07,FOODS_1_085,2.0,9.0,10.43,11.82,12.02,11.82
2016-04-08,FOODS_1_085,11.0,14.0,10.43,11.82,13.49,11.82
2016-04-09,FOODS_1_085,15.0,9.0,10.43,11.82,11.89,11.82
2016-04-10,FOODS_1_085,7.0,16.0,10.43,11.82,10.06,11.82
2016-04-11,FOODS_1_085,3.0,3.0,10.43,11.82,4.61,11.82
2016-04-12,FOODS_1_085,4.0,12.0,10.43,11.82,5.52,11.82
2016-04-13,FOODS_1_085,3.0,10.0,10.43,11.82,5.64,11.82
2016-04-14,FOODS_1_085,10.0,9.0,10.43,11.82,11.5,11.82
2016-04-15,FOODS_1_085,12.0,14.0,10.43,11.82,12.96,11.82
2016-04-16,FOODS_1_085,14.0,9.0,10.43,11.82,11.37,11.82
2016-04-17,FOODS_1_085,6.0,16.0,10.43,11.82,9.54,11.82
2016-04-18,FOODS_1_085,5.0,3.0,10.43,11.82,4.09,11.82
2016-04-19,FOODS_1_085,6.0,12.0,10.43,11.82,5.0,11.82
2016-04-20,FOODS_1_085,9.0,10.0,10.43,11.82,5.12,11.82
2016-04-21,FOODS_1_085,20.0,9.0,10.43,11.82,10.98,11.82
2016-04-22,FOODS_1_085,14.0,14.0,10.43,11.82,12.44,11.82
2016-04-23,FOODS_1_085,5.0,9.0,10.43,11.82,10.85,11.82
2016-04-24,FOODS_1_085,9.0,16.0,10.43,11.82,9.02,11.82
2016-03-28,FOODS_1_086,2.0,4.0,8.43,5.93,6.34,5.93
2016-03-29,FOODS_1_086,0.0,9.0,8.43,5.93,7.24,5.93
2016-03-30,FOODS_1_086,0.0,10.0,8.43,5.93,6.04,5.93
2016-03-31,FOODS_1_086,0.0,2.0,8.43,5.93,6.13,5.93
2016-04-01,FOODS_1_086,0.0,12.0,8.43,5.93,14.15,5.93
2016-04-02,FOODS_1_086,8.0,19.0,8.43,5.93,12.12,5.93
2016-04-03,FOODS_1_086,4.0,3.0,8.43,5.93,8.93,5.93
2016-04-04,FOODS_1_086,14.0,4.0,8.43,5.93,7.22,5.93
2016-04-05,FOODS_1_086,4.0,9.0,8.43,5.93,8.12,5.93
2016-04-06,FOODS_1_086,3.0,10.0,8.43,5.93,6.92,5.93
2016-04-07,FOODS_1_086,12.0,2.0,8.43,5.93,7.01,5.93
2016-04-08,FOODS_1_086,9.0,12.0,8.43,5.93,15.02,5.93
2016-04-09,FOODS_1_086,6.0,19.0,8.43,5.93,13.0,5.93
2016-04-10,FOODS_1_086,0.0,3.0,8.43,5.93,9.81,5.93
2016-04-11,FOODS_1_086,0.0,4.0,8.43,5.93,8.1,5.93
2016-04-12,FOODS_1_086,0.0,9.0,8.43,5.93,9.0,5.93
2016-04-13,FOODS_1_086,0.0,10.0,8.43,5.93,7.8,5.93
2016-04-14,FOODS_1_086,0.0,2.0,8.43,5.93,7.89,5.93
2016-04-15,FOODS_1_086,11.0,12.0,8.43,5.93,15.9,5.93
2016-04-16,FOODS_1_086,0.0,19.0,8.43,5.93,13.88,5.93
2016-04-17,FOODS_1_086,0.0,3.0,8.43,5.93,10.69,5.93
2016-04-18,FOODS_1_086,12.0,4.0,8.43,5.93,8.98,5.93
2016-04-19,FOODS_1_086,7.0,9.0,8.43,5.93,9.88,5.93
2016-04-20,FOODS_1_086,9.0,10.0,8.43,5.93,8.68,5.93
2016-04-21,FOODS_1_086,10.0,2.0,8.43,5.93,8.77,5.93
2016-04-22,FOODS_1_086,7.0,12.0,8.43,5.93,16.78,5.93
2016-04-23,FOODS_1_086,3.0,19.0,8.43,5.93,14.76,5.93
2016-04-24,FOODS_1_086,10.0,3.0,8.43,5.93,11.57,5.93
2016-03-28,FOODS_1_087,1.0,1.0,1.0,2.57,3.01,2.57
2016-03-29,FOODS_1_087,7.0,0.0,1.0,2.57,0.28,2.57
2016-03-30,FOODS_1_087,3.0,1.0,1.0,2.57,1.17,2.57
2016-03-31,FOODS_1_087,3.0,3.0,1.0,2.57,0.97,2.57
2016-04-01,FOODS_1_087,3.0,0.0,1.0,2.57,0.4,2.57
2016-04-02,FOODS_1_087,4.0,0.0,1.0,2.57,0.11,2.57
2016-04-03,FOODS_1_087,2.0,2.0,1.0,2.57,0.63,2.57
2016-04-04,FOODS_1_087,5.0,1.0,1.0,2.57,2.44,2.57
2016-04-05,FOODS_1_087,0.0,0.0,1.0,2.57,0.0,2.57
2016-04-06,FOODS_1_087,6.0,1.0,1.0,2.57,0.61,2.57
2016-04-07,FOODS_1_087,3.0,3.0,1.0,2.57,0.41,2.57
2016-04-08,FOODS_1_087,5.0,0.0,1.0,2.57,0.0,2.57
2016-04-09,FOODS_1_087,10.0,0.0,1.0,2.57,0.0,2.57
2016-04-10,FOODS_1_087,3.0,2.0,1.0,2.57,0.06,2.57
2016-04-11,FOODS_1_087,2.0,1.0,1.0,2.57,1.88,2.57
2016-04-12,FOODS_1_087,1.0,0.0,1.0,2.57,0.0,2.57
2016-04-13,FOODS_1_087,4.0,1.0,1.0,2.57,0.04,2.57
2016-04-14,FOODS_1_087,4.0,3.0,1.0,2.57,0.0,2.57
2016-04-15,FOODS_1_087,6.0,0.0,1.0,2.57,0.0,2.57
2016-04-16,FOODS_1_087,2.0,0.0,1.0,2.57,0.0,2.57
2016-04-17,FOODS_1_087,1.0,2.0,1.0,2.57,0.0,2.57
2016-04-18,FOODS_1_087,1.0,1.0,1.0,2.57,1.31,2.57
2016-04-19,FOODS_1_087,5.0,0.0,1.0,2.57,0.0,2.57
2016-04-20,FOODS_1_087,3.0,1.0,1.0,2.57,0.0,2.57
2016-04-21,FOODS_1_087,2.0,3.0,1.0,2.57,0.0,2.57
2016-04-22,FOODS_1_087,1.0,0.0,1.0,2.57,0.0,2.57
2016-04-23,FOODS_1_087,8.0,0.0,1.0,2.57,0.0,2.57
2016-04-24,FOODS_1_087,2.0,2.0,1.0,2.57,0.0,2.57
2016-03-28,FOODS_1_088,0.0,1.0,0.57,1.75,0.97,1.75
2016-03-29,FOODS_1_088,2.0,2.0,0.57,1.75,0.24,1.75
2016-03-30,FOODS_1_088,2.0,0.0,0.57,1.75,0.0,1.75
2016-03-31,FOODS_1_088,1.0,0.0,0.57,1.75,0.18,1.75
2016-04-01,FOODS_1_088,0.0,0.0,0.57,1.75,0.0,1.75
2016-04-02,FOODS_1_088,1.0,0.0,0.57,1.75,0.61,1.75
2016-04-03,FOODS_1_088,0.0,1.0,0.57,1.75,1.25,1.75
2016-04-04,FOODS_1_088,0.0,1.0,0.57,1.75,0.62,1.75
2016-04-05,FOODS_1_088,0.0,2.0,0.57,1.75,0.0,1.75
2016-04-06,FOODS_1_088,0.0,0.0,0.57,1.75,0.0,1.75
2016-04-07,FOODS_1_088,1.0,0.0,0.57,1.75,0.0,1.75
2016-04-08,FOODS_1_088,1.0,0.0,0.57,1.75,0.0,1.75
2016-04-09,FOODS_1_088,0.0,0.0,0.57,1.75,0.27,1.75
2016-04-10,FOODS_1_088,1.0,1.0,0.57,1.75,0.9,1.75
2016-04-11,FOODS_1_088,0.0,1.0,0.57,1.75,0.28,1.75
2016-04-12,FOODS_1_088,0.0,2.0,0.57,1.75,0.0,1.75
2016-04-13,FOODS_1_088,1.0,0.0,0.57,1.75,0.0,1.75
2016-04-14,FOODS_1_088,3.0,0.0,0.57,1.75,0.0,1.75
2016-04-15,FOODS_1_088,0.0,0.0,0.57,1.75,0.0,1.75
2016-04-16,FOODS_1_088,2.0,0.0,0.57,1.75,0.0,1.75
2016-04-17,FOODS_1_088,1.0,1.0,0.57,1.75,0.55,1.75
2016-04-18,FOODS_1_088,4.0,1.0,0.57,1.75,0.0,1.75
2016-04-19,FOODS_1_088,0.0,2.0,0.57,1.75,0.0,1.75
2016-04-20,FOODS_1_088,7.0,0.0,0.57,1.75,0.0,1.75
2016-04-21,FOODS_1_088,0.0,0.0,0.57,1.75,0.0,1.75
2016-04-22,FOODS_1_088,0.0,0.0,0.57,1.75,0.0,1.75
2016-04-23,FOODS_1_088,5.0,0.0,0.57,1.75,0.0,1.75
2016-04-24,FOODS_1_088,0.0,1.0,0.57,1.75,0.21,1.75
2016-03-28,FOODS_1_089,0.0,2.0,1.14,0.29,1.19,0.29
2016-03-29,FOODS_1_089,1.0,0.0,1.14,0.29,0.82,0.29
2016-03-30,FOODS_1_089,0.0,1.0,1.14,0.29,0.99,0.29
2016-03-31,FOODS_1_089,0.0,1.0,1.14,0.29,1.18,0.29
2016-04-01,FOODS_1_089,0.0,2.0,1.14,0.29,1.52,0.29
2016-04-02,FOODS_1_089,0.0,2.0,1.14,0.29,1.36,0.29
2016-04-03,FOODS_1_089,0.0,0.0,1.14,0.29,1.15,0.29
2016-04-04,FOODS_1_089,0.0,2.0,1.14,0.29,1.41,0.29
2016-04-05,FOODS_1_089,0.0,0.0,1.14,0.29,1.04,0.29
2016-04-06,FOODS_1_089,1.0,1.0,1.14,0.29,1.21,0.29
2016-04-07,FOODS_1_089,0.0,1.0,1.14,0.29,1.4,0.29
2016-04-08,FOODS_1_089,0.0,2.0,1.14,0.29,1.74,0.29
2016-04-09,FOODS_1_089,0.0,2.0,1.14,0.29,1.58,0.29
2016-04-10,FOODS_1_089,0.0,0.0,1.14,0.29,1.37,0.29
2016-04-11,FOODS_1_089,2.0,2.0,1.14,0.29,1.62,0.29
2016-04-12,FOODS_1_089,1.0,0.0,1.14,0.29,1.26,0.29
2016-04-13,FOODS_1_089,1.0,1.0,1.14,0.29,1.43,0.29
2016-04-14,FOODS_1_089,1.0,1.0,1.14,0.29,1.61,0.29
2016-04-15,FOODS_1_089,2.0,2.0,1.14,0.29,1.95,0.29
2016-04-16,FOODS_1_089,1.0,2.0,1.14,0.29,1.8,0.29
2016-04-17,FOODS_1_089,0.0,0.0,1.14,0.29,1.59,0.29
2016-04-18,FOODS_1_089,0.0,2.0,1.14,0.29,1.84,0.29
2016-04-19,FOODS_1_089,0.0,0.0,1.14,0.29,1.47,0.29
2016-04-20,FOODS_1_089,0.0,1.0,1.14,0.29,1.64,0.29
2016-04-21,FOODS_1_089,0.0,1.0,1.14,0.29,1.83,0.29
2016-04-22,FOODS_1_089,0.0,2.0,1.14,0.29,2.17,0.29
2016-04-23,FOODS_1_089,3.0,2.0,1.14,0.29,2.02,0.29
2016-04-24,FOODS_1_089,1.0,0.0,1.14,0.29,1.81,0.29
2016-03-28,FOODS_1_090,1.0,0.0,1.14,0.93,0.91,0.93
2016-03-29,FOODS_1_090,0.0,0.0,1.14,0.93,1.65,0.93
2016-03-30,FOODS_1_090,0.0,0.0,1.14,0.93,1.02,0.93
2016-03-31,FOODS_1_090,0.0,0.0,1.14,0.93,1.18,0.93
2016-04-01,FOODS_1_090,1.0,1.0,1.14,0.93,1.8,0.93
2016-04-02,FOODS_1_090,1.0,5.0,1.14,0.93,2.9,0.93
2016-04-03,FOODS_1_090,3.0,2.0,1.14,0.93,1.71,0.93
2016-04-04,FOODS_1_090,0.0,0.0,1.14,0.93,1.11,0.93
2016-04-05,FOODS_1_090,0.0,0.0,1.14,0.93,1.85,0.93
2016-04-06,FOODS_1_090,0.0,0.0,1.14,0.93,1.22,0.93
2016-04-07,FOODS_1_090,2.0,0.0,1.14,0.93,1.38,0.93
2016-04-08,FOODS_1_090,0.0,1.0,1.14,0.93,2.0,0.93
2016-04-09,FOODS_1_090,1.0,5.0,1.14,0.93,3.1,0.93
2016-04-10,FOODS_1_090,0.0,2.0,1.14,0.93,1.9,0.93
2016-04-11,FOODS_1_090,0.0,0.0,1.14,0.93,1.3,0.93
2016-04-12,FOODS_1_090,0.0,0.0,1.14,0.93,2.04,0.93
2016-04-13,FOODS_1_090,0.0,0.0,1.14,0.93,1.42,0.93
2016-04-14,FOODS_1_090,0.0,0.0,1.14,0.93,1.58,0.93
2016-04-15,FOODS_1_090,4.0,1.0,1.14,0.93,2.2,0.93
2016-04-16,FOODS_1_090,1.0,5.0,1.14,0.93,3.29,0.93
2016-04-17,FOODS_1_090,1.0,2.0,1.14,0.93,2.1,0.93
2016-04-18,FOODS_1_090,2.0,0.0,1.14,0.93,1.5,0.93
2016-04-19,FOODS_1_090,2.0,0.0,1.14,0.93,2.24,0.93
2016-04-20,FOODS_1_090,0.0,0.0,1.14,0.93,1.61,0.93
2016-04-21,FOODS_1_090,1.0,0.0,1.14,0.93,1.77,0.93
2016-04-22,FOODS_1_090,2.0,1.0,1.14,0.93,2.4,0.93
2016-04-23,FOODS_1_090,1.0,5.0,1.14,0.93,3.49,0.93
2016-04-24,FOODS_1_090,0.0,2.0,1.14,0.93,2.3,0.93
2016-03-28,FOODS_1_091,0.0,0.0,0.0,0.0,0.0,0.0
2016-03-29,FOODS_1_091,0.0,0.0,0.0,0.0,0.0,0.0
2016-03-30,FOODS_1_091,0.0,0.0,0.0,0.0,0.0,0.0
2016-03-31,FOODS_1_091,0.0,0.0,0.0,0.0,0.0,0.0
2016-04-01,FOODS_1_091,0.0,0.0,0.0,0.0,0.0,0.0
2016-04-02,FOODS_1_091,0.0,0.0,0.0,0.0,0.0,0.0
2016-04-03,FOODS_1_091,0.0,0.0,0.0,0.0,0.08,0.0
2016-04-04,FOODS_1_091,0.0,0.0,0.0,0.0,0.0,0.0
2016-04-05,FOODS_1_091,0.0,0.0,0.0,0.0,0.0,0.0
2016-04-06,FOODS_1_091,0.0,0.0,0.0,0.0,0.0,0.0
2016-04-07,FOODS_1_091,0.0,0.0,0.0,0.0,0.0,0.0
2016-04-08,FOODS_1_091,0.0,0.0,0.0,0.0,0.0,0.0
2016-04-09,FOODS_1_091,0.0,0.0,0.0,0.0,0.0,0.0
2016-04-10,FOODS_1_091,0.0,0.0,0.0,0.0,0.03,0.0
2016-04-11,FOODS_1_091,0.0,0.0,0.0,0.0,0.0,0.0
2016-04-12,FOODS_1_091,0.0,0.0,0.0,0.0,0.0,0.0
2016-04-13,FOODS_1_091,0.0,0.0,0.0,0.0,0.0,0.0
2016-04-14,FOODS_1_091,0.0,0.0,0.0,0.0,0.0,0.0
2016-04-15,FOODS_1_091,0.0,0.0,0.0,0.0,0.0,0.0
2016-04-16,FOODS_1_091,0.0,0.0,0.0,0.0,0.0,0.0
2016-04-17,FOODS_1_091,0.0,0.0,0.0,0.0,0.0,0.0
2016-04-18,FOODS_1_091,0.0,0.0,0.0,0.0,0.0,0.0
2016-04-19,FOODS_1_091,0.0,0.0,0.0,0.0,0.0,0.0
2016-04-20,FOODS_1_091,0.0,0.0,0.0,0.0,0.0,0.0
2016-04-21,FOODS_1_091,0.0,0.0,0.0,0.0,0.0,0.0
2016-04-22,FOODS_1_091,0.0,0.0,0.0,0.0,0.0,0.0
2016-04-23,FOODS_1_091,0.0,0.0,0.0,0.0,0.0,0.0
2016-04-24,FOODS_1_091,0.0,0.0,0.0,0.0,0.0,0.0
2016-03-28,FOODS_1_092,0.0,2.0,1.43,1.46,1.18,1.46
2016-03-29,FOODS_1_092,3.0,1.0,1.43,1.46,1.18,1.46
2016-03-30,FOODS_1_092,0.0,1.0,1.43,1.46,1.14,1.46
2016-03-31,FOODS_1_092,1.0,0.0,1.43,1.46,1.21,1.46
2016-04-01,FOODS_1_092,1.0,4.0,1.43,1.46,2.79,1.46
2016-04-02,FOODS_1_092,3.0,1.0,1.43,1.46,1.09,1.46
2016-04-03,FOODS_1_092,0.0,1.0,1.43,1.46,1.41,1.46
2016-04-04,FOODS_1_092,1.0,2.0,1.43,1.46,1.24,1.46
2016-04-05,FOODS_1_092,1.0,1.0,1.43,1.46,1.24,1.46
2016-04-06,FOODS_1_092,0.0,1.0,1.43,1.46,1.2,1.46
2016-04-07,FOODS_1_092,1.0,0.0,1.43,1.46,1.27,1.46
2016-04-08,FOODS_1_092,2.0,4.0,1.43,1.46,2.85,1.46
2016-04-09,FOODS_1_092,2.0,1.0,1.43,1.46,1.15,1.46
2016-04-10,FOODS_1_092,1.0,1.0,1.43,1.46,1.47,1.46
2016-04-11,FOODS_1_092,0.0,2.0,1.43,1.46,1.31,1.46
2016-04-12,FOODS_1_092,0.0,1.0,1.43,1.46,1.31,1.46
2016-04-13,FOODS_1_092,0.0,1.0,1.43,1.46,1.26,1.46
2016-04-14,FOODS_1_092,1.0,0.0,1.43,1.46,1.34,1.46
2016-04-15,FOODS_1_092,2.0,4.0,1.43,1.46,2.92,1.46
2016-04-16,FOODS_1_092,1.0,1.0,1.43,1.46,1.21,1.46
2016-04-17,FOODS_1_092,0.0,1.0,1.43,1.46,1.54,1.46
2016-04-18,FOODS_1_092,1.0,2.0,1.43,1.46,1.37,1.46
2016-04-19,FOODS_1_092,1.0,1.0,1.43,1.46,1.37,1.46
2016-04-20,FOODS_1_092,2.0,1.0,1.43,1.46,1.33,1.46
2016-04-21,FOODS_1_092,3.0,0.0,1.43,1.46,1.4,1.46
2016-04-22,FOODS_1_092,2.0,4.0,1.43,1.46,2.98,1.46
2016-04-23,FOODS_1_092,1.0,1.0,1.43,1.46,1.28,1.46
2016-04-24,FOODS_1_092,1.0,1.0,1.43,1.46,1.6,1.46
2016-03-28,FOODS_1_093,0.0,0.0,0.71,0.36,0.52,0.36
2016-03-29,FOODS_1_093,0.0,4.0,0.71,0.36,1.26,0.36
2016-03-30,FOODS_1_093,1.0,0.0,0.71,0.36,0.22,0.36
2016-03-31,FOODS_1_093,0.0,1.0,0.71,0.36,0.55,0.36
2016-04-01,FOODS_1_093,0.0,0.0,0.71,0.36,0.83,0.36
2016-04-02,FOODS_1_093,0.0,0.0,0.71,0.36,0.33,0.36
2016-04-03,FOODS_1_093,2.0,0.0,0.71,0.36,0.43,0.36
2016-04-04,FOODS_1_093,1.0,0.0,0.71,0.36,0.58,0.36
2016-04-05,FOODS_1_093,0.0,4.0,0.71,0.36,1.32,0.36
2016-04-06,FOODS_1_093,2.0,0.0,0.71,0.36,0.28,0.36
2016-04-07,FOODS_1_093,0.0,1.0,0.71,0.36,0.6,0.36
2016-04-08,FOODS_1_093,0.0,0.0,0.71,0.36,0.89,0.36
2016-04-09,FOODS_1_093,0.0,0.0,0.71,0.36,0.39,0.36
2016-04-10,FOODS_1_093,0.0,0.0,0.71,0.36,0.49,0.36
2016-04-11,FOODS_1_093,0.0,0.0,0.71,0.36,0.64,0.36
2016-04-12,FOODS_1_093,0.0,4.0,0.71,0.36,1.38,0.36
2016-04-13,FOODS_1_093,1.0,0.0,0.71,0.36,0.34,0.36
2016-04-14,FOODS_1_093,0.0,1.0,0.71,0.36,0.66,0.36
2016-04-15,FOODS_1_093,1.0,0.0,0.71,0.36,0.95,0.36
2016-04-16,FOODS_1_093,0.0,0.0,0.71,0.36,0.45,0.36
2016-04-17,FOODS_1_093,0.0,0.0,0.71,0.36,0.55,0.36
2016-04-18,FOODS_1_093,0.0,0.0,0.71,0.36,0.7,0.36
2016-04-19,FOODS_1_093,1.0,4.0,0.71,0.36,1.44,0.36
2016-04-20,FOODS_1_093,0.0,0.0,0.71,0.36,0.4,0.36
2016-04-21,FOODS_1_093,0.0,1.0,0.71,0.36,0.72,0.36
2016-04-22,FOODS_1_093,0.0,0.0,0.71,0.36,1.01,0.36
2016-04-23,FOODS_1_093,0.0,0.0,0.71,0.36,0.51,0.36
2016-04-24,FOODS_1_093,0.0,0.0,0.71,0.36,0.61,0.36
2016-03-28,FOODS_1_094,0.0,2.0,0.86,1.04,0.94,1.04
2016-03-29,FOODS_1_094,0.0,1.0,0.86,1.04,0.34,1.04
2016-03-30,FOODS_1_094,1.0,1.0,0.86,1.04,0.81,1.04
2016-03-31,FOODS_1_094,2.0,0.0,0.86,1.04,0.99,1.04
2016-04-01,FOODS_1_094,1.0,0.0,0.86,1.04,0.21,1.04
2016-04-02,FOODS_1_094,1.0,1.0,0.86,1.04,0.95,1.04
2016-04-03,FOODS_1_094,0.0,1.0,0.86,1.04,0.55,1.04
2016-04-04,FOODS_1_094,1.0,2.0,0.86,1.04,0.83,1.04
2016-04-05,FOODS_1_094,2.0,1.0,0.86,1.04,0.23,1.04
2016-04-06,FOODS_1_094,0.0,1.0,0.86,1.04,0.7,1.04
2016-04-07,FOODS_1_094,0.0,0.0,0.86,1.04,0.89,1.04
2016-04-08,FOODS_1_094,0.0,0.0,0.86,1.04,0.1,1.04
2016-04-09,FOODS_1_094,1.0,1.0,0.86,1.04,0.85,1.04
2016-04-10,FOODS_1_094,0.0,1.0,0.86,1.04,0.44,1.04
2016-04-11,FOODS_1_094,1.0,2.0,0.86,1.04,0.73,1.04
2016-04-12,FOODS_1_094,0.0,1.0,0.86,1.04,0.12,1.04
2016-04-13,FOODS_1_094,0.0,1.0,0.86,1.04,0.59,1.04
2016-04-14,FOODS_1_094,1.0,0.0,0.86,1.04,0.78,1.04
2016-04-15,FOODS_1_094,1.0,0.0,0.86,1.04,0.0,1.04
2016-04-16,FOODS_1_094,1.0,1.0,0.86,1.04,0.74,1.04
2016-04-17,FOODS_1_094,2.0,1.0,0.86,1.04,0.33,1.04
2016-04-18,FOODS_1_094,0.0,2.0,0.86,1.04,0.62,1.04
2016-04-19,FOODS_1_094,0.0,1.0,0.86,1.04,0.02,1.04
2016-04-20,FOODS_1_094,1.0,1.0,0.86,1.04,0.48,1.04
2016-04-21,FOODS_1_094,0.0,0.0,0.86,1.04,0.67,1.04
2016-04-22,FOODS_1_094,4.0,0.0,0.86,1.04,0.0,1.04
2016-04-23,FOODS_1_094,0.0,1.0,0.86,1.04,0.63,1.04
2016-04-24,FOODS_1_094,0.0,1.0,0.86,1.04,0.23,1.04
2016-03-28,FOODS_1_095,1.0,0.0,0.29,0.14,0.39,0.14
2016-03-29,FOODS_1_095,0.0,0.0,0.29,0.14,0.57,0.14
2016-03-30,FOODS_1_095,0.0,0.0,0.29,0.14,0.58,0.14
2016-03-31,FOODS_1_095,0.0,0.0,0.29,0.14,0.46,0.14
2016-04-01,FOODS_1_095,0.0,0.0,0.29,0.14,0.48,0.14
2016-04-02,FOODS_1_095,0.0,0.0,0.29,0.14,0.64,0.14
2016-04-03,FOODS_1_095,0.0,2.0,0.29,0.14,0.48,0.14
2016-04-04,FOODS_1_095,0.0,0.0,0.29,0.14,0.51,0.14
2016-04-05,FOODS_1_095,0.0,0.0,0.29,0.14,0.69,0.14
2016-04-06,FOODS_1_095,0.0,0.0,0.29,0.14,0.71,0.14
2016-04-07,FOODS_1_095,0.0,0.0,0.29,0.14,0.58,0.14
2016-04-08,FOODS_1_095,0.0,0.0,0.29,0.14,0.6,0.14
2016-04-09,FOODS_1_095,0.0,0.0,0.29,0.14,0.76,0.14
2016-04-10,FOODS_1_095,0.0,2.0,0.29,0.14,0.6,0.14
2016-04-11,FOODS_1_095,0.0,0.0,0.29,0.14,0.63,0.14
2016-04-12,FOODS_1_095,0.0,0.0,0.29,0.14,0.82,0.14
2016-04-13,FOODS_1_095,0.0,0.0,0.29,0.14,0.83,0.14
2016-04-14,FOODS_1_095,0.0,0.0,0.29,0.14,0.7,0.14
2016-04-15,FOODS_1_095,1.0,0.0,0.29,0.14,0.73,0.14
2016-04-16,FOODS_1_095,0.0,0.0,0.29,0.14,0.89,0.14
2016-04-17,FOODS_1_095,0.0,2.0,0.29,0.14,0.73,0.14
2016-04-18,FOODS_1_095,0.0,0.0,0.29,0.14,0.76,0.14
2016-04-19,FOODS_1_095,0.0,0.0,0.29,0.14,0.94,0.14
2016-04-20,FOODS_1_095,0.0,0.0,0.29,0.14,0.95,0.14
2016-04-21,FOODS_1_095,0.0,0.0,0.29,0.14,0.83,0.14
2016-04-22,FOODS_1_095,0.0,0.0,0.29,0.14,0.85,0.14
2016-04-23,FOODS_1_095,0.0,0.0,0.29,0.14,1.01,0.14
2016-04-24,FOODS_1_095,0.0,2.0,0.29,0.14,0.85,0.14
2016-03-28,FOODS_1_096,2.0,0.0,0.29,0.36,0.53,0.36
2016-03-29,FOODS_1_096,0.0,2.0,0.29,0.36,0.72,0.36
2016-03-30,FOODS_1_096,1.0,0.0,0.29,0.36,0.0,0.36
2016-03-31,FOODS_1_096,3.0,0.0,0.29,0.36,0.07,0.36
2016-04-01,FOODS_1_096,0.0,0.0,0.29,0.36,0.0,0.36
2016-04-02,FOODS_1_096,0.0,0.0,0.29,0.36,0.04,0.36
2016-04-03,FOODS_1_096,0.0,0.0,0.29,0.36,0.0,0.36
2016-04-04,FOODS_1_096,1.0,0.0,0.29,0.36,0.44,0.36
2016-04-05,FOODS_1_096,0.0,2.0,0.29,0.36,0.63,0.36
2016-04-06,FOODS_1_096,0.0,0.0,0.29,0.36,0.0,0.36
2016-04-07,FOODS_1_096,0.0,0.0,0.29,0.36,0.0,0.36
2016-04-08,FOODS_1_096,1.0,0.0,0.29,0.36,0.0,0.36
2016-04-09,FOODS_1_096,0.0,0.0,0.29,0.36,0.0,0.36
2016-04-10,FOODS_1_096,0.0,0.0,0.29,0.36,0.0,0.36
2016-04-11,FOODS_1_096,0.0,0.0,0.29,0.36,0.36,0.36
2016-04-12,FOODS_1_096,2.0,2.0,0.29,0.36,0.55,0.36
2016-04-13,FOODS_1_096,0.0,0.0,0.29,0.36,0.0,0.36
2016-04-14,FOODS_1_096,0.0,0.0,0.29,0.36,0.0,0.36
2016-04-15,FOODS_1_096,1.0,0.0,0.29,0.36,0.0,0.36
2016-04-16,FOODS_1_096,2.0,0.0,0.29,0.36,0.0,0.36
2016-04-17,FOODS_1_096,1.0,0.0,0.29,0.36,0.0,0.36
2016-04-18,FOODS_1_096,0.0,0.0,0.29,0.36,0.27,0.36
2016-04-19,FOODS_1_096,0.0,2.0,0.29,0.36,0.46,0.36
2016-04-20,FOODS_1_096,0.0,0.0,0.29,0.36,0.0,0.36
2016-04-21,FOODS_1_096,0.0,0.0,0.29,0.36,0.0,0.36
2016-04-22,FOODS_1_096,2.0,0.0,0.29,0.36,0.0,0.36
2016-04-23,FOODS_1_096,0.0,0.0,0.29,0.36,0.0,0.36
2016-04-24,FOODS_1_096,1.0,0.0,0.29,0.36,0.0,0.36
2016-03-28,FOODS_1_097,1.0,3.0,2.43,2.0,2.29,2.0
2016-03-29,FOODS_1_097,3.0,3.0,2.43,2.0,2.78,2.0
2016-03-30,FOODS_1_097,6.0,2.0,2.43,2.0,3.06,2.0
2016-03-31,FOODS_1_097,1.0,3.0,2.43,2.0,1.84,2.0
2016-04-01,FOODS_1_097,0.0,3.0,2.43,2.0,2.77,2.0
2016-04-02,FOODS_1_097,2.0,1.0,2.43,2.0,1.68,2.0
2016-04-03,FOODS_1_097,4.0,2.0,2.43,2.0,1.89,2.0
2016-04-04,FOODS_1_097,4.0,3.0,2.43,2.0,2.37,2.0
2016-04-05,FOODS_1_097,1.0,3.0,2.43,2.0,2.86,2.0
2016-04-06,FOODS_1_097,2.0,2.0,2.43,2.0,3.14,2.0
2016-04-07,FOODS_1_097,0.0,3.0,2.43,2.0,1.92,2.0
2016-04-08,FOODS_1_097,3.0,3.0,2.43,2.0,2.85,2.0
2016-04-09,FOODS_1_097,1.0,1.0,2.43,2.0,1.76,2.0
2016-04-10,FOODS_1_097,2.0,2.0,2.43,2.0,1.97,2.0
2016-04-11,FOODS_1_097,1.0,3.0,2.43,2.0,2.45,2.0
2016-04-12,FOODS_1_097,0.0,3.0,2.43,2.0,2.94,2.0
2016-04-13,FOODS_1_097,0.0,2.0,2.43,2.0,3.22,2.0
2016-04-14,FOODS_1_097,1.0,3.0,2.43,2.0,2.0,2.0
2016-04-15,FOODS_1_097,2.0,3.0,2.43,2.0,2.93,2.0
2016-04-16,FOODS_1_097,1.0,1.0,2.43,2.0,1.84,2.0
2016-04-17,FOODS_1_097,4.0,2.0,2.43,2.0,2.05,2.0
2016-04-18,FOODS_1_097,3.0,3.0,2.43,2.0,2.53,2.0
2016-04-19,FOODS_1_097,1.0,3.0,2.43,2.0,3.02,2.0
2016-04-20,FOODS_1_097,2.0,2.0,2.43,2.0,3.3,2.0
2016-04-21,FOODS_1_097,2.0,3.0,2.43,2.0,2.08,2.0
2016-04-22,FOODS_1_097,3.0,3.0,2.43,2.0,3.01,2.0
2016-04-23,FOODS_1_097,2.0,1.0,2.43,2.0,1.92,2.0
2016-04-24,FOODS_1_097,3.0,2.0,2.43,2.0,2.13,2.0
2016-03-28,FOODS_1_098,1.0,0.0,0.0,0.04,0.0,0.04
2016-03-29,FOODS_1_098,0.0,0.0,0.0,0.04,0.25,0.04
2016-03-30,FOODS_1_098,0.0,0.0,0.0,0.04,0.0,0.04
2016-03-31,FOODS_1_098,0.0,0.0,0.0,0.04,0.0,0.04
2016-04-01,FOODS_1_098,0.0,0.0,0.0,0.04,0.0,0.04
2016-04-02,FOODS_1_098,0.0,0.0,0.0,0.04,0.0,0.04
2016-04-03,FOODS_1_098,0.0,0.0,0.0,0.04,0.0,0.04
2016-04-04,FOODS_1_098,0.0,0.0,0.0,0.04,0.0,0.04
2016-04-05,FOODS_1_098,0.0,0.0,0.0,0.04,0.18,0.04
2016-04-06,FOODS_1_098,0.0,0.0,0.0,0.04,0.0,0.04
2016-04-07,FOODS_1_098,0.0,0.0,0.0,0.04,0.0,0.04
2016-04-08,FOODS_1_098,1.0,0.0,0.0,0.04,0.0,0.04
2016-04-09,FOODS_1_098,0.0,0.0,0.0,0.04,0.0,0.04
2016-04-10,FOODS_1_098,0.0,0.0,0.0,0.04,0.0,0.04
2016-04-11,FOODS_1_098,0.0,0.0,0.0,0.04,0.0,0.04
2016-04-12,FOODS_1_098,2.0,0.0,0.0,0.04,0.12,0.04
2016-04-13,FOODS_1_098,0.0,0.0,0.0,0.04,0.0,0.04
2016-04-14,FOODS_1_098,1.0,0.0,0.0,0.04,0.0,0.04
2016-04-15,FOODS_1_098,0.0,0.0,0.0,0.04,0.0,0.04
2016-04-16,FOODS_1_098,0.0,0.0,0.0,0.04,0.0,0.04
2016-04-17,FOODS_1_098,0.0,0.0,0.0,0.04,0.0,0.04
2016-04-18,FOODS_1_098,0.0,0.0,0.0,0.04,0.0,0.04
2016-04-19,FOODS_1_098,0.0,0.0,0.0,0.04,0.05,0.04
2016-04-20,FOODS_1_098,0.0,0.0,0.0,0.04,0.0,0.04
2016-04-21,FOODS_1_098,0.0,0.0,0.0,0.04,0.0,0.04
2016-04-22,FOODS_1_098,0.0,0.0,0.0,0.04,0.0,0.04
2016-04-23,FOODS_1_098,0.0,0.0,0.0,0.04,0.0,0.04
2016-04-24,FOODS_1_098,0.0,0.0,0.0,0.04,0.0,0.04
2016-03-28,FOODS_1_099,11.0,3.0,13.29,11.07,8.2,11.07
2016-03-29,FOODS_1_099,4.0,8.0,13.29,11.07,10.27,11.07
2016-03-30,FOODS_1_099,5.0,7.0,13.29,11.07,9.15,11.07
2016-03-31,FOODS_1_099,19.0,15.0,13.29,11.07,15.08,11.07
2016-04-01,FOODS_1_099,13.0,10.0,13.29,11.07,13.78,11.07
2016-04-02,FOODS_1_099,19.0,26.0,13.29,11.07,22.84,11.07
2016-04-03,FOODS_1_099,29.0,24.0,13.29,11.07,21.57,11.07
2016-04-04,FOODS_1_099,3.0,3.0,13.29,11.07,9.21,11.07
2016-04-05,FOODS_1_099,2.0,8.0,13.29,11.07,11.28,11.07
2016-04-06,FOODS_1_099,1.0,7.0,13.29,11.07,10.15,11.07
2016-04-07,FOODS_1_099,11.0,15.0,13.29,11.07,16.09,11.07
2016-04-08,FOODS_1_099,10.0,10.0,13.29,11.07,14.78,11.07
2016-04-09,FOODS_1_099,13.0,26.0,13.29,11.07,23.84,11.07
2016-04-10,FOODS_1_099,13.0,24.0,13.29,11.07,22.58,11.07
2016-04-11,FOODS_1_099,3.0,3.0,13.29,11.07,10.22,11.07
2016-04-12,FOODS_1_099,5.0,8.0,13.29,11.07,12.29,11.07
2016-04-13,FOODS_1_099,3.0,7.0,13.29,11.07,11.16,11.07
2016-04-14,FOODS_1_099,2.0,15.0,13.29,11.07,17.1,11.07
2016-04-15,FOODS_1_099,1.0,10.0,13.29,11.07,15.79,11.07
2016-04-16,FOODS_1_099,1.0,26.0,13.29,11.07,24.85,11.07
2016-04-17,FOODS_1_099,11.0,24.0,13.29,11.07,23.59,11.07
2016-04-18,FOODS_1_099,16.0,3.0,13.29,11.07,11.23,11.07
2016-04-19,FOODS_1_099,9.0,8.0,13.29,11.07,13.3,11.07
2016-04-20,FOODS_1_099,10.0,7.0,13.29,11.07,12.17,11.07
2016-04-21,FOODS_1_099,9.0,15.0,13.29,11.07,18.11,11.07
2016-04-22,FOODS_1_099,6.0,10.0,13.29,11.07,16.8,11.07
2016-04-23,FOODS_1_099,14.0,26.0,13.29,11.07,25.86,11.07
2016-04-24,FOODS_1_099,9.0,24.0,13.29,11.07,24.6,11.07
2016-03-28,FOODS_1_101,0.0,0.0,0.0,0.0,0.0,0.0
2016-03-29,FOODS_1_101,0.0,0.0,0.0,0.0,0.02,0.0
2016-03-30,FOODS_1_101,0.0,0.0,0.0,0.0,0.04,0.0
2016-03-31,FOODS_1_101,0.0,0.0,0.0,0.0,0.0,0.0
2016-04-01,FOODS_1_101,0.0,0.0,0.0,0.0,0.0,0.0
2016-04-02,FOODS_1_101,0.0,0.0,0.0,0.0,0.03,0.0
2016-04-03,FOODS_1_101,0.0,0.0,0.0,0.0,0.0,0.0
2016-04-04,FOODS_1_101,0.0,0.0,0.0,0.0,0.0,0.0
2016-04-05,FOODS_1_101,0.0,0.0,0.0,0.0,0.01,0.0
2016-04-06,FOODS_1_101,0.0,0.0,0.0,0.0,0.02,0.0
2016-04-07,FOODS_1_101,0.0,0.0,0.0,0.0,0.0,0.0
2016-04-08,FOODS_1_101,0.0,0.0,0.0,0.0,0.0,0.0
2016-04-09,FOODS_1_101,0.0,0.0,0.0,0.0,0.02,0.0
2016-04-10,FOODS_1_101,0.0,0.0,0.0,0.0,0.0,0.0
2016-04-11,FOODS_1_101,0.0,0.0,0.0,0.0,0.0,0.0
2016-04-12,FOODS_1_101,0.0,0.0,0.0,0.0,0.0,0.0
2016-04-13,FOODS_1_101,0.0,0.0,0.0,0.0,0.01,0.0
2016-04-14,FOODS_1_101,0.0,0.0,0.0,0.0,0.0,0.0
2016-04-15,FOODS_1_101,0.0,0.0,0.0,0.0,0.0,0.0
2016-04-16,FOODS_1_101,0.0,0.0,0.0,0.0,0.0,0.0
2016-04-17,FOODS_1_101,0.0,0.0,0.0,0.0,0.0,0.0
2016-04-18,FOODS_1_101,0.0,0.0,0.0,0.0,0.0,0.0
2016-04-19,FOODS_1_101,0.0,0.0,0.0,0.0,0.0,0.0
2016-04-20,FOODS_1_101,0.0,0.0,0.0,0.0,0.0,0.0
2016-04-21,FOODS_1_101,0.0,0.0,0.0,0.0,0.0,0.0
2016-04-22,FOODS_1_101,0.0,0.0,0.0,0.0,0.0,0.0
2016-04-23,FOODS_1_101,0.0,0.0,0.0,0.0,0.0,0.0
2016-04-24,FOODS_1_101,0.0,0.0,0.0,0.0,0.0,0.0
2016-03-28,FOODS_1_102,0.0,0.0,0.71,0.39,0.67,0.39
2016-03-29,FOODS_1_102,0.0,0.0,0.71,0.39,0.73,0.39
2016-03-30,FOODS_1_102,0.0,1.0,0.71,0.39,0.99,0.39
2016-03-31,FOODS_1_102,0.0,0.0,0.71,0.39,0.8,0.39
2016-04-01,FOODS_1_102,0.0,1.0,0.71,0.39,1.38,0.39
2016-04-02,FOODS_1_102,2.0,3.0,0.71,0.39,1.74,0.39
2016-04-03,FOODS_1_102,0.0,0.0,0.71,0.39,1.3,0.39
2016-04-04,FOODS_1_102,2.0,0.0,0.71,0.39,0.87,0.39
2016-04-05,FOODS_1_102,0.0,0.0,0.71,0.39,0.93,0.39
2016-04-06,FOODS_1_102,2.0,1.0,0.71,0.39,1.19,0.39
2016-04-07,FOODS_1_102,0.0,0.0,0.71,0.39,1.0,0.39
2016-04-08,FOODS_1_102,1.0,1.0,0.71,0.39,1.58,0.39
2016-04-09,FOODS_1_102,0.0,3.0,0.71,0.39,1.94,0.39
2016-04-10,FOODS_1_102,2.0,0.0,0.71,0.39,1.5,0.39
2016-04-11,FOODS_1_102,3.0,0.0,0.71,0.39,1.07,0.39
2016-04-12,FOODS_1_102,0.0,0.0,0.71,0.39,1.13,0.39
2016-04-13,FOODS_1_102,0.0,1.0,0.71,0.39,1.39,0.39
2016-04-14,FOODS_1_102,0.0,0.0,0.71,0.39,1.2,0.39
2016-04-15,FOODS_1_102,0.0,1.0,0.71,0.39,1.78,0.39
2016-04-16,FOODS_1_102,0.0,3.0,0.71,0.39,2.14,0.39
2016-04-17,FOODS_1_102,0.0,0.0,0.71,0.39,1.69,0.39
2016-04-18,FOODS_1_102,0.0,0.0,0.71,0.39,1.26,0.39
2016-04-19,FOODS_1_102,0.0,0.0,0.71,0.39,1.33,0.39
2016-04-20,FOODS_1_102,0.0,1.0,0.71,0.39,1.58,0.39
2016-04-21,FOODS_1_102,0.0,0.0,0.71,0.39,1.4,0.39
2016-04-22,FOODS_1_102,0.0,1.0,0.71,0.39,1.97,0.39
2016-04-23,FOODS_1_102,0.0,3.0,0.71,0.39,2.33,0.39
2016-04-24,FOODS_1_102,1.0,0.0,0.71,0.39,1.89,0.39
2016-03-28,FOODS_1_103,0.0,1.0,1.57,1.61,1.1,1.61
2016-03-29,FOODS_1_103,0.0,2.0,1.57,1.61,1.16,1.61
2016-03-30,FOODS_1_103,0.0,3.0,1.57,1.61,1.65,1.61
2016-03-31,FOODS_1_103,5.0,0.0,1.57,1.61,1.84,1.61
2016-04-01,FOODS_1_103,2.0,1.0,1.57,1.61,1.5,1.61
2016-04-02,FOODS_1_103,1.0,2.0,1.57,1.61,2.37,1.61
2016-04-03,FOODS_1_103,0.0,2.0,1.57,1.61,2.27,1.61
2016-04-04,FOODS_1_103,5.0,1.0,1.57,1.61,1.1,1.61
2016-04-05,FOODS_1_103,1.0,2.0,1.57,1.61,1.16,1.61
2016-04-06,FOODS_1_103,2.0,3.0,1.57,1.61,1.66,1.61
2016-04-07,FOODS_1_103,0.0,0.0,1.57,1.61,1.84,1.61
2016-04-08,FOODS_1_103,1.0,1.0,1.57,1.61,1.5,1.61
2016-04-09,FOODS_1_103,2.0,2.0,1.57,1.61,2.38,1.61
2016-04-10,FOODS_1_103,0.0,2.0,1.57,1.61,2.27,1.61
2016-04-11,FOODS_1_103,1.0,1.0,1.57,1.61,1.1,1.61
2016-04-12,FOODS_1_103,0.0,2.0,1.57,1.61,1.16,1.61
2016-04-13,FOODS_1_103,3.0,3.0,1.57,1.61,1.66,1.61
2016-04-14,FOODS_1_103,1.0,0.0,1.57,1.61,1.85,1.61
2016-04-15,FOODS_1_103,1.0,1.0,1.57,1.61,1.5,1.61
2016-04-16,FOODS_1_103,0.0,2.0,1.57,1.61,2.38,1.61
2016-04-17,FOODS_1_103,1.0,2.0,1.57,1.61,2.27,1.61
2016-04-18,FOODS_1_103,2.0,1.0,1.57,1.61,1.11,1.61
2016-04-19,FOODS_1_103,1.0,2.0,1.57,1.61,1.17,1.61
2016-04-20,FOODS_1_103,1.0,3.0,1.57,1.61,1.66,1.61
2016-04-21,FOODS_1_103,3.0,0.0,1.57,1.61,1.85,1.61
2016-04-22,FOODS_1_103,3.0,1.0,1.57,1.61,1.5,1.61
2016-04-23,FOODS_1_103,1.0,2.0,1.57,1.61,2.38,1.61
2016-04-24,FOODS_1_103,3.0,2.0,1.57,1.61,2.28,1.61
2016-03-28,FOODS_1_104,0.0,0.0,0.14,0.75,0.08,0.75
2016-03-29,FOODS_1_104,0.0,0.0,0.14,0.75,0.0,0.75
2016-03-30,FOODS_1_104,1.0,0.0,0.14,0.75,0.0,0.75
2016-03-31,FOODS_1_104,0.0,0.0,0.14,0.75,0.0,0.75
2016-04-01,FOODS_1_104,0.0,0.0,0.14,0.75,0.0,0.75
2016-04-02,FOODS_1_104,0.0,0.0,0.14,0.75,0.57,0.75
2016-04-03,FOODS_1_104,1.0,1.0,0.14,0.75,0.0,0.75
2016-04-04,FOODS_1_104,0.0,0.0,0.14,0.75,0.0,0.75
2016-04-05,FOODS_1_104,0.0,0.0,0.14,0.75,0.0,0.75
2016-04-06,FOODS_1_104,1.0,0.0,0.14,0.75,0.0,0.75
2016-04-07,FOODS_1_104,3.0,0.0,0.14,0.75,0.0,0.75
2016-04-08,FOODS_1_104,1.0,0.0,0.14,0.75,0.0,0.75
2016-04-09,FOODS_1_104,2.0,0.0,0.14,0.75,0.15,0.75
2016-04-10,FOODS_1_104,2.0,1.0,0.14,0.75,0.0,0.75
2016-04-11,FOODS_1_104,3.0,0.0,0.14,0.75,0.0,0.75
2016-04-12,FOODS_1_104,0.0,0.0,0.14,0.75,0.0,0.75
2016-04-13,FOODS_1_104,7.0,0.0,0.14,0.75,0.0,0.75
2016-04-14,FOODS_1_104,5.0,0.0,0.14,0.75,0.0,0.75
2016-04-15,FOODS_1_104,7.0,0.0,0.14,0.75,0.0,0.75
2016-04-16,FOODS_1_104,0.0,0.0,0.14,0.75,0.0,0.75
2016-04-17,FOODS_1_104,0.0,1.0,0.14,0.75,0.0,0.75
2016-04-18,FOODS_1_104,2.0,0.0,0.14,0.75,0.0,0.75
2016-04-19,FOODS_1_104,0.0,0.0,0.14,0.75,0.0,0.75
2016-04-20,FOODS_1_104,0.0,0.0,0.14,0.75,0.0,0.75
2016-04-21,FOODS_1_104,1.0,0.0,0.14,0.75,0.0,0.75
2016-04-22,FOODS_1_104,1.0,0.0,0.14,0.75,0.0,0.75
2016-04-23,FOODS_1_104,2.0,0.0,0.14,0.75,0.0,0.75
2016-04-24,FOODS_1_104,3.0,1.0,0.14,0.75,0.0,0.75
2016-03-28,FOODS_1_105,4.0,0.0,1.71,1.32,1.23,1.32
2016-03-29,FOODS_1_105,3.0,4.0,1.71,1.32,1.92,1.32
2016-03-30,FOODS_1_105,0.0,0.0,1.71,1.32,1.36,1.32
2016-03-31,FOODS_1_105,0.0,2.0,1.71,1.32,1.55,1.32
2016-04-01,FOODS_1_105,0.0,2.0,1.71,1.32,1.84,1.32
2016-04-02,FOODS_1_105,0.0,2.0,1.71,1.32,2.39,1.32
2016-04-03,FOODS_1_105,0.0,2.0,1.71,1.32,2.52,1.32
2016-04-04,FOODS_1_105,2.0,0.0,1.71,1.32,1.48,1.32
2016-04-05,FOODS_1_105,1.0,4.0,1.71,1.32,2.17,1.32
2016-04-06,FOODS_1_105,4.0,0.0,1.71,1.32,1.6,1.32
2016-04-07,FOODS_1_105,4.0,2.0,1.71,1.32,1.8,1.32
2016-04-08,FOODS_1_105,3.0,2.0,1.71,1.32,2.08,1.32
2016-04-09,FOODS_1_105,0.0,2.0,1.71,1.32,2.63,1.32
2016-04-10,FOODS_1_105,1.0,2.0,1.71,1.32,2.77,1.32
2016-04-11,FOODS_1_105,2.0,0.0,1.71,1.32,1.73,1.32
2016-04-12,FOODS_1_105,2.0,4.0,1.71,1.32,2.41,1.32
2016-04-13,FOODS_1_105,1.0,0.0,1.71,1.32,1.85,1.32
2016-04-14,FOODS_1_105,0.0,2.0,1.71,1.32,2.05,1.32
2016-04-15,FOODS_1_105,2.0,2.0,1.71,1.32,2.33,1.32
2016-04-16,FOODS_1_105,1.0,2.0,1.71,1.32,2.88,1.32
2016-04-17,FOODS_1_105,1.0,2.0,1.71,1.32,3.02,1.32
2016-04-18,FOODS_1_105,1.0,0.0,1.71,1.32,1.97,1.32
2016-04-19,FOODS_1_105,2.0,4.0,1.71,1.32,2.66,1.32
2016-04-20,FOODS_1_105,0.0,0.0,1.71,1.32,2.1,1.32
2016-04-21,FOODS_1_105,0.0,2.0,1.71,1.32,2.29,1.32
2016-04-22,FOODS_1_105,2.0,2.0,1.71,1.32,2.58,1.32
2016-04-23,FOODS_1_105,5.0,2.0,1.71,1.32,3.13,1.32
2016-04-24,FOODS_1_105,2.0,2.0,1.71,1.32,3.27,1.32
2016-03-28,FOODS_1_106,5.0,1.0,1.43,1.14,1.2,1.14
2016-03-29,FOODS_1_106,2.0,0.0,1.43,1.14,0.81,1.14
2016-03-30,FOODS_1_106,2.0,2.0,1.43,1.14,1.71,1.14
2016-03-31,FOODS_1_106,2.0,0.0,1.43,1.14,2.11,1.14
2016-04-01,FOODS_1_106,1.0,3.0,1.43,1.14,2.08,1.14
2016-04-02,FOODS_1_106,1.0,2.0,1.43,1.14,1.91,1.14
2016-04-03,FOODS_1_106,0.0,2.0,1.43,1.14,1.47,1.14
2016-04-04,FOODS_1_106,0.0,1.0,1.43,1.14,1.31,1.14
2016-04-05,FOODS_1_106,2.0,0.0,1.43,1.14,0.92,1.14
2016-04-06,FOODS_1_106,0.0,2.0,1.43,1.14,1.81,1.14
2016-04-07,FOODS_1_106,1.0,0.0,1.43,1.14,2.21,1.14
2016-04-08,FOODS_1_106,2.0,3.0,1.43,1.14,2.19,1.14
2016-04-09,FOODS_1_106,2.0,2.0,1.43,1.14,2.01,1.14
2016-04-10,FOODS_1_106,3.0,2.0,1.43,1.14,1.57,1.14
2016-04-11,FOODS_1_106,2.0,1.0,1.43,1.14,1.41,1.14
2016-04-12,FOODS_1_106,0.0,0.0,1.43,1.14,1.02,1.14
2016-04-13,FOODS_1_106,1.0,2.0,1.43,1.14,1.92,1.14
2016-04-14,FOODS_1_106,1.0,0.0,1.43,1.14,2.31,1.14
2016-04-15,FOODS_1_106,0.0,3.0,1.43,1.14,2.29,1.14
2016-04-16,FOODS_1_106,2.0,2.0,1.43,1.14,2.11,1.14
2016-04-17,FOODS_1_106,3.0,2.0,1.43,1.14,1.68,1.14
2016-04-18,FOODS_1_106,2.0,1.0,1.43,1.14,1.52,1.14
2016-04-19,FOODS_1_106,0.0,0.0,1.43,1.14,1.13,1.14
2016-04-20,FOODS_1_106,1.0,2.0,1.43,1.14,2.02,1.14
2016-04-21,FOODS_1_106,2.0,0.0,1.43,1.14,2.42,1.14
2016-04-22,FOODS_1_106,1.0,3.0,1.43,1.14,2.4,1.14
2016-04-23,FOODS_1_106,2.0,2.0,1.43,1.14,2.22,1.14
2016-04-24,FOODS_1_106,3.0,2.0,1.43,1.14,1.78,1.14
2016-03-28,FOODS_1_107,0.0,0.0,0.0,0.0,0.0,0.0
2016-03-29,FOODS_1_107,0.0,0.0,0.0,0.0,0.0,0.0
2016-03-30,FOODS_1_107,0.0,0.0,0.0,0.0,0.0,0.0
2016-03-31,FOODS_1_107,0.0,0.0,0.0,0.0,0.0,0.0
2016-04-01,FOODS_1_107,0.0,0.0,0.0,0.0,0.0,0.0
2016-04-02,FOODS_1_107,0.0,0.0,0.0,0.0,0.0,0.0
2016-04-03,FOODS_1_107,0.0,0.0,0.0,0.0,0.0,0.0
2016-04-04,FOODS_1_107,0.0,0.0,0.0,0.0,0.0,0.0
2016-04-05,FOODS_1_107,0.0,0.0,0.0,0.0,0.0,0.0
2016-04-06,FOODS_1_107,0.0,0.0,0.0,0.0,0.0,0.0
2016-04-07,FOODS_1_107,0.0,0.0,0.0,0.0,0.0,0.0
2016-04-08,FOODS_1_107,0.0,0.0,0.0,0.0,0.0,0.0
2016-04-09,FOODS_1_107,0.0,0.0,0.0,0.0,0.0,0.0
2016-04-10,FOODS_1_107,0.0,0.0,0.0,0.0,0.0,0.0
2016-04-11,FOODS_1_107,0.0,0.0,0.0,0.0,0.0,0.0
2016-04-12,FOODS_1_107,0.0,0.0,0.0,0.0,0.0,0.0
2016-04-13,FOODS_1_107,0.0,0.0,0.0,0.0,0.0,0.0
2016-04-14,FOODS_1_107,0.0,0.0,0.0,0.0,0.0,0.0
2016-04-15,FOODS_1_107,0.0,0.0,0.0,0.0,0.0,0.0
2016-04-16,FOODS_1_107,0.0,0.0,0.0,0.0,0.0,0.0
2016-04-17,FOODS_1_107,0.0,0.0,0.0,0.0,0.0,0.0
2016-04-18,FOODS_1_107,0.0,0.0,0.0,0.0,0.0,0.0
2016-04-19,FOODS_1_107,0.0,0.0,0.0,0.0,0.0,0.0
2016-04-20,FOODS_1_107,0.0,0.0,0.0,0.0,0.0,0.0
2016-04-21,FOODS_1_107,0.0,0.0,0.0,0.0,0.0,0.0
2016-04-22,FOODS_1_107,0.0,0.0,0.0,0.0,0.0,0.0
2016-04-23,FOODS_1_107,0.0,0.0,0.0,0.0,0.0,0.0
2016-04-24,FOODS_1_107,0.0,0.0,0.0,0.0,0.0,0.0
2016-03-28,FOODS_1_108,0.0,1.0,2.43,1.71,2.17,1.71
2016-03-29,FOODS_1_108,0.0,3.0,2.43,1.71,2.26,1.71
2016-03-30,FOODS_1_108,1.0,3.0,2.43,1.71,2.77,1.71
2016-03-31,FOODS_1_108,0.0,1.0,2.43,1.71,1.45,1.71
2016-04-01,FOODS_1_108,5.0,4.0,2.43,1.71,2.49,1.71
2016-04-02,FOODS_1_108,2.0,3.0,2.43,1.71,3.21,1.71
2016-04-03,FOODS_1_108,2.0,2.0,2.43,1.71,3.01,1.71
2016-04-04,FOODS_1_108,0.0,1.0,2.43,1.71,2.42,1.71
2016-04-05,FOODS_1_108,0.0,3.0,2.43,1.71,2.51,1.71
2016-04-06,FOODS_1_108,0.0,3.0,2.43,1.71,3.02,1.71
2016-04-07,FOODS_1_108,3.0,1.0,2.43,1.71,1.7,1.71
2016-04-08,FOODS_1_108,3.0,4.0,2.43,1.71,2.74,1.71
2016-04-09,FOODS_1_108,1.0,3.0,2.43,1.71,3.46,1.71
2016-04-10,FOODS_1_108,3.0,2.0,2.43,1.71,3.26,1.71
2016-04-11,FOODS_1_108,0.0,1.0,2.43,1.71,2.67,1.71
2016-04-12,FOODS_1_108,0.0,3.0,2.43,1.71,2.76,1.71
2016-04-13,FOODS_1_108,0.0,3.0,2.43,1.71,3.27,1.71
2016-04-14,FOODS_1_108,0.0,1.0,2.43,1.71,1.95,1.71
2016-04-15,FOODS_1_108,5.0,4.0,2.43,1.71,2.99,1.71
2016-04-16,FOODS_1_108,9.0,3.0,2.43,1.71,3.71,1.71
2016-04-17,FOODS_1_108,2.0,2.0,2.43,1.71,3.51,1.71
2016-04-18,FOODS_1_108,1.0,1.0,2.43,1.71,2.92,1.71
2016-04-19,FOODS_1_108,2.0,3.0,2.43,1.71,3.01,1.71
2016-04-20,FOODS_1_108,1.0,3.0,2.43,1.71,3.52,1.71
2016-04-21,FOODS_1_108,1.0,1.0,2.43,1.71,2.2,1.71
2016-04-22,FOODS_1_108,2.0,4.0,2.43,1.71,3.24,1.71
2016-04-23,FOODS_1_108,1.0,3.0,2.43,1.71,3.96,1.71
2016-04-24,FOODS_1_108,0.0,2.0,2.43,1.71,3.76,1.71
2016-03-28,FOODS_1_109,1.0,1.0,1.14,0.93,1.07,0.93
2016-03-29,FOODS_1_109,0.0,1.0,1.14,0.93,0.72,0.93
2016-03-30,FOODS_1_109,0.0,2.0,1.14,0.93,1.48,0.93
2016-03-31,FOODS_1_109,0.0,2.0,1.14,0.93,1.32,0.93
2016-04-01,FOODS_1_109,2.0,0.0,1.14,0.93,0.6,0.93
2016-04-02,FOODS_1_109,1.0,1.0,1.14,0.93,1.25,0.93
2016-04-03,FOODS_1_109,2.0,1.0,1.14,0.93,1.25,0.93
2016-04-04,FOODS_1_109,0.0,1.0,1.14,0.93,1.11,0.93
2016-04-05,FOODS_1_109,2.0,1.0,1.14,0.93,0.75,0.93
2016-04-06,FOODS_1_109,2.0,2.0,1.14,0.93,1.52,0.93
2016-04-07,FOODS_1_109,1.0,2.0,1.14,0.93,1.36,0.93
2016-04-08,FOODS_1_109,1.0,0.0,1.14,0.93,0.63,0.93
2016-04-09,FOODS_1_109,0.0,1.0,1.14,0.93,1.29,0.93
2016-04-10,FOODS_1_109,0.0,1.0,1.14,0.93,1.29,0.93
2016-04-11,FOODS_1_109,0.0,1.0,1.14,0.93,1.14,0.93
2016-04-12,FOODS_1_109,1.0,1.0,1.14,0.93,0.79,0.93
2016-04-13,FOODS_1_109,0.0,2.0,1.14,0.93,1.56,0.93
2016-04-14,FOODS_1_109,0.0,2.0,1.14,0.93,1.39,0.93
2016-04-15,FOODS_1_109,0.0,0.0,1.14,0.93,0.67,0.93
2016-04-16,FOODS_1_109,1.0,1.0,1.14,0.93,1.33,0.93
2016-04-17,FOODS_1_109,0.0,1.0,1.14,0.93,1.33,0.93
2016-04-18,FOODS_1_109,1.0,1.0,1.14,0.93,1.18,0.93
2016-04-19,FOODS_1_109,1.0,1.0,1.14,0.93,0.83,0.93
2016-04-20,FOODS_1_109,1.0,2.0,1.14,0.93,1.59,0.93
2016-04-21,FOODS_1_109,0.0,2.0,1.14,0.93,1.43,0.93
2016-04-22,FOODS_1_109,0.0,0.0,1.14,0.93,0.71,0.93
2016-04-23,FOODS_1_109,2.0,1.0,1.14,0.93,1.36,0.93
2016-04-24,FOODS_1_109,2.0,1.0,1.14,0.93,1.36,0.93
2016-03-28,FOODS_1_110,0.0,0.0,0.0,0.0,0.0,0.0
2016-03-29,FOODS_1_110,0.0,0.0,0.0,0.0,0.0,0.0
2016-03-30,FOODS_1_110,0.0,0.0,0.0,0.0,0.0,0.0
2016-03-31,FOODS_1_110,0.0,0.0,0.0,0.0,0.08,0.0
2016-04-01,FOODS_1_110,0.0,0.0,0.0,0.0,0.0,0.0
2016-04-02,FOODS_1_110,0.0,0.0,0.0,0.0,0.0,0.0
2016-04-03,FOODS_1_110,0.0,0.0,0.0,0.0,0.02,0.0
2016-04-04,FOODS_1_110,0.0,0.0,0.0,0.0,0.0,0.0
2016-04-05,FOODS_1_110,0.0,0.0,0.0,0.0,0.0,0.0
2016-04-06,FOODS_1_110,0.0,0.0,0.0,0.0,0.0,0.0
2016-04-07,FOODS_1_110,0.0,0.0,0.0,0.0,0.0,0.0
2016-04-08,FOODS_1_110,0.0,0.0,0.0,0.0,0.0,0.0
2016-04-09,FOODS_1_110,0.0,0.0,0.0,0.0,0.0,0.0
2016-04-10,FOODS_1_110,0.0,0.0,0.0,0.0,0.0,0.0
2016-04-11,FOODS_1_110,0.0,0.0,0.0,0.0,0.0,0.0
2016-04-12,FOODS_1_110,0.0,0.0,0.0,0.0,0.0,0.0
2016-04-13,FOODS_1_110,0.0,0.0,0.0,0.0,0.0,0.0
2016-04-14,FOODS_1_110,0.0,0.0,0.0,0.0,0.0,0.0
2016-04-15,FOODS_1_110,0.0,0.0,0.0,0.0,0.0,0.0
2016-04-16,FOODS_1_110,0.0,0.0,0.0,0.0,0.0,0.0
2016-04-17,FOODS_1_110,0.0,0.0,0.0,0.0,0.0,0.0
2016-04-18,FOODS_1_110,0.0,0.0,0.0,0.0,0.0,0.0
2016-04-19,FOODS_1_110,0.0,0.0,0.0,0.0,0.0,0.0
2016-04-20,FOODS_1_110,0.0,0.0,0.0,0.0,0.0,0.0
2016-04-21,FOODS_1_110,0.0,0.0,0.0,0.0,0.0,0.0
2016-04-22,FOODS_1_110,0.0,0.0,0.0,0.0,0.0,0.0
2016-04-23,FOODS_1_110,0.0,0.0,0.0,0.0,0.0,0.0
2016-04-24,FOODS_1_110,0.0,0.0,0.0,0.0,0.0,0.0
2016-03-28,FOODS_1_111,0.0,0.0,0.57,0.82,0.32,0.82
2016-03-29,FOODS_1_111,0.0,0.0,0.57,0.82,0.17,0.82
2016-03-30,FOODS_1_111,1.0,1.0,0.57,0.82,0.61,0.82
2016-03-31,FOODS_1_111,0.0,2.0,0.57,0.82,0.85,0.82
2016-04-01,FOODS_1_111,2.0,0.0,0.57,0.82,0.16,0.82
2016-04-02,FOODS_1_111,0.0,1.0,0.57,0.82,1.3,0.82
2016-04-03,FOODS_1_111,1.0,0.0,0.57,0.82,0.28,0.82
2016-04-04,FOODS_1_111,1.0,0.0,0.57,0.82,0.26,0.82
2016-04-05,FOODS_1_111,0.0,0.0,0.57,0.82,0.12,0.82
2016-04-06,FOODS_1_111,1.0,1.0,0.57,0.82,0.56,0.82
2016-04-07,FOODS_1_111,0.0,2.0,0.57,0.82,0.79,0.82
2016-04-08,FOODS_1_111,1.0,0.0,0.57,0.82,0.1,0.82
2016-04-09,FOODS_1_111,2.0,1.0,0.57,0.82,1.24,0.82
2016-04-10,FOODS_1_111,0.0,0.0,0.57,0.82,0.23,0.82
2016-04-11,FOODS_1_111,0.0,0.0,0.57,0.82,0.21,0.82
2016-04-12,FOODS_1_111,0.0,0.0,0.57,0.82,0.06,0.82
2016-04-13,FOODS_1_111,0.0,1.0,0.57,0.82,0.5,0.82
2016-04-14,FOODS_1_111,0.0,2.0,0.57,0.82,0.74,0.82
2016-04-15,FOODS_1_111,0.0,0.0,0.57,0.82,0.04,0.82
2016-04-16,FOODS_1_111,0.0,1.0,0.57,0.82,1.19,0.82
2016-04-17,FOODS_1_111,0.0,0.0,0.57,0.82,0.17,0.82
2016-04-18,FOODS_1_111,0.0,0.0,0.57,0.82,0.15,0.82
2016-04-19,FOODS_1_111,1.0,0.0,0.57,0.82,0.01,0.82
2016-04-20,FOODS_1_111,2.0,1.0,0.57,0.82,0.45,0.82
2016-04-21,FOODS_1_111,0.0,2.0,0.57,0.82,0.68,0.82
2016-04-22,FOODS_1_111,0.0,0.0,0.57,0.82,0.0,0.82
2016-04-23,FOODS_1_111,1.0,1.0,0.57,0.82,1.13,0.82
2016-04-24,FOODS_1_111,0.0,0.0,0.57,0.82,0.12,0.82
2016-03-28,FOODS_1_112,3.0,1.0,3.0,2.46,3.18,2.46
2016-03-29,FOODS_1_112,1.0,1.0,3.0,2.46,3.31,2.46
2016-03-30,FOODS_1_112,3.0,1.0,3.0,2.46,4.52,2.46
2016-03-31,FOODS_1_112,1.0,2.0,3.0,2.46,3.35,2.46
2016-04-01,FOODS_1_112,4.0,4.0,3.0,2.46,4.17,2.46
2016-04-02,FOODS_1_112,2.0,10.0,3.0,2.46,5.54,2.46
2016-04-03,FOODS_1_112,1.0,2.0,3.0,2.46,3.36,2.46
2016-04-04,FOODS_1_112,1.0,1.0,3.0,2.46,3.63,2.46
2016-04-05,FOODS_1_112,1.0,1.0,3.0,2.46,3.76,2.46
2016-04-06,FOODS_1_112,0.0,1.0,3.0,2.46,4.98,2.46
2016-04-07,FOODS_1_112,4.0,2.0,3.0,2.46,3.8,2.46
2016-04-08,FOODS_1_112,1.0,4.0,3.0,2.46,4.63,2.46
2016-04-09,FOODS_1_112,3.0,10.0,3.0,2.46,5.99,2.46
2016-04-10,FOODS_1_112,5.0,2.0,3.0,2.46,3.82,2.46
2016-04-11,FOODS_1_112,1.0,1.0,3.0,2.46,4.09,2.46
2016-04-12,FOODS_1_112,1.0,1.0,3.0,2.46,4.22,2.46
2016-04-13,FOODS_1_112,3.0,1.0,3.0,2.46,5.43,2.46
2016-04-14,FOODS_1_112,4.0,2.0,3.0,2.46,4.26,2.46
2016-04-15,FOODS_1_112,0.0,4.0,3.0,2.46,5.08,2.46
2016-04-16,FOODS_1_112,0.0,10.0,3.0,2.46,6.45,2.46
2016-04-17,FOODS_1_112,1.0,2.0,3.0,2.46,4.27,2.46
2016-04-18,FOODS_1_112,2.0,1.0,3.0,2.46,4.55,2.46
2016-04-19,FOODS_1_112,1.0,1.0,3.0,2.46,4.67,2.46
2016-04-20,FOODS_1_112,3.0,1.0,3.0,2.46,5.89,2.46
2016-04-21,FOODS_1_112,0.0,2.0,3.0,2.46,4.71,2.46
2016-04-22,FOODS_1_112,0.0,4.0,3.0,2.46,5.54,2.46
2016-04-23,FOODS_1_112,6.0,10.0,3.0,2.46,6.9,2.46
2016-04-24,FOODS_1_112,5.0,2.0,3.0,2.46,4.73,2.46
2016-03-28,FOODS_1_113,0.0,2.0,1.29,1.54,0.4,1.54
2016-03-29,FOODS_1_113,0.0,3.0,1.29,1.54,0.77,1.54
2016-03-30,FOODS_1_113,0.0,2.0,1.29,1.54,0.05,1.54
2016-03-31,FOODS_1_113,5.0,1.0,1.29,1.54,0.0,1.54
2016-04-01,FOODS_1_113,0.0,0.0,1.29,1.54,1.43,1.54
2016-04-02,FOODS_1_113,0.0,0.0,1.29,1.54,1.45,1.54
2016-04-03,FOODS_1_113,0.0,1.0,1.29,1.54,0.14,1.54
2016-04-04,FOODS_1_113,0.0,2.0,1.29,1.54,0.19,1.54
2016-04-05,FOODS_1_113,0.0,3.0,1.29,1.54,0.55,1.54
2016-04-06,FOODS_1_113,0.0,2.0,1.29,1.54,0.0,1.54
2016-04-07,FOODS_1_113,3.0,1.0,1.29,1.54,0.0,1.54
2016-04-08,FOODS_1_113,0.0,0.0,1.29,1.54,1.22,1.54
2016-04-09,FOODS_1_113,3.0,0.0,1.29,1.54,1.24,1.54
2016-04-10,FOODS_1_113,0.0,1.0,1.29,1.54,0.0,1.54
2016-04-11,FOODS_1_113,0.0,2.0,1.29,1.54,0.0,1.54
2016-04-12,FOODS_1_113,1.0,3.0,1.29,1.54,0.34,1.54
2016-04-13,FOODS_1_113,0.0,2.0,1.29,1.54,0.0,1.54
2016-04-14,FOODS_1_113,0.0,1.0,1.29,1.54,0.0,1.54
2016-04-15,FOODS_1_113,0.0,0.0,1.29,1.54,1.0,1.54
2016-04-16,FOODS_1_113,0.0,0.0,1.29,1.54,1.02,1.54
2016-04-17,FOODS_1_113,0.0,1.0,1.29,1.54,0.0,1.54
2016-04-18,FOODS_1_113,0.0,2.0,1.29,1.54,0.0,1.54
2016-04-19,FOODS_1_113,0.0,3.0,1.29,1.54,0.12,1.54
2016-04-20,FOODS_1_113,0.0,2.0,1.29,1.54,0.0,1.54
2016-04-21,FOODS_1_113,0.0,1.0,1.29,1.54,0.0,1.54
2016-04-22,FOODS_1_113,0.0,0.0,1.29,1.54,0.79,1.54
2016-04-23,FOODS_1_113,0.0,0.0,1.29,1.54,0.81,1.54
2016-04-24,FOODS_1_113,0.0,1.0,1.29,1.54,0.0,1.54
2016-03-28,FOODS_1_114,0.0,0.0,0.0,0.21,0.0,0.21
2016-03-29,FOODS_1_114,0.0,0.0,0.0,0.21,0.0,0.21
2016-03-30,FOODS_1_114,0.0,0.0,0.0,0.21,0.0,0.21
2016-03-31,FOODS_1_114,0.0,0.0,0.0,0.21,0.0,0.21
2016-04-01,FOODS_1_114,0.0,0.0,0.0,0.21,0.44,0.21
2016-04-02,FOODS_1_114,0.0,0.0,0.0,0.21,0.0,0.21
2016-04-03,FOODS_1_114,0.0,0.0,0.0,0.21,0.0,0.21
2016-04-04,FOODS_1_114,0.0,0.0,0.0,0.21,0.0,0.21
2016-04-05,FOODS_1_114,0.0,0.0,0.0,0.21,0.0,0.21
2016-04-06,FOODS_1_114,0.0,0.0,0.0,0.21,0.0,0.21
2016-04-07,FOODS_1_114,0.0,0.0,0.0,0.21,0.0,0.21
2016-04-08,FOODS_1_114,1.0,0.0,0.0,0.21,0.22,0.21
2016-04-09,FOODS_1_114,1.0,0.0,0.0,0.21,0.0,0.21
2016-04-10,FOODS_1_114,1.0,0.0,0.0,0.21,0.0,0.21
2016-04-11,FOODS_1_114,0.0,0.0,0.0,0.21,0.0,0.21
2016-04-12,FOODS_1_114,0.0,0.0,0.0,0.21,0.0,0.21
2016-04-13,FOODS_1_114,0.0,0.0,0.0,0.21,0.0,0.21
2016-04-14,FOODS_1_114,2.0,0.0,0.0,0.21,0.0,0.21
2016-04-15,FOODS_1_114,0.0,0.0,0.0,0.21,0.01,0.21
2016-04-16,FOODS_1_114,2.0,0.0,0.0,0.21,0.0,0.21
2016-04-17,FOODS_1_114,1.0,0.0,0.0,0.21,0.0,0.21
2016-04-18,FOODS_1_114,2.0,0.0,0.0,0.21,0.0,0.21
2016-04-19,FOODS_1_114,0.0,0.0,0.0,0.21,0.0,0.21
2016-04-20,FOODS_1_114,0.0,0.0,0.0,0.21,0.0,0.21
2016-04-21,FOODS_1_114,1.0,0.0,0.0,0.21,0.0,0.21
2016-04-22,FOODS_1_114,0.0,0.0,0.0,0.21,0.0,0.21
2016-04-23,FOODS_1_114,1.0,0.0,0.0,0.21,0.0,0.21
2016-04-24,FOODS_1_114,0.0,0.0,0.0,0.21,0.0,0.21
2016-03-28,FOODS_1_115,6.0,0.0,0.43,0.32,0.77,0.32
2016-03-29,FOODS_1_115,0.0,1.0,0.43,0.32,0.5,0.32
2016-03-30,FOODS_1_115,0.0,0.0,0.43,0.32,0.29,0.32
2016-03-31,FOODS_1_115,0.0,0.0,0.43,0.32,0.29,0.32
2016-04-01,FOODS_1_115,1.0,1.0,0.43,0.32,0.62,0.32
2016-04-02,FOODS_1_115,1.0,1.0,0.43,0.32,0.51,0.32
2016-04-03,FOODS_1_115,0.0,0.0,0.43,0.32,0.72,0.32
2016-04-04,FOODS_1_115,0.0,0.0,0.43,0.32,0.85,0.32
2016-04-05,FOODS_1_115,0.0,1.0,0.43,0.32,0.58,0.32
2016-04-06,FOODS_1_115,0.0,0.0,0.43,0.32,0.36,0.32
2016-04-07,FOODS_1_115,1.0,0.0,0.43,0.32,0.36,0.32
2016-04-08,FOODS_1_115,0.0,1.0,0.43,0.32,0.69,0.32
2016-04-09,FOODS_1_115,2.0,1.0,0.43,0.32,0.58,0.32
2016-04-10,FOODS_1_115,0.0,0.0,0.43,0.32,0.79,0.32
2016-04-11,FOODS_1_115,1.0,0.0,0.43,0.32,0.92,0.32
2016-04-12,FOODS_1_115,0.0,1.0,0.43,0.32,0.65,0.32
2016-04-13,FOODS_1_115,0.0,0.0,0.43,0.32,0.44,0.32
2016-04-14,FOODS_1_115,0.0,0.0,0.43,0.32,0.44,0.32
2016-04-15,FOODS_1_115,1.0,1.0,0.43,0.32,0.77,0.32
2016-04-16,FOODS_1_115,1.0,1.0,0.43,0.32,0.65,0.32
2016-04-17,FOODS_1_115,0.0,0.0,0.43,0.32,0.87,0.32
2016-04-18,FOODS_1_115,1.0,0.0,0.43,0.32,0.99,0.32
2016-04-19,FOODS_1_115,0.0,1.0,0.43,0.32,0.72,0.32
2016-04-20,FOODS_1_115,0.0,0.0,0.43,0.32,0.51,0.32
2016-04-21,FOODS_1_115,0.0,0.0,0.43,0.32,0.51,0.32
2016-04-22,FOODS_1_115,0.0,1.0,0.43,0.32,0.84,0.32
2016-04-23,FOODS_1_115,0.0,1.0,0.43,0.32,0.73,0.32
2016-04-24,FOODS_1_115,0.0,0.0,0.43,0.32,0.94,0.32
2016-03-28,FOODS_1_116,1.0,1.0,1.29,0.79,1.21,0.79
2016-03-29,FOODS_1_116,0.0,1.0,1.29,0.79,0.61,0.79
2016-03-30,FOODS_1_116,0.0,2.0,1.29,0.79,0.69,0.79
2016-03-31,FOODS_1_116,1.0,4.0,1.29,0.79,1.16,0.79
2016-04-01,FOODS_1_116,1.0,0.0,1.29,0.79,0.69,0.79
2016-04-02,FOODS_1_116,0.0,0.0,1.29,0.79,1.24,0.79
2016-04-03,FOODS_1_116,5.0,1.0,1.29,0.79,1.1,0.79
2016-04-04,FOODS_1_116,2.0,1.0,1.29,0.79,1.2,0.79
2016-04-05,FOODS_1_116,0.0,1.0,1.29,0.79,0.6,0.79
2016-04-06,FOODS_1_116,0.0,2.0,1.29,0.79,0.69,0.79
2016-04-07,FOODS_1_116,1.0,4.0,1.29,0.79,1.16,0.79
2016-04-08,FOODS_1_116,4.0,0.0,1.29,0.79,0.68,0.79
2016-04-09,FOODS_1_116,4.0,0.0,1.29,0.79,1.24,0.79
2016-04-10,FOODS_1_116,0.0,1.0,1.29,0.79,1.1,0.79
2016-04-11,FOODS_1_116,2.0,1.0,1.29,0.79,1.2,0.79
2016-04-12,FOODS_1_116,0.0,1.0,1.29,0.79,0.6,0.79
2016-04-13,FOODS_1_116,2.0,2.0,1.29,0.79,0.68,0.79
2016-04-14,FOODS_1_116,1.0,4.0,1.29,0.79,1.15,0.79
2016-04-15,FOODS_1_116,4.0,0.0,1.29,0.79,0.68,0.79
2016-04-16,FOODS_1_116,0.0,0.0,1.29,0.79,1.23,0.79
2016-04-17,FOODS_1_116,0.0,1.0,1.29,0.79,1.09,0.79
2016-04-18,FOODS_1_116,0.0,1.0,1.29,0.79,1.19,0.79
2016-04-19,FOODS_1_116,0.0,1.0,1.29,0.79,0.59,0.79
2016-04-20,FOODS_1_116,0.0,2.0,1.29,0.79,0.68,0.79
2016-04-21,FOODS_1_116,0.0,4.0,1.29,0.79,1.15,0.79
2016-04-22,FOODS_1_116,0.0,0.0,1.29,0.79,0.67,0.79
2016-04-23,FOODS_1_116,6.0,0.0,1.29,0.79,1.23,0.79
2016-04-24,FOODS_1_116,0.0,1.0,1.29,0.79,1.09,0.79
2016-03-28,FOODS_1_117,4.0,0.0,0.43,1.25,0.21,1.25
2016-03-29,FOODS_1_117,2.0,0.0,0.43,1.25,0.45,1.25
2016-03-30,FOODS_1_117,1.0,0.0,0.43,1.25,0.29,1.25
2016-03-31,FOODS_1_117,0.0,0.0,0.43,1.25,0.0,1.25
2016-04-01,FOODS_1_117,3.0,3.0,0.43,1.25,0.73,1.25
2016-04-02,FOODS_1_117,1.0,0.0,0.43,1.25,0.23,1.25
2016-04-03,FOODS_1_117,3.0,0.0,0.43,1.25,0.5,1.25
2016-04-04,FOODS_1_117,2.0,0.0,0.43,1.25,0.0,1.25
2016-04-05,FOODS_1_117,5.0,0.0,0.43,1.25,0.22,1.25
2016-04-06,FOODS_1_117,2.0,0.0,0.43,1.25,0.06,1.25
2016-04-07,FOODS_1_117,1.0,0.0,0.43,1.25,0.0,1.25
2016-04-08,FOODS_1_117,0.0,3.0,0.43,1.25,0.5,1.25
2016-04-09,FOODS_1_117,2.0,0.0,0.43,1.25,0.0,1.25
2016-04-10,FOODS_1_117,1.0,0.0,0.43,1.25,0.27,1.25
2016-04-11,FOODS_1_117,1.0,0.0,0.43,1.25,0.0,1.25
2016-04-12,FOODS_1_117,2.0,0.0,0.43,1.25,0.0,1.25
2016-04-13,FOODS_1_117,1.0,0.0,0.43,1.25,0.0,1.25
2016-04-14,FOODS_1_117,0.0,0.0,0.43,1.25,0.0,1.25
2016-04-15,FOODS_1_117,0.0,3.0,0.43,1.25,0.27,1.25
2016-04-16,FOODS_1_117,1.0,0.0,0.43,1.25,0.0,1.25
2016-04-17,FOODS_1_117,2.0,0.0,0.43,1.25,0.04,1.25
2016-04-18,FOODS_1_117,3.0,0.0,0.43,1.25,0.0,1.25
2016-04-19,FOODS_1_117,0.0,0.0,0.43,1.25,0.0,1.25
2016-04-20,FOODS_1_117,0.0,0.0,0.43,1.25,0.0,1.25
2016-04-21,FOODS_1_117,1.0,0.0,0.43,1.25,0.0,1.25
2016-04-22,FOODS_1_117,0.0,3.0,0.43,1.25,0.04,1.25
2016-04-23,FOODS_1_117,1.0,0.0,0.43,1.25,0.0,1.25
2016-04-24,FOODS_1_117,7.0,0.0,0.43,1.25,0.0,1.25
2016-03-28,FOODS_1_118,0.0,1.0,1.29,1.21,1.75,1.21
2016-03-29,FOODS_1_118,0.0,0.0,1.29,1.21,1.78,1.21
2016-03-30,FOODS_1_118,0.0,1.0,1.29,1.21,0.94,1.21
2016-03-31,FOODS_1_118,3.0,0.0,1.29,1.21,1.03,1.21
2016-04-01,FOODS_1_118,0.0,7.0,1.29,1.21,2.82,1.21
2016-04-02,FOODS_1_118,1.0,0.0,1.29,1.21,1.1,1.21
2016-04-03,FOODS_1_118,1.0,0.0,1.29,1.21,1.22,1.21
2016-04-04,FOODS_1_118,2.0,1.0,1.29,1.21,1.8,1.21
2016-04-05,FOODS_1_118,0.0,0.0,1.29,1.21,1.83,1.21
2016-04-06,FOODS_1_118,0.0,1.0,1.29,1.21,0.99,1.21
2016-04-07,FOODS_1_118,0.0,0.0,1.29,1.21,1.09,1.21
2016-04-08,FOODS_1_118,3.0,7.0,1.29,1.21,2.87,1.21
2016-04-09,FOODS_1_118,1.0,0.0,1.29,1.21,1.15,1.21
2016-04-10,FOODS_1_118,4.0,0.0,1.29,1.21,1.27,1.21
2016-04-11,FOODS_1_118,2.0,1.0,1.29,1.21,1.85,1.21
2016-04-12,FOODS_1_118,0.0,0.0,1.29,1.21,1.88,1.21
2016-04-13,FOODS_1_118,0.0,1.0,1.29,1.21,1.04,1.21
2016-04-14,FOODS_1_118,0.0,0.0,1.29,1.21,1.14,1.21
2016-04-15,FOODS_1_118,0.0,7.0,1.29,1.21,2.92,1.21
2016-04-16,FOODS_1_118,1.0,0.0,1.29,1.21,1.2,1.21
2016-04-17,FOODS_1_118,1.0,0.0,1.29,1.21,1.32,1.21
2016-04-18,FOODS_1_118,2.0,1.0,1.29,1.21,1.9,1.21
2016-04-19,FOODS_1_118,1.0,0.0,1.29,1.21,1.94,1.21
2016-04-20,FOODS_1_118,0.0,1.0,1.29,1.21,1.09,1.21
2016-04-21,FOODS_1_118,6.0,0.0,1.29,1.21,1.19,1.21
2016-04-22,FOODS_1_118,3.0,7.0,1.29,1.21,2.97,1.21
2016-04-23,FOODS_1_118,3.0,0.0,1.29,1.21,1.25,1.21
2016-04-24,FOODS_1_118,2.0,0.0,1.29,1.21,1.37,1.21
2016-03-28,FOODS_1_119,0.0,0.0,0.0,0.43,0.0,0.43
2016-03-29,FOODS_1_119,0.0,0.0,0.0,0.43,0.0,0.43
2016-03-30,FOODS_1_119,0.0,0.0,0.0,0.43,0.08,0.43
2016-03-31,FOODS_1_119,0.0,0.0,0.0,0.43,0.0,0.43
2016-04-01,FOODS_1_119,0.0,0.0,0.0,0.43,0.21,0.43
2016-04-02,FOODS_1_119,0.0,0.0,0.0,0.43,0.0,0.43
2016-04-03,FOODS_1_119,0.0,0.0,0.0,0.43,0.0,0.43
2016-04-04,FOODS_1_119,0.0,0.0,0.0,0.43,0.0,0.43
2016-04-05,FOODS_1_119,0.0,0.0,0.0,0.43,0.0,0.43
2016-04-06,FOODS_1_119,0.0,0.0,0.0,0.43,0.0,0.43
2016-04-07,FOODS_1_119,0.0,0.0,0.0,0.43,0.0,0.43
2016-04-08,FOODS_1_119,0.0,0.0,0.0,0.43,0.04,0.43
2016-04-09,FOODS_1_119,0.0,0.0,0.0,0.43,0.0,0.43
2016-04-10,FOODS_1_119,0.0,0.0,0.0,0.43,0.0,0.43
2016-04-11,FOODS_1_119,0.0,0.0,0.0,0.43,0.0,0.43
2016-04-12,FOODS_1_119,0.0,0.0,0.0,0.43,0.0,0.43
2016-04-13,FOODS_1_119,0.0,0.0,0.0,0.43,0.0,0.43
2016-04-14,FOODS_1_119,0.0,0.0,0.0,0.43,0.0,0.43
2016-04-15,FOODS_1_119,0.0,0.0,0.0,0.43,0.0,0.43
2016-04-16,FOODS_1_119,0.0,0.0,0.0,0.43,0.0,0.43
2016-04-17,FOODS_1_119,0.0,0.0,0.0,0.43,0.0,0.43
2016-04-18,FOODS_1_119,0.0,0.0,0.0,0.43,0.0,0.43
2016-04-19,FOODS_1_119,0.0,0.0,0.0,0.43,0.0,0.43
2016-04-20,FOODS_1_119,0.0,0.0,0.0,0.43,0.0,0.43
2016-04-21,FOODS_1_119,0.0,0.0,0.0,0.43,0.0,0.43
2016-04-22,FOODS_1_119,0.0,0.0,0.0,0.43,0.0,0.43
2016-04-23,FOODS_1_119,0.0,0.0,0.0,0.43,0.0,0.43
2016-04-24,FOODS_1_119,0.0,0.0,0.0,0.43,0.0,0.43
2016-03-28,FOODS_1_120,0.0,0.0,0.0,0.0,0.0,0.0
2016-03-29,FOODS_1_120,0.0,0.0,0.0,0.0,0.1,0.0
2016-03-30,FOODS_1_120,0.0,0.0,0.0,0.0,0.0,0.0
2016-03-31,FOODS_1_120,0.0,0.0,0.0,0.0,0.0,0.0
2016-04-01,FOODS_1_120,0.0,0.0,0.0,0.0,0.0,0.0
2016-04-02,FOODS_1_120,0.0,0.0,0.0,0.0,0.0,0.0
2016-04-03,FOODS_1_120,0.0,0.0,0.0,0.0,0.0,0.0
2016-04-04,FOODS_1_120,0.0,0.0,0.0,0.0,0.0,0.0
2016-04-05,FOODS_1_120,0.0,0.0,0.0,0.0,0.05,0.0
2016-04-06,FOODS_1_120,0.0,0.0,0.0,0.0,0.0,0.0
2016-04-07,FOODS_1_120,0.0,0.0,0.0,0.0,0.0,0.0
2016-04-08,FOODS_1_120,0.0,0.0,0.0,0.0,0.0,0.0
2016-04-09,FOODS_1_120,0.0,0.0,0.0,0.0,0.0,0.0
2016-04-10,FOODS_1_120,0.0,0.0,0.0,0.0,0.0,0.0
2016-04-11,FOODS_1_120,0.0,0.0,0.0,0.0,0.0,0.0
2016-04-12,FOODS_1_120,0.0,0.0,0.0,0.0,0.01,0.0
2016-04-13,FOODS_1_120,0.0,0.0,0.0,0.0,0.0,0.0
2016-04-14,FOODS_1_120,0.0,0.0,0.0,0.0,0.0,0.0
2016-04-15,FOODS_1_120,0.0,0.0,0.0,0.0,0.0,0.0
2016-04-16,FOODS_1_120,0.0,0.0,0.0,0.0,0.0,0.0
2016-04-17,FOODS_1_120,0.0,0.0,0.0,0.0,0.0,0.0
2016-04-18,FOODS_1_120,0.0,0.0,0.0,0.0,0.0,0.0
2016-04-19,FOODS_1_120,0.0,0.0,0.0,0.0,0.0,0.0
2016-04-20,FOODS_1_120,0.0,0.0,0.0,0.0,0.0,0.0
2016-04-21,FOODS_1_120,0.0,0.0,0.0,0.0,0.0,0.0
2016-04-22,FOODS_1_120,0.0,0.0,0.0,0.0,0.0,0.0
2016-04-23,FOODS_1_120,0.0,0.0,0.0,0.0,0.0,0.0
2016-04-24,FOODS_1_120,0.0,0.0,0.0,0.0,0.0,0.0
2016-03-28,FOODS_1_121,0.0,1.0,0.71,0.61,0.58,0.61
2016-03-29,FOODS_1_121,0.0,1.0,0.71,0.61,1.11,0.61
2016-03-30,FOODS_1_121,0.0,0.0,0.71,0.61,0.24,0.61
2016-03-31,FOODS_1_121,1.0,1.0,0.71,0.61,0.59,0.61
2016-04-01,FOODS_1_121,1.0,0.0,0.71,0.61,0.48,0.61
2016-04-02,FOODS_1_121,1.0,1.0,0.71,0.61,0.8,0.61
2016-04-03,FOODS_1_121,0.0,1.0,0.71,0.61,0.95,0.61
2016-04-04,FOODS_1_121,1.0,1.0,0.71,0.61,0.56,0.61
2016-04-05,FOODS_1_121,3.0,1.0,0.71,0.61,1.09,0.61
2016-04-06,FOODS_1_121,0.0,0.0,0.71,0.61,0.21,0.61
2016-04-07,FOODS_1_121,1.0,1.0,0.71,0.61,0.56,0.61
2016-04-08,FOODS_1_121,1.0,0.0,0.71,0.61,0.46,0.61
2016-04-09,FOODS_1_121,1.0,1.0,0.71,0.61,0.78,0.61
2016-04-10,FOODS_1_121,1.0,1.0,0.71,0.61,0.93,0.61
2016-04-11,FOODS_1_121,1.0,1.0,0.71,0.61,0.53,0.61
2016-04-12,FOODS_1_121,0.0,1.0,0.71,0.61,1.06,0.61
2016-04-13,FOODS_1_121,0.0,0.0,0.71,0.61,0.19,0.61
2016-04-14,FOODS_1_121,0.0,1.0,0.71,0.61,0.54,0.61
2016-04-15,FOODS_1_121,0.0,0.0,0.71,0.61,0.43,0.61
2016-04-16,FOODS_1_121,0.0,1.0,0.71,0.61,0.75,0.61
2016-04-17,FOODS_1_121,4.0,1.0,0.71,0.61,0.9,0.61
2016-04-18,FOODS_1_121,1.0,1.0,0.71,0.61,0.51,0.61
2016-04-19,FOODS_1_121,1.0,1.0,0.71,0.61,1.04,0.61
2016-04-20,FOODS_1_121,1.0,0.0,0.71,0.61,0.16,0.61
2016-04-21,FOODS_1_121,1.0,1.0,0.71,0.61,0.51,0.61
2016-04-22,FOODS_1_121,6.0,0.0,0.71,0.61,0.41,0.61
2016-04-23,FOODS_1_121,0.0,1.0,0.71,0.61,0.73,0.61
2016-04-24,FOODS_1_121,1.0,1.0,0.71,0.61,0.88,0.61
2016-03-28,FOODS_1_122,0.0,0.0,2.0,1.43,1.56,1.43
2016-03-29,FOODS_1_122,1.0,1.0,2.0,1.43,2.01,1.43
2016-03-30,FOODS_1_122,1.0,1.0,2.0,1.43,1.88,1.43
2016-03-31,FOODS_1_122,0.0,1.0,2.0,1.43,2.19,1.43
2016-04-01,FOODS_1_122,1.0,3.0,2.0,1.43,2.87,1.43
2016-04-02,FOODS_1_122,1.0,8.0,2.0,1.43,4.35,1.43
2016-04-03,FOODS_1_122,4.0,0.0,2.0,1.43,2.51,1.43
2016-04-04,FOODS_1_122,1.0,0.0,2.0,1.43,1.85,1.43
2016-04-05,FOODS_1_122,1.0,1.0,2.0,1.43,2.31,1.43
2016-04-06,FOODS_1_122,0.0,1.0,2.0,1.43,2.17,1.43
2016-04-07,FOODS_1_122,0.0,1.0,2.0,1.43,2.49,1.43
2016-04-08,FOODS_1_122,1.0,3.0,2.0,1.43,3.16,1.43
2016-04-09,FOODS_1_122,2.0,8.0,2.0,1.43,4.64,1.43
2016-04-10,FOODS_1_122,1.0,0.0,2.0,1.43,2.81,1.43
2016-04-11,FOODS_1_122,1.0,0.0,2.0,1.43,2.14,1.43
2016-04-12,FOODS_1_122,1.0,1.0,2.0,1.43,2.6,1.43
2016-04-13,FOODS_1_122,2.0,1.0,2.0,1.43,2.47,1.43
2016-04-14,FOODS_1_122,3.0,1.0,2.0,1.43,2.78,1.43
2016-04-15,FOODS_1_122,0.0,3.0,2.0,1.43,3.45,1.43
2016-04-16,FOODS_1_122,0.0,8.0,2.0,1.43,4.93,1.43
2016-04-17,FOODS_1_122,1.0,0.0,2.0,1.43,3.1,1.43
2016-04-18,FOODS_1_122,0.0,0.0,2.0,1.43,2.43,1.43
2016-04-19,FOODS_1_122,0.0,1.0,2.0,1.43,2.89,1.43
2016-04-20,FOODS_1_122,0.0,1.0,2.0,1.43,2.76,1.43
2016-04-21,FOODS_1_122,1.0,1.0,2.0,1.43,3.07,1.43
2016-04-22,FOODS_1_122,1.0,3.0,2.0,1.43,3.75,1.43
2016-04-23,FOODS_1_122,2.0,8.0,2.0,1.43,5.23,1.43
2016-04-24,FOODS_1_122,0.0,0.0,2.0,1.43,3.39,1.43
2016-03-28,FOODS_1_123,0.0,1.0,0.57,0.68,0.85,0.68
2016-03-29,FOODS_1_123,0.0,2.0,0.57,0.68,0.8,0.68
2016-03-30,FOODS_1_123,0.0,0.0,0.57,0.68,0.0,0.68
2016-03-31,FOODS_1_123,0.0,0.0,0.57,0.68,0.35,0.68
2016-04-01,FOODS_1_123,0.0,1.0,0.57,0.68,0.37,0.68
2016-04-02,FOODS_1_123,0.0,0.0,0.57,0.68,0.3,0.68
2016-04-03,FOODS_1_123,0.0,0.0,0.57,0.68,0.0,0.68
2016-04-04,FOODS_1_123,0.0,1.0,0.57,0.68,0.77,0.68
2016-04-05,FOODS_1_123,0.0,2.0,0.57,0.68,0.72,0.68
2016-04-06,FOODS_1_123,0.0,0.0,0.57,0.68,0.0,0.68
2016-04-07,FOODS_1_123,2.0,0.0,0.57,0.68,0.27,0.68
2016-04-08,FOODS_1_123,0.0,1.0,0.57,0.68,0.28,0.68
2016-04-09,FOODS_1_123,0.0,0.0,0.57,0.68,0.21,0.68
2016-04-10,FOODS_1_123,1.0,0.0,0.57,0.68,0.0,0.68
2016-04-11,FOODS_1_123,0.0,1.0,0.57,0.68,0.68,0.68
2016-04-12,FOODS_1_123,0.0,2.0,0.57,0.68,0.63,0.68
2016-04-13,FOODS_1_123,1.0,0.0,0.57,0.68,0.0,0.68
2016-04-14,FOODS_1_123,1.0,0.0,0.57,0.68,0.18,0.68
2016-04-15,FOODS_1_123,0.0,1.0,0.57,0.68,0.19,0.68
2016-04-16,FOODS_1_123,1.0,0.0,0.57,0.68,0.12,0.68
2016-04-17,FOODS_1_123,0.0,0.0,0.57,0.68,0.0,0.68
2016-04-18,FOODS_1_123,0.0,1.0,0.57,0.68,0.59,0.68
2016-04-19,FOODS_1_123,0.0,2.0,0.57,0.68,0.54,0.68
2016-04-20,FOODS_1_123,1.0,0.0,0.57,0.68,0.0,0.68
2016-04-21,FOODS_1_123,0.0,0.0,0.57,0.68,0.09,0.68
2016-04-22,FOODS_1_123,1.0,1.0,0.57,0.68,0.11,0.68
2016-04-23,FOODS_1_123,1.0,0.0,0.57,0.68,0.04,0.68
2016-04-24,FOODS_1_123,0.0,0.0,0.57,0.68,0.0,0.68
2016-03-28,FOODS_1_124,0.0,0.0,1.43,1.11,1.56,1.11
2016-03-29,FOODS_1_124,0.0,1.0,1.43,1.11,1.66,1.11
2016-03-30,FOODS_1_124,1.0,1.0,1.43,1.11,1.53,1.11
2016-03-31,FOODS_1_124,1.0,0.0,1.43,1.11,1.11,1.11
2016-04-01,FOODS_1_124,2.0,0.0,1.43,1.11,1.65,1.11
2016-04-02,FOODS_1_124,0.0,6.0,1.43,1.11,3.59,1.11
2016-04-03,FOODS_1_124,1.0,2.0,1.43,1.11,1.88,1.11
2016-04-04,FOODS_1_124,0.0,0.0,1.43,1.11,1.75,1.11
2016-04-05,FOODS_1_124,1.0,1.0,1.43,1.11,1.84,1.11
2016-04-06,FOODS_1_124,0.0,1.0,1.43,1.11,1.72,1.11
2016-04-07,FOODS_1_124,2.0,0.0,1.43,1.11,1.29,1.11
2016-04-08,FOODS_1_124,3.0,0.0,1.43,1.11,1.84,1.11
2016-04-09,FOODS_1_124,0.0,6.0,1.43,1.11,3.77,1.11
2016-04-10,FOODS_1_124,0.0,2.0,1.43,1.11,2.07,1.11
2016-04-11,FOODS_1_124,0.0,0.0,1.43,1.11,1.94,1.11
2016-04-12,FOODS_1_124,3.0,1.0,1.43,1.11,2.03,1.11
2016-04-13,FOODS_1_124,0.0,1.0,1.43,1.11,1.9,1.11
2016-04-14,FOODS_1_124,2.0,0.0,1.43,1.11,1.48,1.11
2016-04-15,FOODS_1_124,0.0,0.0,1.43,1.11,2.02,1.11
2016-04-16,FOODS_1_124,2.0,6.0,1.43,1.11,3.96,1.11
2016-04-17,FOODS_1_124,1.0,2.0,1.43,1.11,2.25,1.11
2016-04-18,FOODS_1_124,4.0,0.0,1.43,1.11,2.12,1.11
2016-04-19,FOODS_1_124,0.0,1.0,1.43,1.11,2.22,1.11
2016-04-20,FOODS_1_124,0.0,1.0,1.43,1.11,2.09,1.11
2016-04-21,FOODS_1_124,1.0,0.0,1.43,1.11,1.67,1.11
2016-04-22,FOODS_1_124,0.0,0.0,1.43,1.11,2.21,1.11
2016-04-23,FOODS_1_124,4.0,6.0,1.43,1.11,4.15,1.11
2016-04-24,FOODS_1_124,10.0,2.0,1.43,1.11,2.44,1.11
2016-03-28,FOODS_1_125,0.0,0.0,1.86,0.86,1.83,0.86
2016-03-29,FOODS_1_125,1.0,1.0,1.86,0.86,2.06,0.86
2016-03-30,FOODS_1_125,0.0,2.0,1.86,0.86,2.45,0.86
2016-03-31,FOODS_1_125,3.0,1.0,1.86,0.86,2.11,0.86
2016-04-01,FOODS_1_125,1.0,1.0,1.86,0.86,2.16,0.86
2016-04-02,FOODS_1_125,4.0,7.0,1.86,0.86,3.73,0.86
2016-04-03,FOODS_1_125,2.0,1.0,1.86,0.86,2.49,0.86
2016-04-04,FOODS_1_125,1.0,0.0,1.86,0.86,2.29,0.86
2016-04-05,FOODS_1_125,1.0,1.0,1.86,0.86,2.52,0.86
2016-04-06,FOODS_1_125,0.0,2.0,1.86,0.86,2.91,0.86
2016-04-07,FOODS_1_125,1.0,1.0,1.86,0.86,2.57,0.86
2016-04-08,FOODS_1_125,1.0,1.0,1.86,0.86,2.62,0.86
2016-04-09,FOODS_1_125,1.0,7.0,1.86,0.86,4.2,0.86
2016-04-10,FOODS_1_125,1.0,1.0,1.86,0.86,2.95,0.86
2016-04-11,FOODS_1_125,4.0,0.0,1.86,0.86,2.76,0.86
2016-04-12,FOODS_1_125,3.0,1.0,1.86,0.86,2.99,0.86
2016-04-13,FOODS_1_125,1.0,2.0,1.86,0.86,3.38,0.86
2016-04-14,FOODS_1_125,0.0,1.0,1.86,0.86,3.04,0.86
2016-04-15,FOODS_1_125,7.0,1.0,1.86,0.86,3.09,0.86
2016-04-16,FOODS_1_125,1.0,7.0,1.86,0.86,4.66,0.86
2016-04-17,FOODS_1_125,0.0,1.0,1.86,0.86,3.42,0.86
2016-04-18,FOODS_1_125,0.0,0.0,1.86,0.86,3.22,0.86
2016-04-19,FOODS_1_125,0.0,1.0,1.86,0.86,3.45,0.86
2016-04-20,FOODS_1_125,0.0,2.0,1.86,0.86,3.84,0.86
2016-04-21,FOODS_1_125,2.0,1.0,1.86,0.86,3.5,0.86
2016-04-22,FOODS_1_125,0.0,1.0,1.86,0.86,3.55,0.86
2016-04-23,FOODS_1_125,2.0,7.0,1.86,0.86,5.13,0.86
2016-04-24,FOODS_1_125,1.0,1.0,1.86,0.86,3.88,0.86
2016-03-28,FOODS_1_126,0.0,0.0,0.0,0.0,0.0,0.0
2016-03-29,FOODS_1_126,0.0,0.0,0.0,0.0,0.02,0.0
2016-03-30,FOODS_1_126,0.0,0.0,0.0,0.0,0.0,0.0
2016-03-31,FOODS_1_126,0.0,0.0,0.0,0.0,0.17,0.0
2016-04-01,FOODS_1_126,0.0,0.0,0.0,0.0,0.0,0.0
2016-04-02,FOODS_1_126,0.0,0.0,0.0,0.0,0.0,0.0
2016-04-03,FOODS_1_126,0.0,0.0,0.0,0.0,0.0,0.0
2016-04-04,FOODS_1_126,0.0,0.0,0.0,0.0,0.0,0.0
2016-04-05,FOODS_1_126,0.0,0.0,0.0,0.0,0.0,0.0
2016-04-06,FOODS_1_126,0.0,0.0,0.0,0.0,0.0,0.0
2016-04-07,FOODS_1_126,0.0,0.0,0.0,0.0,0.13,0.0
2016-04-08,FOODS_1_126,0.0,0.0,0.0,0.0,0.0,0.0
2016-04-09,FOODS_1_126,0.0,0.0,0.0,0.0,0.0,0.0
2016-04-10,FOODS_1_126,0.0,0.0,0.0,0.0,0.0,0.0
2016-04-11,FOODS_1_126,0.0,0.0,0.0,0.0,0.0,0.0
2016-04-12,FOODS_1_126,0.0,0.0,0.0,0.0,0.0,0.0
2016-04-13,FOODS_1_126,0.0,0.0,0.0,0.0,0.0,0.0
2016-04-14,FOODS_1_126,0.0,0.0,0.0,0.0,0.1,0.0
2016-04-15,FOODS_1_126,0.0,0.0,0.0,0.0,0.0,0.0
2016-04-16,FOODS_1_126,0.0,0.0,0.0,0.0,0.0,0.0
2016-04-17,FOODS_1_126,0.0,0.0,0.0,0.0,0.0,0.0
2016-04-18,FOODS_1_126,0.0,0.0,0.0,0.0,0.0,0.0
2016-04-19,FOODS_1_126,0.0,0.0,0.0,0.0,0.0,0.0
2016-04-20,FOODS_1_126,0.0,0.0,0.0,0.0,0.0,0.0
2016-04-21,FOODS_1_126,0.0,0.0,0.0,0.0,0.07,0.0
2016-04-22,FOODS_1_126,0.0,0.0,0.0,0.0,0.0,0.0
2016-04-23,FOODS_1_126,0.0,0.0,0.0,0.0,0.0,0.0
2016-04-24,FOODS_1_126,0.0,0.0,0.0,0.0,0.0,0.0
2016-03-28,FOODS_1_127,1.0,0.0,1.0,0.36,0.67,0.36
2016-03-29,FOODS_1_127,2.0,0.0,1.0,0.36,0.53,0.36
2016-03-30,FOODS_1_127,2.0,1.0,1.0,0.36,1.14,0.36
2016-03-31,FOODS_1_127,1.0,0.0,1.0,0.36,0.79,0.36
2016-04-01,FOODS_1_127,0.0,1.0,1.0,0.36,1.15,0.36
2016-04-02,FOODS_1_127,1.0,1.0,1.0,0.36,1.47,0.36
2016-04-03,FOODS_1_127,2.0,4.0,1.0,0.36,2.34,0.36
2016-04-04,FOODS_1_127,1.0,0.0,1.0,0.36,0.81,0.36
2016-04-05,FOODS_1_127,1.0,0.0,1.0,0.36,0.67,0.36
2016-04-06,FOODS_1_127,1.0,1.0,1.0,0.36,1.28,0.36
2016-04-07,FOODS_1_127,0.0,0.0,1.0,0.36,0.93,0.36
2016-04-08,FOODS_1_127,1.0,1.0,1.0,0.36,1.29,0.36
2016-04-09,FOODS_1_127,1.0,1.0,1.0,0.36,1.61,0.36
2016-04-10,FOODS_1_127,1.0,4.0,1.0,0.36,2.48,0.36
2016-04-11,FOODS_1_127,1.0,0.0,1.0,0.36,0.95,0.36
2016-04-12,FOODS_1_127,0.0,0.0,1.0,0.36,0.81,0.36
2016-04-13,FOODS_1_127,0.0,1.0,1.0,0.36,1.42,0.36
2016-04-14,FOODS_1_127,0.0,0.0,1.0,0.36,1.07,0.36
2016-04-15,FOODS_1_127,2.0,1.0,1.0,0.36,1.43,0.36
2016-04-16,FOODS_1_127,0.0,1.0,1.0,0.36,1.75,0.36
2016-04-17,FOODS_1_127,1.0,4.0,1.0,0.36,2.62,0.36
2016-04-18,FOODS_1_127,0.0,0.0,1.0,0.36,1.09,0.36
2016-04-19,FOODS_1_127,2.0,0.0,1.0,0.36,0.95,0.36
2016-04-20,FOODS_1_127,0.0,1.0,1.0,0.36,1.56,0.36
2016-04-21,FOODS_1_127,0.0,0.0,1.0,0.36,1.21,0.36
2016-04-22,FOODS_1_127,0.0,1.0,1.0,0.36,1.57,0.36
2016-04-23,FOODS_1_127,1.0,1.0,1.0,0.36,1.89,0.36
2016-04-24,FOODS_1_127,1.0,4.0,1.0,0.36,2.76,0.36
2016-03-28,FOODS_1_128,1.0,0.0,1.14,0.64,1.02,0.64
2016-03-29,FOODS_1_128,2.0,3.0,1.14,0.64,1.52,0.64
2016-03-30,FOODS_1_128,0.0,0.0,1.14,0.64,1.23,0.64
2016-03-31,FOODS_1_128,0.0,0.0,1.14,0.64,1.0,0.64
2016-04-01,FOODS_1_128,1.0,2.0,1.14,0.64,1.96,0.64
2016-04-02,FOODS_1_128,0.0,2.0,1.14,0.64,1.29,0.64
2016-04-03,FOODS_1_128,0.0,1.0,1.14,0.64,1.54,0.64
2016-04-04,FOODS_1_128,0.0,0.0,1.14,0.64,1.22,0.64
2016-04-05,FOODS_1_128,0.0,3.0,1.14,0.64,1.72,0.64
2016-04-06,FOODS_1_128,0.0,0.0,1.14,0.64,1.43,0.64
2016-04-07,FOODS_1_128,1.0,0.0,1.14,0.64,1.2,0.64
2016-04-08,FOODS_1_128,2.0,2.0,1.14,0.64,2.16,0.64
2016-04-09,FOODS_1_128,3.0,2.0,1.14,0.64,1.49,0.64
2016-04-10,FOODS_1_128,0.0,1.0,1.14,0.64,1.74,0.64
2016-04-11,FOODS_1_128,0.0,0.0,1.14,0.64,1.42,0.64
2016-04-12,FOODS_1_128,0.0,3.0,1.14,0.64,1.92,0.64
2016-04-13,FOODS_1_128,0.0,0.0,1.14,0.64,1.63,0.64
2016-04-14,FOODS_1_128,0.0,0.0,1.14,0.64,1.4,0.64
2016-04-15,FOODS_1_128,0.0,2.0,1.14,0.64,2.36,0.64
2016-04-16,FOODS_1_128,1.0,2.0,1.14,0.64,1.69,0.64
2016-04-17,FOODS_1_128,0.0,1.0,1.14,0.64,1.94,0.64
2016-04-18,FOODS_1_128,0.0,0.0,1.14,0.64,1.62,0.64
2016-04-19,FOODS_1_128,0.0,3.0,1.14,0.64,2.12,0.64
2016-04-20,FOODS_1_128,0.0,0.0,1.14,0.64,1.83,0.64
2016-04-21,FOODS_1_128,0.0,0.0,1.14,0.64,1.6,0.64
2016-04-22,FOODS_1_128,0.0,2.0,1.14,0.64,2.56,0.64
2016-04-23,FOODS_1_128,4.0,2.0,1.14,0.64,1.89,0.64
2016-04-24,FOODS_1_128,1.0,1.0,1.14,0.64,2.13,0.64
2016-03-28,FOODS_1_129,2.0,0.0,0.86,0.93,0.65,0.93
2016-03-29,FOODS_1_129,1.0,0.0,0.86,0.93,0.71,0.93
2016-03-30,FOODS_1_129,0.0,0.0,0.86,0.93,1.1,0.93
2016-03-31,FOODS_1_129,1.0,0.0,0.86,0.93,0.85,0.93
2016-04-01,FOODS_1_129,0.0,0.0,0.86,0.93,1.03,0.93
2016-04-02,FOODS_1_129,0.0,4.0,0.86,0.93,2.34,0.93
2016-04-03,FOODS_1_129,1.0,2.0,0.86,0.93,1.79,0.93
2016-04-04,FOODS_1_129,1.0,0.0,0.86,0.93,0.76,0.93
2016-04-05,FOODS_1_129,1.0,0.0,0.86,0.93,0.82,0.93
2016-04-06,FOODS_1_129,1.0,0.0,0.86,0.93,1.22,0.93
2016-04-07,FOODS_1_129,2.0,0.0,0.86,0.93,0.97,0.93
2016-04-08,FOODS_1_129,0.0,0.0,0.86,0.93,1.14,0.93
2016-04-09,FOODS_1_129,1.0,4.0,0.86,0.93,2.46,0.93
2016-04-10,FOODS_1_129,1.0,2.0,0.86,0.93,1.91,0.93
2016-04-11,FOODS_1_129,0.0,0.0,0.86,0.93,0.87,0.93
2016-04-12,FOODS_1_129,0.0,0.0,0.86,0.93,0.94,0.93
2016-04-13,FOODS_1_129,2.0,0.0,0.86,0.93,1.33,0.93
2016-04-14,FOODS_1_129,5.0,0.0,0.86,0.93,1.08,0.93
2016-04-15,FOODS_1_129,1.0,0.0,0.86,0.93,1.25,0.93
2016-04-16,FOODS_1_129,1.0,4.0,0.86,0.93,2.57,0.93
2016-04-17,FOODS_1_129,2.0,2.0,0.86,0.93,2.02,0.93
2016-04-18,FOODS_1_129,3.0,0.0,0.86,0.93,0.99,0.93
2016-04-19,FOODS_1_129,0.0,0.0,0.86,0.93,1.05,0.93
2016-04-20,FOODS_1_129,1.0,0.0,0.86,0.93,1.44,0.93
2016-04-21,FOODS_1_129,1.0,0.0,0.86,0.93,1.19,0.93
2016-04-22,FOODS_1_129,0.0,0.0,0.86,0.93,1.37,0.93
2016-04-23,FOODS_1_129,0.0,4.0,0.86,0.93,2.68,0.93
2016-04-24,FOODS_1_129,0.0,2.0,0.86,0.93,2.13,0.93
2016-03-28,FOODS_1_130,2.0,4.0,4.43,3.11,3.51,3.11
2016-03-29,FOODS_1_130,0.0,2.0,4.43,3.11,3.85,3.11
2016-03-30,FOODS_1_130,1.0,3.0,4.43,3.11,3.92,3.11
2016-03-31,FOODS_1_130,0.0,6.0,4.43,3.11,4.74,3.11
2016-04-01,FOODS_1_130,0.0,9.0,4.43,3.11,6.12,3.11
2016-04-02,FOODS_1_130,5.0,5.0,4.43,3.11,5.55,3.11
2016-04-03,FOODS_1_130,0.0,2.0,4.43,3.11,5.9,3.11
2016-04-04,FOODS_1_130,3.0,4.0,4.43,3.11,4.0,3.11
2016-04-05,FOODS_1_130,2.0,2.0,4.43,3.11,4.34,3.11
2016-04-06,FOODS_1_130,1.0,3.0,4.43,3.11,4.42,3.11
2016-04-07,FOODS_1_130,2.0,6.0,4.43,3.11,5.24,3.11
2016-04-08,FOODS_1_130,1.0,9.0,4.43,3.11,6.61,3.11
2016-04-09,FOODS_1_130,3.0,5.0,4.43,3.11,6.05,3.11
2016-04-10,FOODS_1_130,6.0,2.0,4.43,3.11,6.39,3.11
2016-04-11,FOODS_1_130,2.0,4.0,4.43,3.11,4.5,3.11
2016-04-12,FOODS_1_130,2.0,2.0,4.43,3.11,4.83,3.11
2016-04-13,FOODS_1_130,2.0,3.0,4.43,3.11,4.91,3.11
2016-04-14,FOODS_1_130,4.0,6.0,4.43,3.11,5.73,3.11
2016-04-15,FOODS_1_130,0.0,9.0,4.43,3.11,7.1,3.11
2016-04-16,FOODS_1_130,2.0,5.0,4.43,3.11,6.54,3.11
2016-04-17,FOODS_1_130,0.0,2.0,4.43,3.11,6.89,3.11
2016-04-18,FOODS_1_130,6.0,4.0,4.43,3.11,4.99,3.11
2016-04-19,FOODS_1_130,1.0,2.0,4.43,3.11,5.33,3.11
2016-04-20,FOODS_1_130,3.0,3.0,4.43,3.11,5.4,3.11
2016-04-21,FOODS_1_130,2.0,6.0,4.43,3.11,6.22,3.11
2016-04-22,FOODS_1_130,0.0,9.0,4.43,3.11,7.6,3.11
2016-04-23,FOODS_1_130,1.0,5.0,4.43,3.11,7.03,3.11
2016-04-24,FOODS_1_130,5.0,2.0,4.43,3.11,7.38,3.11
2016-03-28,FOODS_1_131,1.0,4.0,0.86,0.61,1.27,0.61
2016-03-29,FOODS_1_131,0.0,0.0,0.86,0.61,0.77,0.61
2016-03-30,FOODS_1_131,1.0,0.0,0.86,0.61,0.29,0.61
2016-03-31,FOODS_1_131,2.0,1.0,0.86,0.61,0.43,0.61
2016-04-01,FOODS_1_131,1.0,0.0,0.86,0.61,0.38,0.61
2016-04-02,FOODS_1_131,0.0,0.0,0.86,0.61,0.83,0.61
2016-04-03,FOODS_1_131,0.0,1.0,0.86,0.61,0.15,0.61
2016-04-04,FOODS_1_131,0.0,4.0,0.86,0.61,1.26,0.61
2016-04-05,FOODS_1_131,0.0,0.0,0.86,0.61,0.76,0.61
2016-04-06,FOODS_1_131,0.0,0.0,0.86,0.61,0.27,0.61
2016-04-07,FOODS_1_131,1.0,1.0,0.86,0.61,0.42,0.61
2016-04-08,FOODS_1_131,1.0,0.0,0.86,0.61,0.37,0.61
2016-04-09,FOODS_1_131,2.0,0.0,0.86,0.61,0.82,0.61
2016-04-10,FOODS_1_131,1.0,1.0,0.86,0.61,0.14,0.61
2016-04-11,FOODS_1_131,1.0,4.0,0.86,0.61,1.24,0.61
2016-04-12,FOODS_1_131,1.0,0.0,0.86,0.61,0.75,0.61
2016-04-13,FOODS_1_131,0.0,0.0,0.86,0.61,0.26,0.61
2016-04-14,FOODS_1_131,1.0,1.0,0.86,0.61,0.41,0.61
2016-04-15,FOODS_1_131,0.0,0.0,0.86,0.61,0.35,0.61
2016-04-16,FOODS_1_131,1.0,0.0,0.86,0.61,0.81,0.61
2016-04-17,FOODS_1_131,0.0,1.0,0.86,0.61,0.12,0.61
2016-04-18,FOODS_1_131,1.0,4.0,0.86,0.61,1.23,0.61
2016-04-19,FOODS_1_131,1.0,0.0,0.86,0.61,0.73,0.61
2016-04-20,FOODS_1_131,1.0,0.0,0.86,0.61,0.25,0.61
2016-04-21,FOODS_1_131,0.0,1.0,0.86,0.61,0.39,0.61
2016-04-22,FOODS_1_131,0.0,0.0,0.86,0.61,0.34,0.61
2016-04-23,FOODS_1_131,3.0,0.0,0.86,0.61,0.79,0.61
2016-04-24,FOODS_1_131,0.0,1.0,0.86,0.61,0.11,0.61
2016-03-28,FOODS_1_132,1.0,2.0,2.43,1.25,2.75,1.25
2016-03-29,FOODS_1_132,0.0,1.0,2.43,1.25,2.87,1.25
2016-03-30,FOODS_1_132,0.0,2.0,2.43,1.25,2.96,1.25
2016-03-31,FOODS_1_132,2.0,1.0,2.43,1.25,2.64,1.25
2016-04-01,FOODS_1_132,2.0,3.0,2.43,1.25,3.26,1.25
2016-04-02,FOODS_1_132,1.0,3.0,2.43,1.25,3.14,1.25
2016-04-03,FOODS_1_132,0.0,5.0,2.43,1.25,3.19,1.25
2016-04-04,FOODS_1_132,3.0,2.0,2.43,1.25,3.33,1.25
2016-04-05,FOODS_1_132,1.0,1.0,2.43,1.25,3.45,1.25
2016-04-06,FOODS_1_132,0.0,2.0,2.43,1.25,3.53,1.25
2016-04-07,FOODS_1_132,2.0,1.0,2.43,1.25,3.22,1.25
2016-04-08,FOODS_1_132,0.0,3.0,2.43,1.25,3.84,1.25
2016-04-09,FOODS_1_132,2.0,3.0,2.43,1.25,3.72,1.25
2016-04-10,FOODS_1_132,2.0,5.0,2.43,1.25,3.77,1.25
2016-04-11,FOODS_1_132,1.0,2.0,2.43,1.25,3.91,1.25
2016-04-12,FOODS_1_132,2.0,1.0,2.43,1.25,4.03,1.25
2016-04-13,FOODS_1_132,1.0,2.0,2.43,1.25,4.11,1.25
2016-04-14,FOODS_1_132,1.0,1.0,2.43,1.25,3.79,1.25
2016-04-15,FOODS_1_132,2.0,3.0,2.43,1.25,4.42,1.25
2016-04-16,FOODS_1_132,2.0,3.0,2.43,1.25,4.3,1.25
2016-04-17,FOODS_1_132,1.0,5.0,2.43,1.25,4.35,1.25
2016-04-18,FOODS_1_132,0.0,2.0,2.43,1.25,4.49,1.25
2016-04-19,FOODS_1_132,1.0,1.0,2.43,1.25,4.6,1.25
2016-04-20,FOODS_1_132,1.0,2.0,2.43,1.25,4.69,1.25
2016-04-21,FOODS_1_132,1.0,1.0,2.43,1.25,4.37,1.25
2016-04-22,FOODS_1_132,3.0,3.0,2.43,1.25,5.0,1.25
2016-04-23,FOODS_1_132,1.0,3.0,2.43,1.25,4.88,1.25
2016-04-24,FOODS_1_132,0.0,5.0,2.43,1.25,4.93,1.25
2016-03-28,FOODS_1_133,0.0,1.0,1.71,0.64,1.82,0.64
2016-03-29,FOODS_1_133,2.0,0.0,1.71,0.64,1.56,0.64
2016-03-30,FOODS_1_133,0.0,2.0,1.71,0.64,1.99,0.64
2016-03-31,FOODS_1_133,0.0,1.0,1.71,0.64,1.94,0.64
2016-04-01,FOODS_1_133,2.0,5.0,1.71,0.64,2.83,0.64
2016-04-02,FOODS_1_133,1.0,1.0,1.71,0.64,2.51,0.64
2016-04-03,FOODS_1_133,1.0,2.0,1.71,0.64,1.97,0.64
2016-04-04,FOODS_1_133,0.0,1.0,1.71,0.64,2.23,0.64
2016-04-05,FOODS_1_133,0.0,0.0,1.71,0.64,1.97,0.64
2016-04-06,FOODS_1_133,0.0,2.0,1.71,0.64,2.4,0.64
2016-04-07,FOODS_1_133,0.0,1.0,1.71,0.64,2.35,0.64
2016-04-08,FOODS_1_133,2.0,5.0,1.71,0.64,3.24,0.64
2016-04-09,FOODS_1_133,1.0,1.0,1.71,0.64,2.92,0.64
2016-04-10,FOODS_1_133,0.0,2.0,1.71,0.64,2.38,0.64
2016-04-11,FOODS_1_133,1.0,1.0,1.71,0.64,2.64,0.64
2016-04-12,FOODS_1_133,0.0,0.0,1.71,0.64,2.38,0.64
2016-04-13,FOODS_1_133,1.0,2.0,1.71,0.64,2.81,0.64
2016-04-14,FOODS_1_133,1.0,1.0,1.71,0.64,2.76,0.64
2016-04-15,FOODS_1_133,0.0,5.0,1.71,0.64,3.65,0.64
2016-04-16,FOODS_1_133,1.0,1.0,1.71,0.64,3.34,0.64
2016-04-17,FOODS_1_133,2.0,2.0,1.71,0.64,2.79,0.64
2016-04-18,FOODS_1_133,0.0,1.0,1.71,0.64,3.05,0.64
2016-04-19,FOODS_1_133,0.0,0.0,1.71,0.64,2.79,0.64
2016-04-20,FOODS_1_133,1.0,2.0,1.71,0.64,3.22,0.64
2016-04-21,FOODS_1_133,2.0,1.0,1.71,0.64,3.18,0.64
2016-04-22,FOODS_1_133,3.0,5.0,1.71,0.64,4.06,0.64
2016-04-23,FOODS_1_133,1.0,1.0,1.71,0.64,3.75,0.64
2016-04-24,FOODS_1_133,1.0,2.0,1.71,0.64,3.21,0.64
2016-03-28,FOODS_1_134,2.0,0.0,0.71,0.89,0.25,0.89
2016-03-29,FOODS_1_134,0.0,0.0,0.71,0.89,0.29,0.89
2016-03-30,FOODS_1_134,2.0,0.0,0.71,0.89,0.42,0.89
2016-03-31,FOODS_1_134,0.0,0.0,0.71,0.89,0.44,0.89
2016-04-01,FOODS_1_134,0.0,5.0,0.71,0.89,1.63,0.89
2016-04-02,FOODS_1_134,0.0,0.0,0.71,0.89,0.34,0.89
2016-04-03,FOODS_1_134,0.0,0.0,0.71,0.89,0.72,0.89
2016-04-04,FOODS_1_134,0.0,0.0,0.71,0.89,0.14,0.89
2016-04-05,FOODS_1_134,0.0,0.0,0.71,0.89,0.18,0.89
2016-04-06,FOODS_1_134,0.0,0.0,0.71,0.89,0.3,0.89
2016-04-07,FOODS_1_134,0.0,0.0,0.71,0.89,0.33,0.89
2016-04-08,FOODS_1_134,0.0,5.0,0.71,0.89,1.52,0.89
2016-04-09,FOODS_1_134,2.0,0.0,0.71,0.89,0.22,0.89
2016-04-10,FOODS_1_134,0.0,0.0,0.71,0.89,0.6,0.89
2016-04-11,FOODS_1_134,0.0,0.0,0.71,0.89,0.02,0.89
2016-04-12,FOODS_1_134,1.0,0.0,0.71,0.89,0.06,0.89
2016-04-13,FOODS_1_134,1.0,0.0,0.71,0.89,0.19,0.89
2016-04-14,FOODS_1_134,0.0,0.0,0.71,0.89,0.21,0.89
2016-04-15,FOODS_1_134,0.0,5.0,0.71,0.89,1.4,0.89
2016-04-16,FOODS_1_134,0.0,0.0,0.71,0.89,0.11,0.89
2016-04-17,FOODS_1_134,0.0,0.0,0.71,0.89,0.49,0.89
2016-04-18,FOODS_1_134,1.0,0.0,0.71,0.89,0.0,0.89
2016-04-19,FOODS_1_134,0.0,0.0,0.71,0.89,0.0,0.89
2016-04-20,FOODS_1_134,1.0,0.0,0.71,0.89,0.07,0.89
2016-04-21,FOODS_1_134,0.0,0.0,0.71,0.89,0.1,0.89
2016-04-22,FOODS_1_134,0.0,5.0,0.71,0.89,1.29,0.89
2016-04-23,FOODS_1_134,0.0,0.0,0.71,0.89,0.0,0.89
2016-04-24,FOODS_1_134,0.0,0.0,0.71,0.89,0.37,0.89
2016-03-28,FOODS_1_135,0.0,1.0,0.86,0.68,0.41,0.68
2016-03-29,FOODS_1_135,0.0,1.0,0.86,0.68,0.65,0.68
2016-03-30,FOODS_1_135,0.0,2.0,0.86,0.68,0.72,0.68
2016-03-31,FOODS_1_135,0.0,1.0,0.86,0.68,1.23,0.68
2016-04-01,FOODS_1_135,0.0,0.0,0.86,0.68,0.34,0.68
2016-04-02,FOODS_1_135,0.0,0.0,0.86,0.68,0.62,0.68
2016-04-03,FOODS_1_135,3.0,1.0,0.86,0.68,1.11,0.68
2016-04-04,FOODS_1_135,0.0,1.0,0.86,0.68,0.41,0.68
2016-04-05,FOODS_1_135,0.0,1.0,0.86,0.68,0.66,0.68
2016-04-06,FOODS_1_135,2.0,2.0,0.86,0.68,0.73,0.68
2016-04-07,FOODS_1_135,0.0,1.0,0.86,0.68,1.24,0.68
2016-04-08,FOODS_1_135,1.0,0.0,0.86,0.68,0.34,0.68
2016-04-09,FOODS_1_135,1.0,0.0,0.86,0.68,0.62,0.68
2016-04-10,FOODS_1_135,0.0,1.0,0.86,0.68,1.12,0.68
2016-04-11,FOODS_1_135,0.0,1.0,0.86,0.68,0.42,0.68
2016-04-12,FOODS_1_135,0.0,1.0,0.86,0.68,0.66,0.68
2016-04-13,FOODS_1_135,0.0,2.0,0.86,0.68,0.74,0.68
2016-04-14,FOODS_1_135,0.0,1.0,0.86,0.68,1.24,0.68
2016-04-15,FOODS_1_135,1.0,0.0,0.86,0.68,0.35,0.68
2016-04-16,FOODS_1_135,1.0,0.0,0.86,0.68,0.63,0.68
2016-04-17,FOODS_1_135,0.0,1.0,0.86,0.68,1.12,0.68
2016-04-18,FOODS_1_135,0.0,1.0,0.86,0.68,0.43,0.68
2016-04-19,FOODS_1_135,0.0,1.0,0.86,0.68,0.67,0.68
2016-04-20,FOODS_1_135,0.0,2.0,0.86,0.68,0.74,0.68
2016-04-21,FOODS_1_135,1.0,1.0,0.86,0.68,1.25,0.68
2016-04-22,FOODS_1_135,0.0,0.0,0.86,0.68,0.35,0.68
2016-04-23,FOODS_1_135,2.0,0.0,0.86,0.68,0.63,0.68
2016-04-24,FOODS_1_135,0.0,1.0,0.86,0.68,1.13,0.68
2016-03-28,FOODS_1_136,0.0,1.0,0.57,0.5,0.89,0.5
2016-03-29,FOODS_1_136,0.0,0.0,0.57,0.5,0.37,0.5
2016-03-30,FOODS_1_136,2.0,1.0,0.57,0.5,0.47,0.5
2016-03-31,FOODS_1_136,0.0,1.0,0.57,0.5,0.42,0.5
2016-04-01,FOODS_1_136,1.0,1.0,0.57,0.5,0.53,0.5
2016-04-02,FOODS_1_136,1.0,0.0,0.57,0.5,0.42,0.5
2016-04-03,FOODS_1_136,0.0,0.0,0.57,0.5,0.55,0.5
2016-04-04,FOODS_1_136,0.0,1.0,0.57,0.5,0.9,0.5
2016-04-05,FOODS_1_136,0.0,0.0,0.57,0.5,0.38,0.5
2016-04-06,FOODS_1_136,0.0,1.0,0.57,0.5,0.48,0.5
2016-04-07,FOODS_1_136,1.0,1.0,0.57,0.5,0.43,0.5
2016-04-08,FOODS_1_136,0.0,1.0,0.57,0.5,0.53,0.5
2016-04-09,FOODS_1_136,0.0,0.0,0.57,0.5,0.43,0.5
2016-04-10,FOODS_1_136,0.0,0.0,0.57,0.5,0.55,0.5
2016-04-11,FOODS_1_136,0.0,1.0,0.57,0.5,0.91,0.5
2016-04-12,FOODS_1_136,1.0,0.0,0.57,0.5,0.39,0.5
2016-04-13,FOODS_1_136,0.0,1.0,0.57,0.5,0.49,0.5
2016-04-14,FOODS_1_136,0.0,1.0,0.57,0.5,0.44,0.5
2016-04-15,FOODS_1_136,0.0,1.0,0.57,0.5,0.54,0.5
2016-04-16,FOODS_1_136,4.0,0.0,0.57,0.5,0.44,0.5
2016-04-17,FOODS_1_136,0.0,0.0,0.57,0.5,0.56,0.5
2016-04-18,FOODS_1_136,0.0,1.0,0.57,0.5,0.92,0.5
2016-04-19,FOODS_1_136,2.0,0.0,0.57,0.5,0.4,0.5
2016-04-20,FOODS_1_136,0.0,1.0,0.57,0.5,0.49,0.5
2016-04-21,FOODS_1_136,3.0,1.0,0.57,0.5,0.44,0.5
2016-04-22,FOODS_1_136,1.0,1.0,0.57,0.5,0.55,0.5
2016-04-23,FOODS_1_136,1.0,0.0,0.57,0.5,0.44,0.5
2016-04-24,FOODS_1_136,0.0,0.0,0.57,0.5,0.57,0.5
2016-03-28,FOODS_1_137,0.0,0.0,0.0,0.82,0.0,0.82
2016-03-29,FOODS_1_137,0.0,0.0,0.0,0.82,0.0,0.82
2016-03-30,FOODS_1_137,0.0,0.0,0.0,0.82,0.0,0.82
2016-03-31,FOODS_1_137,0.0,0.0,0.0,0.82,0.0,0.82
2016-04-01,FOODS_1_137,0.0,0.0,0.0,0.82,0.0,0.82
2016-04-02,FOODS_1_137,0.0,0.0,0.0,0.82,0.11,0.82
2016-04-03,FOODS_1_137,0.0,0.0,0.0,0.82,0.0,0.82
2016-04-04,FOODS_1_137,0.0,0.0,0.0,0.82,0.0,0.82
2016-04-05,FOODS_1_137,0.0,0.0,0.0,0.82,0.0,0.82
2016-04-06,FOODS_1_137,0.0,0.0,0.0,0.82,0.0,0.82
2016-04-07,FOODS_1_137,0.0,0.0,0.0,0.82,0.0,0.82
2016-04-08,FOODS_1_137,0.0,0.0,0.0,0.82,0.0,0.82
2016-04-09,FOODS_1_137,0.0,0.0,0.0,0.82,0.0,0.82
2016-04-10,FOODS_1_137,0.0,0.0,0.0,0.82,0.0,0.82
2016-04-11,FOODS_1_137,0.0,0.0,0.0,0.82,0.0,0.82
2016-04-12,FOODS_1_137,0.0,0.0,0.0,0.82,0.0,0.82
2016-04-13,FOODS_1_137,0.0,0.0,0.0,0.82,0.0,0.82
2016-04-14,FOODS_1_137,0.0,0.0,0.0,0.82,0.0,0.82
2016-04-15,FOODS_1_137,0.0,0.0,0.0,0.82,0.0,0.82
2016-04-16,FOODS_1_137,0.0,0.0,0.0,0.82,0.0,0.82
2016-04-17,FOODS_1_137,0.0,0.0,0.0,0.82,0.0,0.82
2016-04-18,FOODS_1_137,0.0,0.0,0.0,0.82,0.0,0.82
2016-04-19,FOODS_1_137,0.0,0.0,0.0,0.82,0.0,0.82
2016-04-20,FOODS_1_137,0.0,0.0,0.0,0.82,0.0,0.82
2016-04-21,FOODS_1_137,0.0,0.0,0.0,0.82,0.0,0.82
2016-04-22,FOODS_1_137,5.0,0.0,0.0,0.82,0.0,0.82
2016-04-23,FOODS_1_137,9.0,0.0,0.0,0.82,0.0,0.82
2016-04-24,FOODS_1_137,3.0,0.0,0.0,0.82,0.0,0.82
2016-03-28,FOODS_1_138,1.0,0.0,1.0,0.5,0.96,0.5
2016-03-29,FOODS_1_138,0.0,0.0,1.0,0.5,0.83,0.5
2016-03-30,FOODS_1_138,1.0,1.0,1.0,0.5,1.16,0.5
2016-03-31,FOODS_1_138,0.0,3.0,1.0,0.5,1.77,0.5
2016-04-01,FOODS_1_138,3.0,0.0,1.0,0.5,1.01,0.5
2016-04-02,FOODS_1_138,0.0,1.0,1.0,0.5,1.35,0.5
2016-04-03,FOODS_1_138,0.0,2.0,1.0,0.5,1.12,0.5
2016-04-04,FOODS_1_138,1.0,0.0,1.0,0.5,1.13,0.5
2016-04-05,FOODS_1_138,0.0,0.0,1.0,0.5,1.0,0.5
2016-04-06,FOODS_1_138,0.0,1.0,1.0,0.5,1.33,0.5
2016-04-07,FOODS_1_138,0.0,3.0,1.0,0.5,1.94,0.5
2016-04-08,FOODS_1_138,0.0,0.0,1.0,0.5,1.18,0.5
2016-04-09,FOODS_1_138,0.0,1.0,1.0,0.5,1.52,0.5
2016-04-10,FOODS_1_138,0.0,2.0,1.0,0.5,1.29,0.5
2016-04-11,FOODS_1_138,1.0,0.0,1.0,0.5,1.3,0.5
2016-04-12,FOODS_1_138,0.0,0.0,1.0,0.5,1.17,0.5
2016-04-13,FOODS_1_138,1.0,1.0,1.0,0.5,1.5,0.5
2016-04-14,FOODS_1_138,2.0,3.0,1.0,0.5,2.11,0.5
2016-04-15,FOODS_1_138,0.0,0.0,1.0,0.5,1.35,0.5
2016-04-16,FOODS_1_138,3.0,1.0,1.0,0.5,1.69,0.5
2016-04-17,FOODS_1_138,4.0,2.0,1.0,0.5,1.47,0.5
2016-04-18,FOODS_1_138,1.0,0.0,1.0,0.5,1.47,0.5
2016-04-19,FOODS_1_138,0.0,0.0,1.0,0.5,1.34,0.5
2016-04-20,FOODS_1_138,0.0,1.0,1.0,0.5,1.67,0.5
2016-04-21,FOODS_1_138,0.0,3.0,1.0,0.5,2.28,0.5
2016-04-22,FOODS_1_138,1.0,0.0,1.0,0.5,1.52,0.5
2016-04-23,FOODS_1_138,0.0,1.0,1.0,0.5,1.87,0.5
2016-04-24,FOODS_1_138,0.0,2.0,1.0,0.5,1.64,0.5
2016-03-28,FOODS_1_139,1.0,1.0,5.0,3.96,4.24,3.96
2016-03-29,FOODS_1_139,1.0,2.0,5.0,3.96,4.13,3.96
2016-03-30,FOODS_1_139,0.0,2.0,5.0,3.96,3.23,3.96
2016-03-31,FOODS_1_139,0.0,9.0,5.0,3.96,5.21,3.96
2016-04-01,FOODS_1_139,0.0,4.0,5.0,3.96,6.97,3.96
2016-04-02,FOODS_1_139,0.0,8.0,5.0,3.96,8.41,3.96
2016-04-03,FOODS_1_139,6.0,9.0,5.0,3.96,6.48,3.96
2016-04-04,FOODS_1_139,8.0,1.0,5.0,3.96,4.8,3.96
2016-04-05,FOODS_1_139,2.0,2.0,5.0,3.96,4.69,3.96
2016-04-06,FOODS_1_139,8.0,2.0,5.0,3.96,3.8,3.96
2016-04-07,FOODS_1_139,7.0,9.0,5.0,3.96,5.78,3.96
2016-04-08,FOODS_1_139,3.0,4.0,5.0,3.96,7.54,3.96
2016-04-09,FOODS_1_139,7.0,8.0,5.0,3.96,8.98,3.96
2016-04-10,FOODS_1_139,3.0,9.0,5.0,3.96,7.05,3.96
2016-04-11,FOODS_1_139,1.0,1.0,5.0,3.96,5.37,3.96
2016-04-12,FOODS_1_139,4.0,2.0,5.0,3.96,5.26,3.96
2016-04-13,FOODS_1_139,2.0,2.0,5.0,3.96,4.37,3.96
2016-04-14,FOODS_1_139,4.0,9.0,5.0,3.96,6.35,3.96
2016-04-15,FOODS_1_139,2.0,4.0,5.0,3.96,8.11,3.96
2016-04-16,FOODS_1_139,2.0,8.0,5.0,3.96,9.55,3.96
2016-04-17,FOODS_1_139,0.0,9.0,5.0,3.96,7.62,3.96
2016-04-18,FOODS_1_139,3.0,1.0,5.0,3.96,5.94,3.96
2016-04-19,FOODS_1_139,7.0,2.0,5.0,3.96,5.83,3.96
2016-04-20,FOODS_1_139,3.0,2.0,5.0,3.96,4.94,3.96
2016-04-21,FOODS_1_139,7.0,9.0,5.0,3.96,6.92,3.96
2016-04-22,FOODS_1_139,10.0,4.0,5.0,3.96,8.68,3.96
2016-04-23,FOODS_1_139,8.0,8.0,5.0,3.96,10.12,3.96
2016-04-24,FOODS_1_139,6.0,9.0,5.0,3.96,8.19,3.96
2016-03-28,FOODS_1_140,0.0,0.0,0.0,0.0,0.01,0.0
2016-03-29,FOODS_1_140,0.0,0.0,0.0,0.0,0.0,0.0
2016-03-30,FOODS_1_140,0.0,0.0,0.0,0.0,0.0,0.0
2016-03-31,FOODS_1_140,0.0,0.0,0.0,0.0,0.0,0.0
2016-04-01,FOODS_1_140,0.0,0.0,0.0,0.0,0.0,0.0
2016-04-02,FOODS_1_140,0.0,0.0,0.0,0.0,0.0,0.0
2016-04-03,FOODS_1_140,0.0,0.0,0.0,0.0,0.0,0.0
2016-04-04,FOODS_1_140,0.0,0.0,0.0,0.0,0.0,0.0
2016-04-05,FOODS_1_140,0.0,0.0,0.0,0.0,0.0,0.0
2016-04-06,FOODS_1_140,0.0,0.0,0.0,0.0,0.0,0.0
2016-04-07,FOODS_1_140,0.0,0.0,0.0,0.0,0.0,0.0
2016-04-08,FOODS_1_140,0.0,0.0,0.0,0.0,0.0,0.0
2016-04-09,FOODS_1_140,1.0,0.0,0.0,0.0,0.0,0.0
2016-04-10,FOODS_1_140,1.0,0.0,0.0,0.0,0.0,0.0
2016-04-11,FOODS_1_140,0.0,0.0,0.0,0.0,0.0,0.0
2016-04-12,FOODS_1_140,1.0,0.0,0.0,0.0,0.0,0.0
2016-04-13,FOODS_1_140,0.0,0.0,0.0,0.0,0.0,0.0
2016-04-14,FOODS_1_140,4.0,0.0,0.0,0.0,0.0,0.0
2016-04-15,FOODS_1_140,1.0,0.0,0.0,0.0,0.0,0.0
2016-04-16,FOODS_1_140,0.0,0.0,0.0,0.0,0.0,0.0
2016-04-17,FOODS_1_140,2.0,0.0,0.0,0.0,0.0,0.0
2016-04-18,FOODS_1_140,4.0,0.0,0.0,0.0,0.0,0.0
2016-04-19,FOODS_1_140,1.0,0.0,0.0,0.0,0.0,0.0
2016-04-20,FOODS_1_140,5.0,0.0,0.0,0.0,0.0,0.0
2016-04-21,FOODS_1_140,0.0,0.0,0.0,0.0,0.0,0.0
2016-04-22,FOODS_1_140,0.0,0.0,0.0,0.0,0.0,0.0
2016-04-23,FOODS_1_140,0.0,0.0,0.0,0.0,0.0,0.0
2016-04-24,FOODS_1_140,0.0,0.0,0.0,0.0,0.0,0.0
2016-03-28,FOODS_1_141,0.0,0.0,0.57,0.64,0.25,0.64
2016-03-29,FOODS_1_141,0.0,1.0,0.57,0.64,0.76,0.64
2016-03-30,FOODS_1_141,0.0,0.0,0.57,0.64,0.54,0.64
2016-03-31,FOODS_1_141,1.0,1.0,0.57,0.64,0.4,0.64
2016-04-01,FOODS_1_141,0.0,1.0,0.57,0.64,0.28,0.64
2016-04-02,FOODS_1_141,0.0,0.0,0.57,0.64,0.99,0.64
2016-04-03,FOODS_1_141,1.0,1.0,0.57,0.64,0.47,0.64
2016-04-04,FOODS_1_141,0.0,0.0,0.57,0.64,0.25,0.64
2016-04-05,FOODS_1_141,1.0,1.0,0.57,0.64,0.75,0.64
2016-04-06,FOODS_1_141,2.0,0.0,0.57,0.64,0.53,0.64
2016-04-07,FOODS_1_141,1.0,1.0,0.57,0.64,0.39,0.64
2016-04-08,FOODS_1_141,0.0,1.0,0.57,0.64,0.27,0.64
2016-04-09,FOODS_1_141,0.0,0.0,0.57,0.64,0.98,0.64
2016-04-10,FOODS_1_141,1.0,1.0,0.57,0.64,0.46,0.64
2016-04-11,FOODS_1_141,1.0,0.0,0.57,0.64,0.24,0.64
2016-04-12,FOODS_1_141,0.0,1.0,0.57,0.64,0.74,0.64
2016-04-13,FOODS_1_141,1.0,0.0,0.57,0.64,0.52,0.64
2016-04-14,FOODS_1_141,0.0,1.0,0.57,0.64,0.38,0.64
2016-04-15,FOODS_1_141,1.0,1.0,0.57,0.64,0.26,0.64
2016-04-16,FOODS_1_141,1.0,0.0,0.57,0.64,0.97,0.64
2016-04-17,FOODS_1_141,0.0,1.0,0.57,0.64,0.45,0.64
2016-04-18,FOODS_1_141,0.0,0.0,0.57,0.64,0.23,0.64
2016-04-19,FOODS_1_141,1.0,1.0,0.57,0.64,0.73,0.64
2016-04-20,FOODS_1_141,1.0,0.0,0.57,0.64,0.51,0.64
2016-04-21,FOODS_1_141,1.0,1.0,0.57,0.64,0.37,0.64
2016-04-22,FOODS_1_141,1.0,1.0,0.57,0.64,0.25,0.64
2016-04-23,FOODS_1_141,0.0,0.0,0.57,0.64,0.96,0.64
2016-04-24,FOODS_1_141,3.0,1.0,0.57,0.64,0.45,0.64
2016-03-28,FOODS_1_142,1.0,6.0,2.29,1.43,2.93,1.43
2016-03-29,FOODS_1_142,0.0,1.0,2.29,1.43,1.36,1.43
2016-03-30,FOODS_1_142,0.0,2.0,2.29,1.43,1.79,1.43
2016-03-31,FOODS_1_142,2.0,0.0,2.29,1.43,1.24,1.43
2016-04-01,FOODS_1_142,0.0,2.0,2.29,1.43,1.82,1.43
2016-04-02,FOODS_1_142,0.0,5.0,2.29,1.43,2.67,1.43
2016-04-03,FOODS_1_142,0.0,0.0,2.29,1.43,3.12,1.43
2016-04-04,FOODS_1_142,1.0,6.0,2.29,1.43,3.13,1.43
2016-04-05,FOODS_1_142,2.0,1.0,2.29,1.43,1.56,1.43
2016-04-06,FOODS_1_142,0.0,2.0,2.29,1.43,1.98,1.43
2016-04-07,FOODS_1_142,1.0,0.0,2.29,1.43,1.44,1.43
2016-04-08,FOODS_1_142,5.0,2.0,2.29,1.43,2.01,1.43
2016-04-09,FOODS_1_142,5.0,5.0,2.29,1.43,2.86,1.43
2016-04-10,FOODS_1_142,2.0,0.0,2.29,1.43,3.31,1.43
2016-04-11,FOODS_1_142,0.0,6.0,2.29,1.43,3.32,1.43
2016-04-12,FOODS_1_142,2.0,1.0,2.29,1.43,1.75,1.43
2016-04-13,FOODS_1_142,1.0,2.0,2.29,1.43,2.17,1.43
2016-04-14,FOODS_1_142,1.0,0.0,2.29,1.43,1.63,1.43
2016-04-15,FOODS_1_142,0.0,2.0,2.29,1.43,2.21,1.43
2016-04-16,FOODS_1_142,0.0,5.0,2.29,1.43,3.05,1.43
2016-04-17,FOODS_1_142,0.0,0.0,2.29,1.43,3.51,1.43
2016-04-18,FOODS_1_142,0.0,6.0,2.29,1.43,3.52,1.43
2016-04-19,FOODS_1_142,0.0,1.0,2.29,1.43,1.95,1.43
2016-04-20,FOODS_1_142,3.0,2.0,2.29,1.43,2.37,1.43
2016-04-21,FOODS_1_142,3.0,0.0,2.29,1.43,1.83,1.43
2016-04-22,FOODS_1_142,2.0,2.0,2.29,1.43,2.4,1.43
2016-04-23,FOODS_1_142,1.0,5.0,2.29,1.43,3.25,1.43
2016-04-24,FOODS_1_142,0.0,0.0,2.29,1.43,3.7,1.43
2016-03-28,FOODS_1_143,1.0,3.0,1.0,1.46,0.98,1.46
2016-03-29,FOODS_1_143,0.0,1.0,1.0,1.46,0.5,1.46
2016-03-30,FOODS_1_143,0.0,1.0,1.0,1.46,0.28,1.46
2016-03-31,FOODS_1_143,1.0,1.0,1.0,1.46,0.31,1.46
2016-04-01,FOODS_1_143,3.0,1.0,1.0,1.46,1.31,1.46
2016-04-02,FOODS_1_143,1.0,0.0,1.0,1.46,1.02,1.46
2016-04-03,FOODS_1_143,1.0,0.0,1.0,1.46,0.0,1.46
2016-04-04,FOODS_1_143,2.0,3.0,1.0,1.46,0.73,1.46
2016-04-05,FOODS_1_143,0.0,1.0,1.0,1.46,0.25,1.46
2016-04-06,FOODS_1_143,0.0,1.0,1.0,1.46,0.03,1.46
2016-04-07,FOODS_1_143,0.0,1.0,1.0,1.46,0.06,1.46
2016-04-08,FOODS_1_143,9.0,1.0,1.0,1.46,1.06,1.46
2016-04-09,FOODS_1_143,1.0,0.0,1.0,1.46,0.77,1.46
2016-04-10,FOODS_1_143,0.0,0.0,1.0,1.46,0.0,1.46
2016-04-11,FOODS_1_143,0.0,3.0,1.0,1.46,0.48,1.46
2016-04-12,FOODS_1_143,1.0,1.0,1.0,1.46,0.0,1.46
2016-04-13,FOODS_1_143,0.0,1.0,1.0,1.46,0.0,1.46
2016-04-14,FOODS_1_143,0.0,1.0,1.0,1.46,0.0,1.46
2016-04-15,FOODS_1_143,1.0,1.0,1.0,1.46,0.81,1.46
2016-04-16,FOODS_1_143,1.0,0.0,1.0,1.46,0.52,1.46
2016-04-17,FOODS_1_143,0.0,0.0,1.0,1.46,0.0,1.46
2016-04-18,FOODS_1_143,2.0,3.0,1.0,1.46,0.23,1.46
2016-04-19,FOODS_1_143,0.0,1.0,1.0,1.46,0.0,1.46
2016-04-20,FOODS_1_143,4.0,1.0,1.0,1.46,0.0,1.46
2016-04-21,FOODS_1_143,1.0,1.0,1.0,1.46,0.0,1.46
2016-04-22,FOODS_1_143,1.0,1.0,1.0,1.46,0.56,1.46
2016-04-23,FOODS_1_143,0.0,0.0,1.0,1.46,0.27,1.46
2016-04-24,FOODS_1_143,2.0,0.0,1.0,1.46,0.0,1.46
2016-03-28,FOODS_1_144,0.0,4.0,0.86,0.79,1.55,0.79
2016-03-29,FOODS_1_144,0.0,0.0,0.86,0.79,0.0,0.79
2016-03-30,FOODS_1_144,1.0,2.0,0.86,0.79,0.48,0.79
2016-03-31,FOODS_1_144,2.0,0.0,0.86,0.79,0.0,0.79
2016-04-01,FOODS_1_144,1.0,0.0,0.86,0.79,0.0,0.79
2016-04-02,FOODS_1_144,3.0,0.0,0.86,0.79,0.81,0.79
2016-04-03,FOODS_1_144,2.0,0.0,0.86,0.79,0.78,0.79
2016-04-04,FOODS_1_144,1.0,4.0,0.86,0.79,1.43,0.79
2016-04-05,FOODS_1_144,4.0,0.0,0.86,0.79,0.0,0.79
2016-04-06,FOODS_1_144,2.0,2.0,0.86,0.79,0.37,0.79
2016-04-07,FOODS_1_144,0.0,0.0,0.86,0.79,0.0,0.79
2016-04-08,FOODS_1_144,1.0,0.0,0.86,0.79,0.0,0.79
2016-04-09,FOODS_1_144,0.0,0.0,0.86,0.79,0.69,0.79
2016-04-10,FOODS_1_144,1.0,0.0,0.86,0.79,0.66,0.79
2016-04-11,FOODS_1_144,0.0,4.0,0.86,0.79,1.32,0.79
2016-04-12,FOODS_1_144,0.0,0.0,0.86,0.79,0.0,0.79
2016-04-13,FOODS_1_144,0.0,2.0,0.86,0.79,0.25,0.79
2016-04-14,FOODS_1_144,2.0,0.0,0.86,0.79,0.0,0.79
2016-04-15,FOODS_1_144,2.0,0.0,0.86,0.79,0.0,0.79
2016-04-16,FOODS_1_144,0.0,0.0,0.86,0.79,0.57,0.79
2016-04-17,FOODS_1_144,1.0,0.0,0.86,0.79,0.54,0.79
2016-04-18,FOODS_1_144,0.0,4.0,0.86,0.79,1.2,0.79
2016-04-19,FOODS_1_144,0.0,0.0,0.86,0.79,0.0,0.79
2016-04-20,FOODS_1_144,0.0,2.0,0.86,0.79,0.13,0.79
2016-04-21,FOODS_1_144,0.0,0.0,0.86,0.79,0.0,0.79
2016-04-22,FOODS_1_144,0.0,0.0,0.86,0.79,0.0,0.79
2016-04-23,FOODS_1_144,3.0,0.0,0.86,0.79,0.45,0.79
2016-04-24,FOODS_1_144,1.0,0.0,0.86,0.79,0.42,0.79
2016-03-28,FOODS_1_145,0.0,1.0,1.29,1.71,1.76,1.71
2016-03-29,FOODS_1_145,1.0,3.0,1.29,1.71,2.44,1.71
2016-03-30,FOODS_1_145,2.0,1.0,1.29,1.71,1.07,1.71
2016-03-31,FOODS_1_145,1.0,0.0,1.29,1.71,1.2,1.71
2016-04-01,FOODS_1_145,0.0,0.0,1.29,1.71,1.16,1.71
2016-04-02,FOODS_1_145,2.0,3.0,1.29,1.71,1.06,1.71
2016-04-03,FOODS_1_145,5.0,1.0,1.29,1.71,0.98,1.71
2016-04-04,FOODS_1_145,2.0,1.0,1.29,1.71,1.67,1.71
2016-04-05,FOODS_1_145,0.0,3.0,1.29,1.71,2.34,1.71
2016-04-06,FOODS_1_145,0.0,1.0,1.29,1.71,0.98,1.71
2016-04-07,FOODS_1_145,1.0,0.0,1.29,1.71,1.1,1.71
2016-04-08,FOODS_1_145,2.0,0.0,1.29,1.71,1.06,1.71
2016-04-09,FOODS_1_145,1.0,3.0,1.29,1.71,0.97,1.71
2016-04-10,FOODS_1_145,1.0,1.0,1.29,1.71,0.88,1.71
2016-04-11,FOODS_1_145,2.0,1.0,1.29,1.71,1.57,1.71
2016-04-12,FOODS_1_145,2.0,3.0,1.29,1.71,2.24,1.71
2016-04-13,FOODS_1_145,1.0,1.0,1.29,1.71,0.88,1.71
2016-04-14,FOODS_1_145,3.0,0.0,1.29,1.71,1.0,1.71
2016-04-15,FOODS_1_145,2.0,0.0,1.29,1.71,0.96,1.71
2016-04-16,FOODS_1_145,6.0,3.0,1.29,1.71,0.87,1.71
2016-04-17,FOODS_1_145,1.0,1.0,1.29,1.71,0.78,1.71
2016-04-18,FOODS_1_145,0.0,1.0,1.29,1.71,1.47,1.71
2016-04-19,FOODS_1_145,1.0,3.0,1.29,1.71,2.14,1.71
2016-04-20,FOODS_1_145,1.0,1.0,1.29,1.71,0.78,1.71
2016-04-21,FOODS_1_145,1.0,0.0,1.29,1.71,0.9,1.71
2016-04-22,FOODS_1_145,3.0,0.0,1.29,1.71,0.86,1.71
2016-04-23,FOODS_1_145,1.0,3.0,1.29,1.71,0.77,1.71
2016-04-24,FOODS_1_145,0.0,1.0,1.29,1.71,0.68,1.71
2016-03-28,FOODS_1_146,2.0,1.0,1.0,1.46,1.28,1.46
2016-03-29,FOODS_1_146,1.0,0.0,1.0,1.46,1.38,1.46
2016-03-30,FOODS_1_146,2.0,0.0,1.0,1.46,1.27,1.46
2016-03-31,FOODS_1_146,2.0,1.0,1.0,1.46,1.09,1.46
2016-04-01,FOODS_1_146,1.0,1.0,1.0,1.46,0.52,1.46
2016-04-02,FOODS_1_146,1.0,2.0,1.0,1.46,1.45,1.46
2016-04-03,FOODS_1_146,0.0,2.0,1.0,1.46,1.97,1.46
2016-04-04,FOODS_1_146,1.0,1.0,1.0,1.46,1.26,1.46
2016-04-05,FOODS_1_146,0.0,0.0,1.0,1.46,1.36,1.46
2016-04-06,FOODS_1_146,0.0,0.0,1.0,1.46,1.25,1.46
2016-04-07,FOODS_1_146,0.0,1.0,1.0,1.46,1.07,1.46
2016-04-08,FOODS_1_146,1.0,1.0,1.0,1.46,0.5,1.46
2016-04-09,FOODS_1_146,4.0,2.0,1.0,1.46,1.43,1.46
2016-04-10,FOODS_1_146,0.0,2.0,1.0,1.46,1.95,1.46
2016-04-11,FOODS_1_146,0.0,1.0,1.0,1.46,1.24,1.46
2016-04-12,FOODS_1_146,0.0,0.0,1.0,1.46,1.34,1.46
2016-04-13,FOODS_1_146,2.0,0.0,1.0,1.46,1.24,1.46
2016-04-14,FOODS_1_146,1.0,1.0,1.0,1.46,1.05,1.46
2016-04-15,FOODS_1_146,1.0,1.0,1.0,1.46,0.48,1.46
2016-04-16,FOODS_1_146,1.0,2.0,1.0,1.46,1.41,1.46
2016-04-17,FOODS_1_146,1.0,2.0,1.0,1.46,1.93,1.46
2016-04-18,FOODS_1_146,0.0,1.0,1.0,1.46,1.22,1.46
2016-04-19,FOODS_1_146,0.0,0.0,1.0,1.46,1.33,1.46
2016-04-20,FOODS_1_146,0.0,0.0,1.0,1.46,1.22,1.46
2016-04-21,FOODS_1_146,0.0,1.0,1.0,1.46,1.03,1.46
2016-04-22,FOODS_1_146,6.0,1.0,1.0,1.46,0.46,1.46
2016-04-23,FOODS_1_146,0.0,2.0,1.0,1.46,1.39,1.46
2016-04-24,FOODS_1_146,1.0,2.0,1.0,1.46,1.91,1.46
2016-03-28,FOODS_1_147,0.0,3.0,1.0,0.61,1.56,0.61
2016-03-29,FOODS_1_147,3.0,0.0,1.0,0.61,0.33,0.61
2016-03-30,FOODS_1_147,2.0,0.0,1.0,0.61,0.55,0.61
2016-03-31,FOODS_1_147,0.0,0.0,1.0,0.61,0.98,0.61
2016-04-01,FOODS_1_147,0.0,3.0,1.0,0.61,1.27,0.61
2016-04-02,FOODS_1_147,0.0,0.0,1.0,0.61,0.56,0.61
2016-04-03,FOODS_1_147,0.0,1.0,1.0,0.61,1.03,0.61
2016-04-04,FOODS_1_147,0.0,3.0,1.0,0.61,1.65,0.61
2016-04-05,FOODS_1_147,0.0,0.0,1.0,0.61,0.42,0.61
2016-04-06,FOODS_1_147,1.0,0.0,1.0,0.61,0.65,0.61
2016-04-07,FOODS_1_147,1.0,0.0,1.0,0.61,1.07,0.61
2016-04-08,FOODS_1_147,0.0,3.0,1.0,0.61,1.36,0.61
2016-04-09,FOODS_1_147,0.0,0.0,1.0,0.61,0.65,0.61
2016-04-10,FOODS_1_147,0.0,1.0,1.0,0.61,1.13,0.61
2016-04-11,FOODS_1_147,1.0,3.0,1.0,0.61,1.74,0.61
2016-04-12,FOODS_1_147,1.0,0.0,1.0,0.61,0.51,0.61
2016-04-13,FOODS_1_147,1.0,0.0,1.0,0.61,0.74,0.61
2016-04-14,FOODS_1_147,1.0,0.0,1.0,0.61,1.17,0.61
2016-04-15,FOODS_1_147,2.0,3.0,1.0,0.61,1.46,0.61
2016-04-16,FOODS_1_147,4.0,0.0,1.0,0.61,0.75,0.61
2016-04-17,FOODS_1_147,1.0,1.0,1.0,0.61,1.22,0.61
2016-04-18,FOODS_1_147,0.0,3.0,1.0,0.61,1.84,0.61
2016-04-19,FOODS_1_147,0.0,0.0,1.0,0.61,0.61,0.61
2016-04-20,FOODS_1_147,0.0,0.0,1.0,0.61,0.83,0.61
2016-04-21,FOODS_1_147,0.0,0.0,1.0,0.61,1.26,0.61
2016-04-22,FOODS_1_147,0.0,3.0,1.0,0.61,1.55,0.61
2016-04-23,FOODS_1_147,0.0,0.0,1.0,0.61,0.84,0.61
2016-04-24,FOODS_1_147,0.0,1.0,1.0,0.61,1.31,0.61
2016-03-28,FOODS_1_148,0.0,0.0,0.0,0.07,0.0,0.07
2016-03-29,FOODS_1_148,0.0,0.0,0.0,0.07,0.04,0.07
2016-03-30,FOODS_1_148,0.0,0.0,0.0,0.07,0.0,0.07
2016-03-31,FOODS_1_148,0.0,0.0,0.0,0.07,0.11,0.07
2016-04-01,FOODS_1_148,1.0,0.0,0.0,0.07,0.0,0.07
2016-04-02,FOODS_1_148,0.0,0.0,0.0,0.07,0.11,0.07
2016-04-03,FOODS_1_148,0.0,0.0,0.0,0.07,0.0,0.07
2016-04-04,FOODS_1_148,0.0,0.0,0.0,0.07,0.0,0.07
2016-04-05,FOODS_1_148,0.0,0.0,0.0,0.07,0.02,0.07
2016-04-06,FOODS_1_148,0.0,0.0,0.0,0.07,0.0,0.07
2016-04-07,FOODS_1_148,0.0,0.0,0.0,0.07,0.09,0.07
2016-04-08,FOODS_1_148,0.0,0.0,0.0,0.07,0.0,0.07
2016-04-09,FOODS_1_148,0.0,0.0,0.0,0.07,0.09,0.07
2016-04-10,FOODS_1_148,0.0,0.0,0.0,0.07,0.0,0.07
2016-04-11,FOODS_1_148,0.0,0.0,0.0,0.07,0.0,0.07
2016-04-12,FOODS_1_148,0.0,0.0,0.0,0.07,0.01,0.07
2016-04-13,FOODS_1_148,0.0,0.0,0.0,0.07,0.0,0.07
2016-04-14,FOODS_1_148,2.0,0.0,0.0,0.07,0.08,0.07
2016-04-15,FOODS_1_148,0.0,0.0,0.0,0.07,0.0,0.07
2016-04-16,FOODS_1_148,0.0,0.0,0.0,0.07,0.07,0.07
2016-04-17,FOODS_1_148,0.0,0.0,0.0,0.07,0.0,0.07
2016-04-18,FOODS_1_148,0.0,0.0,0.0,0.07,0.0,0.07
2016-04-19,FOODS_1_148,0.0,0.0,0.0,0.07,0.0,0.07
2016-04-20,FOODS_1_148,0.0,0.0,0.0,0.07,0.0,0.07
2016-04-21,FOODS_1_148,0.0,0.0,0.0,0.07,0.06,0.07
2016-04-22,FOODS_1_148,0.0,0.0,0.0,0.07,0.0,0.07
2016-04-23,FOODS_1_148,0.0,0.0,0.0,0.07,0.06,0.07
2016-04-24,FOODS_1_148,0.0,0.0,0.0,0.07,0.0,0.07
2016-03-28,FOODS_1_149,4.0,0.0,3.29,1.64,2.96,1.64
2016-03-29,FOODS_1_149,1.0,1.0,3.29,1.64,3.39,1.64
2016-03-30,FOODS_1_149,0.0,4.0,3.29,1.64,4.47,1.64
2016-03-31,FOODS_1_149,0.0,2.0,3.29,1.64,4.32,1.64
2016-04-01,FOODS_1_149,1.0,3.0,3.29,1.64,4.36,1.64
2016-04-02,FOODS_1_149,4.0,10.0,3.29,1.64,6.45,1.64
2016-04-03,FOODS_1_149,1.0,3.0,3.29,1.64,4.49,1.64
2016-04-04,FOODS_1_149,2.0,0.0,3.29,1.64,3.76,1.64
2016-04-05,FOODS_1_149,0.0,1.0,3.29,1.64,4.19,1.64
2016-04-06,FOODS_1_149,0.0,4.0,3.29,1.64,5.27,1.64
2016-04-07,FOODS_1_149,1.0,2.0,3.29,1.64,5.12,1.64
2016-04-08,FOODS_1_149,2.0,3.0,3.29,1.64,5.16,1.64
2016-04-09,FOODS_1_149,0.0,10.0,3.29,1.64,7.25,1.64
2016-04-10,FOODS_1_149,2.0,3.0,3.29,1.64,5.29,1.64
2016-04-11,FOODS_1_149,8.0,0.0,3.29,1.64,4.56,1.64
2016-04-12,FOODS_1_149,1.0,1.0,3.29,1.64,4.99,1.64
2016-04-13,FOODS_1_149,2.0,4.0,3.29,1.64,6.07,1.64
2016-04-14,FOODS_1_149,6.0,2.0,3.29,1.64,5.92,1.64
2016-04-15,FOODS_1_149,1.0,3.0,3.29,1.64,5.96,1.64
2016-04-16,FOODS_1_149,2.0,10.0,3.29,1.64,8.05,1.64
2016-04-17,FOODS_1_149,0.0,3.0,3.29,1.64,6.09,1.64
2016-04-18,FOODS_1_149,1.0,0.0,3.29,1.64,5.36,1.64
2016-04-19,FOODS_1_149,2.0,1.0,3.29,1.64,5.79,1.64
2016-04-20,FOODS_1_149,0.0,4.0,3.29,1.64,6.87,1.64
2016-04-21,FOODS_1_149,5.0,2.0,3.29,1.64,6.72,1.64
2016-04-22,FOODS_1_149,0.0,3.0,3.29,1.64,6.76,1.64
2016-04-23,FOODS_1_149,0.0,10.0,3.29,1.64,8.85,1.64
2016-04-24,FOODS_1_149,2.0,3.0,3.29,1.64,6.89,1.64
2016-03-28,FOODS_1_150,1.0,3.0,1.14,1.64,0.31,1.64
2016-03-29,FOODS_1_150,0.0,3.0,1.14,1.64,0.4,1.64
2016-03-30,FOODS_1_150,0.0,0.0,1.14,1.64,0.0,1.64
2016-03-31,FOODS_1_150,0.0,0.0,1.14,1.64,0.41,1.64
2016-04-01,FOODS_1_150,2.0,0.0,1.14,1.64,0.74,1.64
2016-04-02,FOODS_1_150,4.0,0.0,1.14,1.64,0.61,1.64
2016-04-03,FOODS_1_150,1.0,2.0,1.14,1.64,1.64,1.64
2016-04-04,FOODS_1_150,0.0,3.0,1.14,1.64,0.01,1.64
2016-04-05,FOODS_1_150,1.0,3.0,1.14,1.64,0.1,1.64
2016-04-06,FOODS_1_150,2.0,0.0,1.14,1.64,0.0,1.64
2016-04-07,FOODS_1_150,0.0,0.0,1.14,1.64,0.1,1.64
2016-04-08,FOODS_1_150,2.0,0.0,1.14,1.64,0.43,1.64
2016-04-09,FOODS_1_150,1.0,0.0,1.14,1.64,0.31,1.64
2016-04-10,FOODS_1_150,3.0,2.0,1.14,1.64,1.33,1.64
2016-04-11,FOODS_1_150,0.0,3.0,1.14,1.64,0.0,1.64
2016-04-12,FOODS_1_150,3.0,3.0,1.14,1.64,0.0,1.64
2016-04-13,FOODS_1_150,0.0,0.0,1.14,1.64,0.0,1.64
2016-04-14,FOODS_1_150,0.0,0.0,1.14,1.64,0.0,1.64
2016-04-15,FOODS_1_150,0.0,0.0,1.14,1.64,0.13,1.64
2016-04-16,FOODS_1_150,0.0,0.0,1.14,1.64,0.0,1.64
2016-04-17,FOODS_1_150,0.0,2.0,1.14,1.64,1.03,1.64
2016-04-18,FOODS_1_150,2.0,3.0,1.14,1.64,0.0,1.64
2016-04-19,FOODS_1_150,0.0,3.0,1.14,1.64,0.0,1.64
2016-04-20,FOODS_1_150,2.0,0.0,1.14,1.64,0.0,1.64
2016-04-21,FOODS_1_150,1.0,0.0,1.14,1.64,0.0,1.64
2016-04-22,FOODS_1_150,1.0,0.0,1.14,1.64,0.0,1.64
2016-04-23,FOODS_1_150,1.0,0.0,1.14,1.64,0.0,1.64
2016-04-24,FOODS_1_150,0.0,2.0,1.14,1.64,0.72,1.64
2016-03-28,FOODS_1_151,1.0,0.0,0.29,0.32,0.41,0.32
2016-03-29,FOODS_1_151,0.0,1.0,0.29,0.32,0.26,0.32
2016-03-30,FOODS_1_151,0.0,0.0,0.29,0.32,0.15,0.32
2016-03-31,FOODS_1_151,0.0,0.0,0.29,0.32,0.09,0.32
2016-04-01,FOODS_1_151,0.0,0.0,0.29,0.32,0.13,0.32
2016-04-02,FOODS_1_151,1.0,0.0,0.29,0.32,0.22,0.32
2016-04-03,FOODS_1_151,2.0,1.0,0.29,0.32,0.85,0.32
2016-04-04,FOODS_1_151,0.0,0.0,0.29,0.32,0.42,0.32
2016-04-05,FOODS_1_151,0.0,1.0,0.29,0.32,0.26,0.32
2016-04-06,FOODS_1_151,0.0,0.0,0.29,0.32,0.15,0.32
2016-04-07,FOODS_1_151,0.0,0.0,0.29,0.32,0.09,0.32
2016-04-08,FOODS_1_151,0.0,0.0,0.29,0.32,0.14,0.32
2016-04-09,FOODS_1_151,0.0,0.0,0.29,0.32,0.22,0.32
2016-04-10,FOODS_1_151,0.0,1.0,0.29,0.32,0.86,0.32
2016-04-11,FOODS_1_151,0.0,0.0,0.29,0.32,0.42,0.32
2016-04-12,FOODS_1_151,0.0,1.0,0.29,0.32,0.27,0.32
2016-04-13,FOODS_1_151,1.0,0.0,0.29,0.32,0.16,0.32
2016-04-14,FOODS_1_151,1.0,0.0,0.29,0.32,0.1,0.32
2016-04-15,FOODS_1_151,0.0,0.0,0.29,0.32,0.14,0.32
2016-04-16,FOODS_1_151,0.0,0.0,0.29,0.32,0.23,0.32
2016-04-17,FOODS_1_151,0.0,1.0,0.29,0.32,0.86,0.32
2016-04-18,FOODS_1_151,0.0,0.0,0.29,0.32,0.42,0.32
2016-04-19,FOODS_1_151,0.0,1.0,0.29,0.32,0.27,0.32
2016-04-20,FOODS_1_151,0.0,0.0,0.29,0.32,0.16,0.32
2016-04-21,FOODS_1_151,0.0,0.0,0.29,0.32,0.1,0.32
2016-04-22,FOODS_1_151,0.0,0.0,0.29,0.32,0.14,0.32
2016-04-23,FOODS_1_151,0.0,0.0,0.29,0.32,0.23,0.32
2016-04-24,FOODS_1_151,0.0,1.0,0.29,0.32,0.86,0.32
2016-03-28,FOODS_1_152,0.0,1.0,0.71,0.36,0.63,0.36
2016-03-29,FOODS_1_152,0.0,1.0,0.71,0.36,0.5,0.36
2016-03-30,FOODS_1_152,0.0,0.0,0.71,0.36,0.24,0.36
2016-03-31,FOODS_1_152,0.0,2.0,0.71,0.36,0.81,0.36
2016-04-01,FOODS_1_152,0.0,1.0,0.71,0.36,0.45,0.36
2016-04-02,FOODS_1_152,2.0,0.0,0.71,0.36,0.54,0.36
2016-04-03,FOODS_1_152,1.0,0.0,0.71,0.36,0.69,0.36
2016-04-04,FOODS_1_152,0.0,1.0,0.71,0.36,0.67,0.36
2016-04-05,FOODS_1_152,0.0,1.0,0.71,0.36,0.54,0.36
2016-04-06,FOODS_1_152,0.0,0.0,0.71,0.36,0.28,0.36
2016-04-07,FOODS_1_152,0.0,2.0,0.71,0.36,0.85,0.36
2016-04-08,FOODS_1_152,0.0,1.0,0.71,0.36,0.49,0.36
2016-04-09,FOODS_1_152,0.0,0.0,0.71,0.36,0.58,0.36
2016-04-10,FOODS_1_152,1.0,0.0,0.71,0.36,0.73,0.36
2016-04-11,FOODS_1_152,1.0,1.0,0.71,0.36,0.71,0.36
2016-04-12,FOODS_1_152,0.0,1.0,0.71,0.36,0.58,0.36
2016-04-13,FOODS_1_152,2.0,0.0,0.71,0.36,0.31,0.36
2016-04-14,FOODS_1_152,2.0,2.0,0.71,0.36,0.89,0.36
2016-04-15,FOODS_1_152,0.0,1.0,0.71,0.36,0.52,0.36
2016-04-16,FOODS_1_152,2.0,0.0,0.71,0.36,0.61,0.36
2016-04-17,FOODS_1_152,1.0,0.0,0.71,0.36,0.77,0.36
2016-04-18,FOODS_1_152,0.0,1.0,0.71,0.36,0.74,0.36
2016-04-19,FOODS_1_152,0.0,1.0,0.71,0.36,0.61,0.36
2016-04-20,FOODS_1_152,0.0,0.0,0.71,0.36,0.35,0.36
2016-04-21,FOODS_1_152,0.0,2.0,0.71,0.36,0.92,0.36
2016-04-22,FOODS_1_152,2.0,1.0,0.71,0.36,0.56,0.36
2016-04-23,FOODS_1_152,3.0,0.0,0.71,0.36,0.65,0.36
2016-04-24,FOODS_1_152,2.0,0.0,0.71,0.36,0.8,0.36
2016-03-28,FOODS_1_153,0.0,3.0,4.57,3.29,3.83,3.29
2016-03-29,FOODS_1_153,0.0,9.0,4.57,3.29,5.15,3.29
2016-03-30,FOODS_1_153,0.0,2.0,4.57,3.29,3.02,3.29
2016-03-31,FOODS_1_153,1.0,2.0,4.57,3.29,2.85,3.29
2016-04-01,FOODS_1_153,2.0,2.0,4.57,3.29,4.14,3.29
2016-04-02,FOODS_1_153,3.0,13.0,4.57,3.29,7.68,3.29
2016-04-03,FOODS_1_153,5.0,1.0,4.57,3.29,6.65,3.29
2016-04-04,FOODS_1_153,4.0,3.0,4.57,3.29,4.24,3.29
2016-04-05,FOODS_1_153,4.0,9.0,4.57,3.29,5.55,3.29
2016-04-06,FOODS_1_153,3.0,2.0,4.57,3.29,3.43,3.29
2016-04-07,FOODS_1_153,9.0,2.0,4.57,3.29,3.26,3.29
2016-04-08,FOODS_1_153,10.0,2.0,4.57,3.29,4.55,3.29
2016-04-09,FOODS_1_153,4.0,13.0,4.57,3.29,8.09,3.29
2016-04-10,FOODS_1_153,5.0,1.0,4.57,3.29,7.06,3.29
2016-04-11,FOODS_1_153,0.0,3.0,4.57,3.29,4.64,3.29
2016-04-12,FOODS_1_153,0.0,9.0,4.57,3.29,5.96,3.29
2016-04-13,FOODS_1_153,1.0,2.0,4.57,3.29,3.84,3.29
2016-04-14,FOODS_1_153,0.0,2.0,4.57,3.29,3.67,3.29
2016-04-15,FOODS_1_153,0.0,2.0,4.57,3.29,4.96,3.29
2016-04-16,FOODS_1_153,0.0,13.0,4.57,3.29,8.5,3.29
2016-04-17,FOODS_1_153,0.0,1.0,4.57,3.29,7.47,3.29
2016-04-18,FOODS_1_153,9.0,3.0,4.57,3.29,5.05,3.29
2016-04-19,FOODS_1_153,4.0,9.0,4.57,3.29,6.37,3.29
2016-04-20,FOODS_1_153,5.0,2.0,4.57,3.29,4.25,3.29
2016-04-21,FOODS_1_153,3.0,2.0,4.57,3.29,4.08,3.29
2016-04-22,FOODS_1_153,4.0,2.0,4.57,3.29,5.37,3.29
2016-04-23,FOODS_1_153,3.0,13.0,4.57,3.29,8.91,3.29
2016-04-24,FOODS_1_153,5.0,1.0,4.57,3.29,7.88,3.29
2016-03-28,FOODS_1_154,0.0,8.0,4.29,4.25,5.28,4.25
2016-03-29,FOODS_1_154,1.0,0.0,4.29,4.25,2.35,4.25
2016-03-30,FOODS_1_154,3.0,5.0,4.29,4.25,3.7,4.25
2016-03-31,FOODS_1_154,7.0,8.0,4.29,4.25,3.99,4.25
2016-04-01,FOODS_1_154,0.0,0.0,4.29,4.25,2.04,4.25
2016-04-02,FOODS_1_154,0.0,4.0,4.29,4.25,5.9,4.25
2016-04-03,FOODS_1_154,2.0,5.0,4.29,4.25,4.36,4.25
2016-04-04,FOODS_1_154,4.0,8.0,4.29,4.25,5.22,4.25
2016-04-05,FOODS_1_154,3.0,0.0,4.29,4.25,2.3,4.25
2016-04-06,FOODS_1_154,8.0,5.0,4.29,4.25,3.65,4.25
2016-04-07,FOODS_1_154,8.0,8.0,4.29,4.25,3.94,4.25
2016-04-08,FOODS_1_154,7.0,0.0,4.29,4.25,1.99,4.25
2016-04-09,FOODS_1_154,2.0,4.0,4.29,4.25,5.85,4.25
2016-04-10,FOODS_1_154,0.0,5.0,4.29,4.25,4.31,4.25
2016-04-11,FOODS_1_154,0.0,8.0,4.29,4.25,5.17,4.25
2016-04-12,FOODS_1_154,0.0,0.0,4.29,4.25,2.25,4.25
2016-04-13,FOODS_1_154,1.0,5.0,4.29,4.25,3.6,4.25
2016-04-14,FOODS_1_154,3.0,8.0,4.29,4.25,3.89,4.25
2016-04-15,FOODS_1_154,2.0,0.0,4.29,4.25,1.93,4.25
2016-04-16,FOODS_1_154,12.0,4.0,4.29,4.25,5.8,4.25
2016-04-17,FOODS_1_154,2.0,5.0,4.29,4.25,4.26,4.25
2016-04-18,FOODS_1_154,4.0,8.0,4.29,4.25,5.12,4.25
2016-04-19,FOODS_1_154,7.0,0.0,4.29,4.25,2.2,4.25
2016-04-20,FOODS_1_154,0.0,5.0,4.29,4.25,3.55,4.25
2016-04-21,FOODS_1_154,2.0,8.0,4.29,4.25,3.84,4.25
2016-04-22,FOODS_1_154,2.0,0.0,4.29,4.25,1.88,4.25
2016-04-23,FOODS_1_154,3.0,4.0,4.29,4.25,5.75,4.25
2016-04-24,FOODS_1_154,0.0,5.0,4.29,4.25,4.2,4.25
2016-03-28,FOODS_1_155,0.0,3.0,3.29,2.29,2.7,2.29
2016-03-29,FOODS_1_155,1.0,3.0,3.29,2.29,3.66,2.29
2016-03-30,FOODS_1_155,0.0,1.0,3.29,2.29,2.74,2.29
2016-03-31,FOODS_1_155,0.0,2.0,3.29,2.29,2.96,2.29
2016-04-01,FOODS_1_155,1.0,7.0,3.29,2.29,4.23,2.29
2016-04-02,FOODS_1_155,2.0,2.0,3.29,2.29,3.93,2.29
2016-04-03,FOODS_1_155,3.0,5.0,3.29,2.29,5.2,2.29
2016-04-04,FOODS_1_155,2.0,3.0,3.29,2.29,3.1,2.29
2016-04-05,FOODS_1_155,1.0,3.0,3.29,2.29,4.06,2.29
2016-04-06,FOODS_1_155,1.0,1.0,3.29,2.29,3.14,2.29
2016-04-07,FOODS_1_155,0.0,2.0,3.29,2.29,3.36,2.29
2016-04-08,FOODS_1_155,3.0,7.0,3.29,2.29,4.63,2.29
2016-04-09,FOODS_1_155,3.0,2.0,3.29,2.29,4.33,2.29
2016-04-10,FOODS_1_155,2.0,5.0,3.29,2.29,5.6,2.29
2016-04-11,FOODS_1_155,0.0,3.0,3.29,2.29,3.51,2.29
2016-04-12,FOODS_1_155,2.0,3.0,3.29,2.29,4.46,2.29
2016-04-13,FOODS_1_155,3.0,1.0,3.29,2.29,3.55,2.29
2016-04-14,FOODS_1_155,2.0,2.0,3.29,2.29,3.76,2.29
2016-04-15,FOODS_1_155,1.0,7.0,3.29,2.29,5.04,2.29
2016-04-16,FOODS_1_155,1.0,2.0,3.29,2.29,4.73,2.29
2016-04-17,FOODS_1_155,0.0,5.0,3.29,2.29,6.0,2.29
2016-04-18,FOODS_1_155,1.0,3.0,3.29,2.29,3.91,2.29
2016-04-19,FOODS_1_155,0.0,3.0,3.29,2.29,4.87,2.29
2016-04-20,FOODS_1_155,0.0,1.0,3.29,2.29,3.95,2.29
2016-04-21,FOODS_1_155,4.0,2.0,3.29,2.29,4.17,2.29
2016-04-22,FOODS_1_155,2.0,7.0,3.29,2.29,5.44,2.29
2016-04-23,FOODS_1_155,1.0,2.0,3.29,2.29,5.13,2.29
2016-04-24,FOODS_1_155,1.0,5.0,3.29,2.29,6.4,2.29
2016-03-28,FOODS_1_156,0.0,1.0,1.86,1.39,0.73,1.39
2016-03-29,FOODS_1_156,3.0,4.0,1.86,1.39,2.21,1.39
2016-03-30,FOODS_1_156,2.0,1.0,1.86,1.39,0.93,1.39
2016-03-31,FOODS_1_156,7.0,1.0,1.86,1.39,1.09,1.39
2016-04-01,FOODS_1_156,0.0,4.0,1.86,1.39,1.76,1.39
2016-04-02,FOODS_1_156,2.0,2.0,1.86,1.39,2.58,1.39
2016-04-03,FOODS_1_156,2.0,0.0,1.86,1.39,1.57,1.39
2016-04-04,FOODS_1_156,1.0,1.0,1.86,1.39,0.77,1.39
2016-04-05,FOODS_1_156,1.0,4.0,1.86,1.39,2.26,1.39
2016-04-06,FOODS_1_156,2.0,1.0,1.86,1.39,0.98,1.39
2016-04-07,FOODS_1_156,2.0,1.0,1.86,1.39,1.14,1.39
2016-04-08,FOODS_1_156,0.0,4.0,1.86,1.39,1.81,1.39
2016-04-09,FOODS_1_156,0.0,2.0,1.86,1.39,2.63,1.39
2016-04-10,FOODS_1_156,0.0,0.0,1.86,1.39,1.62,1.39
2016-04-11,FOODS_1_156,1.0,1.0,1.86,1.39,0.82,1.39
2016-04-12,FOODS_1_156,1.0,4.0,1.86,1.39,2.31,1.39
2016-04-13,FOODS_1_156,1.0,1.0,1.86,1.39,1.03,1.39
2016-04-14,FOODS_1_156,0.0,1.0,1.86,1.39,1.19,1.39
2016-04-15,FOODS_1_156,0.0,4.0,1.86,1.39,1.85,1.39
2016-04-16,FOODS_1_156,5.0,2.0,1.86,1.39,2.68,1.39
2016-04-17,FOODS_1_156,3.0,0.0,1.86,1.39,1.67,1.39
2016-04-18,FOODS_1_156,2.0,1.0,1.86,1.39,0.87,1.39
2016-04-19,FOODS_1_156,2.0,4.0,1.86,1.39,2.36,1.39
2016-04-20,FOODS_1_156,0.0,1.0,1.86,1.39,1.08,1.39
2016-04-21,FOODS_1_156,1.0,1.0,1.86,1.39,1.24,1.39
2016-04-22,FOODS_1_156,1.0,4.0,1.86,1.39,1.9,1.39
2016-04-23,FOODS_1_156,0.0,2.0,1.86,1.39,2.73,1.39
2016-04-24,FOODS_1_156,2.0,0.0,1.86,1.39,1.72,1.39
2016-03-28,FOODS_1_157,0.0,0.0,0.14,0.39,0.52,0.39
2016-03-29,FOODS_1_157,1.0,0.0,0.14,0.39,0.17,0.39
2016-03-30,FOODS_1_157,0.0,1.0,0.14,0.39,0.06,0.39
2016-03-31,FOODS_1_157,0.0,0.0,0.14,0.39,0.33,0.39
2016-04-01,FOODS_1_157,0.0,0.0,0.14,0.39,0.0,0.39
2016-04-02,FOODS_1_157,0.0,0.0,0.14,0.39,0.0,0.39
2016-04-03,FOODS_1_157,0.0,0.0,0.14,0.39,0.0,0.39
2016-04-04,FOODS_1_157,1.0,0.0,0.14,0.39,0.45,0.39
2016-04-05,FOODS_1_157,2.0,0.0,0.14,0.39,0.1,0.39
2016-04-06,FOODS_1_157,0.0,1.0,0.14,0.39,0.0,0.39
2016-04-07,FOODS_1_157,0.0,0.0,0.14,0.39,0.26,0.39
2016-04-08,FOODS_1_157,1.0,0.0,0.14,0.39,0.0,0.39
2016-04-09,FOODS_1_157,0.0,0.0,0.14,0.39,0.0,0.39
2016-04-10,FOODS_1_157,1.0,0.0,0.14,0.39,0.0,0.39
2016-04-11,FOODS_1_157,0.0,0.0,0.14,0.39,0.37,0.39
2016-04-12,FOODS_1_157,0.0,0.0,0.14,0.39,0.03,0.39
2016-04-13,FOODS_1_157,0.0,1.0,0.14,0.39,0.0,0.39
2016-04-14,FOODS_1_157,0.0,0.0,0.14,0.39,0.19,0.39
2016-04-15,FOODS_1_157,0.0,0.0,0.14,0.39,0.0,0.39
2016-04-16,FOODS_1_157,0.0,0.0,0.14,0.39,0.0,0.39
2016-04-17,FOODS_1_157,0.0,0.0,0.14,0.39,0.0,0.39
2016-04-18,FOODS_1_157,1.0,0.0,0.14,0.39,0.3,0.39
2016-04-19,FOODS_1_157,1.0,0.0,0.14,0.39,0.0,0.39
2016-04-20,FOODS_1_157,2.0,1.0,0.14,0.39,0.0,0.39
2016-04-21,FOODS_1_157,0.0,0.0,0.14,0.39,0.11,0.39
2016-04-22,FOODS_1_157,1.0,0.0,0.14,0.39,0.0,0.39
2016-04-23,FOODS_1_157,0.0,0.0,0.14,0.39,0.0,0.39
2016-04-24,FOODS_1_157,0.0,0.0,0.14,0.39,0.0,0.39
2016-03-28,FOODS_1_158,0.0,0.0,0.71,0.54,0.48,0.54
2016-03-29,FOODS_1_158,0.0,2.0,0.71,0.54,0.75,0.54
2016-03-30,FOODS_1_158,1.0,0.0,0.71,0.54,0.28,0.54
2016-03-31,FOODS_1_158,0.0,0.0,0.71,0.54,0.28,0.54
2016-04-01,FOODS_1_158,1.0,2.0,0.71,0.54,0.78,0.54
2016-04-02,FOODS_1_158,1.0,1.0,0.71,0.54,1.23,0.54
2016-04-03,FOODS_1_158,4.0,0.0,0.71,0.54,0.68,0.54
2016-04-04,FOODS_1_158,0.0,0.0,0.71,0.54,0.48,0.54
2016-04-05,FOODS_1_158,0.0,2.0,0.71,0.54,0.75,0.54
2016-04-06,FOODS_1_158,1.0,0.0,0.71,0.54,0.28,0.54
2016-04-07,FOODS_1_158,1.0,0.0,0.71,0.54,0.27,0.54
2016-04-08,FOODS_1_158,1.0,2.0,0.71,0.54,0.78,0.54
2016-04-09,FOODS_1_158,3.0,1.0,0.71,0.54,1.23,0.54
2016-04-10,FOODS_1_158,2.0,0.0,0.71,0.54,0.67,0.54
2016-04-11,FOODS_1_158,0.0,0.0,0.71,0.54,0.48,0.54
2016-04-12,FOODS_1_158,0.0,2.0,0.71,0.54,0.75,0.54
2016-04-13,FOODS_1_158,0.0,0.0,0.71,0.54,0.27,0.54
2016-04-14,FOODS_1_158,0.0,0.0,0.71,0.54,0.27,0.54
2016-04-15,FOODS_1_158,1.0,2.0,0.71,0.54,0.78,0.54
2016-04-16,FOODS_1_158,1.0,1.0,0.71,0.54,1.23,0.54
2016-04-17,FOODS_1_158,0.0,0.0,0.71,0.54,0.67,0.54
2016-04-18,FOODS_1_158,0.0,0.0,0.71,0.54,0.47,0.54
2016-04-19,FOODS_1_158,0.0,2.0,0.71,0.54,0.74,0.54
2016-04-20,FOODS_1_158,0.0,0.0,0.71,0.54,0.27,0.54
2016-04-21,FOODS_1_158,0.0,0.0,0.71,0.54,0.27,0.54
2016-04-22,FOODS_1_158,0.0,2.0,0.71,0.54,0.78,0.54
2016-04-23,FOODS_1_158,0.0,1.0,0.71,0.54,1.23,0.54
2016-04-24,FOODS_1_158,0.0,0.0,0.71,0.54,0.67,0.54
2016-03-28,FOODS_1_159,0.0,0.0,0.29,0.32,0.3,0.32
2016-03-29,FOODS_1_159,0.0,0.0,0.29,0.32,0.3,0.32
2016-03-30,FOODS_1_159,0.0,0.0,0.29,0.32,0.27,0.32
2016-03-31,FOODS_1_159,1.0,0.0,0.29,0.32,0.19,0.32
2016-04-01,FOODS_1_159,0.0,1.0,0.29,0.32,0.69,0.32
2016-04-02,FOODS_1_159,0.0,1.0,0.29,0.32,0.67,0.32
2016-04-03,FOODS_1_159,0.0,0.0,0.29,0.32,0.35,0.32
2016-04-04,FOODS_1_159,0.0,0.0,0.29,0.32,0.34,0.32
2016-04-05,FOODS_1_159,1.0,0.0,0.29,0.32,0.33,0.32
2016-04-06,FOODS_1_159,2.0,0.0,0.29,0.32,0.31,0.32
2016-04-07,FOODS_1_159,1.0,0.0,0.29,0.32,0.23,0.32
2016-04-08,FOODS_1_159,0.0,1.0,0.29,0.32,0.73,0.32
2016-04-09,FOODS_1_159,0.0,1.0,0.29,0.32,0.71,0.32
2016-04-10,FOODS_1_159,1.0,0.0,0.29,0.32,0.39,0.32
2016-04-11,FOODS_1_159,0.0,0.0,0.29,0.32,0.37,0.32
2016-04-12,FOODS_1_159,1.0,0.0,0.29,0.32,0.37,0.32
2016-04-13,FOODS_1_159,1.0,0.0,0.29,0.32,0.35,0.32
2016-04-14,FOODS_1_159,0.0,0.0,0.29,0.32,0.27,0.32
2016-04-15,FOODS_1_159,0.0,1.0,0.29,0.32,0.77,0.32
2016-04-16,FOODS_1_159,0.0,1.0,0.29,0.32,0.75,0.32
2016-04-17,FOODS_1_159,0.0,0.0,0.29,0.32,0.43,0.32
2016-04-18,FOODS_1_159,0.0,0.0,0.29,0.32,0.41,0.32
2016-04-19,FOODS_1_159,0.0,0.0,0.29,0.32,0.41,0.32
2016-04-20,FOODS_1_159,0.0,0.0,0.29,0.32,0.38,0.32
2016-04-21,FOODS_1_159,0.0,0.0,0.29,0.32,0.31,0.32
2016-04-22,FOODS_1_159,0.0,1.0,0.29,0.32,0.8,0.32
2016-04-23,FOODS_1_159,0.0,1.0,0.29,0.32,0.79,0.32
2016-04-24,FOODS_1_159,0.0,0.0,0.29,0.32,0.46,0.32
2016-03-28,FOODS_1_160,0.0,0.0,0.86,0.57,0.72,0.57
2016-03-29,FOODS_1_160,0.0,0.0,0.86,0.57,0.8,0.57
2016-03-30,FOODS_1_160,1.0,1.0,0.86,0.57,0.63,0.57
2016-03-31,FOODS_1_160,0.0,0.0,0.86,0.57,0.65,0.57
2016-04-01,FOODS_1_160,0.0,3.0,0.86,0.57,1.71,0.57
2016-04-02,FOODS_1_160,1.0,1.0,0.86,0.57,1.15,0.57
2016-04-03,FOODS_1_160,0.0,1.0,0.86,0.57,1.01,0.57
2016-04-04,FOODS_1_160,0.0,0.0,0.86,0.57,0.81,0.57
2016-04-05,FOODS_1_160,0.0,0.0,0.86,0.57,0.9,0.57
2016-04-06,FOODS_1_160,0.0,1.0,0.86,0.57,0.73,0.57
2016-04-07,FOODS_1_160,0.0,0.0,0.86,0.57,0.75,0.57
2016-04-08,FOODS_1_160,0.0,3.0,0.86,0.57,1.81,0.57
2016-04-09,FOODS_1_160,3.0,1.0,0.86,0.57,1.25,0.57
2016-04-10,FOODS_1_160,3.0,1.0,0.86,0.57,1.11,0.57
2016-04-11,FOODS_1_160,1.0,0.0,0.86,0.57,0.91,0.57
2016-04-12,FOODS_1_160,0.0,0.0,0.86,0.57,1.0,0.57
2016-04-13,FOODS_1_160,0.0,1.0,0.86,0.57,0.83,0.57
2016-04-14,FOODS_1_160,1.0,0.0,0.86,0.57,0.85,0.57
2016-04-15,FOODS_1_160,1.0,3.0,0.86,0.57,1.91,0.57
2016-04-16,FOODS_1_160,0.0,1.0,0.86,0.57,1.34,0.57
2016-04-17,FOODS_1_160,0.0,1.0,0.86,0.57,1.21,0.57
2016-04-18,FOODS_1_160,1.0,0.0,0.86,0.57,1.01,0.57
2016-04-19,FOODS_1_160,0.0,0.0,0.86,0.57,1.1,0.57
2016-04-20,FOODS_1_160,2.0,1.0,0.86,0.57,0.93,0.57
2016-04-21,FOODS_1_160,0.0,0.0,0.86,0.57,0.95,0.57
2016-04-22,FOODS_1_160,0.0,3.0,0.86,0.57,2.01,0.57
2016-04-23,FOODS_1_160,1.0,1.0,0.86,0.57,1.44,0.57
2016-04-24,FOODS_1_160,0.0,1.0,0.86,0.57,1.31,0.57
2016-03-28,FOODS_1_161,16.0,24.0,20.29,14.68,20.15,14.68
2016-03-29,FOODS_1_161,7.0,25.0,20.29,14.68,19.46,14.68
2016-03-30,FOODS_1_161,5.0,27.0,20.29,14.68,19.11,14.68
2016-03-31,FOODS_1_161,26.0,8.0,20.29,14.68,15.32,14.68
2016-04-01,FOODS_1_161,6.0,18.0,20.29,14.68,18.99,14.68
2016-04-02,FOODS_1_161,5.0,27.0,20.29,14.68,28.74,14.68
2016-04-03,FOODS_1_161,10.0,13.0,20.29,14.68,23.7,14.68
2016-04-04,FOODS_1_161,5.0,24.0,20.29,14.68,21.84,14.68
2016-04-05,FOODS_1_161,8.0,25.0,20.29,14.68,21.15,14.68
2016-04-06,FOODS_1_161,3.0,27.0,20.29,14.68,20.8,14.68
2016-04-07,FOODS_1_161,0.0,8.0,20.29,14.68,17.0,14.68
2016-04-08,FOODS_1_161,1.0,18.0,20.29,14.68,20.68,14.68
2016-04-09,FOODS_1_161,5.0,27.0,20.29,14.68,30.43,14.68
2016-04-10,FOODS_1_161,1.0,13.0,20.29,14.68,25.39,14.68
2016-04-11,FOODS_1_161,6.0,24.0,20.29,14.68,23.53,14.68
2016-04-12,FOODS_1_161,3.0,25.0,20.29,14.68,22.83,14.68
2016-04-13,FOODS_1_161,2.0,27.0,20.29,14.68,22.48,14.68
2016-04-14,FOODS_1_161,4.0,8.0,20.29,14.68,18.69,14.68
2016-04-15,FOODS_1_161,0.0,18.0,20.29,14.68,22.37,14.68
2016-04-16,FOODS_1_161,6.0,27.0,20.29,14.68,32.12,14.68
2016-04-17,FOODS_1_161,2.0,13.0,20.29,14.68,27.08,14.68
2016-04-18,FOODS_1_161,1.0,24.0,20.29,14.68,25.21,14.68
2016-04-19,FOODS_1_161,1.0,25.0,20.29,14.68,24.52,14.68
2016-04-20,FOODS_1_161,2.0,27.0,20.29,14.68,24.17,14.68
2016-04-21,FOODS_1_161,0.0,8.0,20.29,14.68,20.38,14.68
2016-04-22,FOODS_1_161,0.0,18.0,20.29,14.68,24.05,14.68
2016-04-23,FOODS_1_161,2.0,27.0,20.29,14.68,33.8,14.68
2016-04-24,FOODS_1_161,2.0,13.0,20.29,14.68,28.76,14.68
2016-03-28,FOODS_1_162,0.0,2.0,4.43,4.32,4.09,4.32
2016-03-29,FOODS_1_162,0.0,2.0,4.43,4.32,3.47,4.32
2016-03-30,FOODS_1_162,2.0,1.0,4.43,4.32,3.92,4.32
2016-03-31,FOODS_1_162,1.0,3.0,4.43,4.32,3.39,4.32
2016-04-01,FOODS_1_162,0.0,13.0,4.43,4.32,7.14,4.32
2016-04-02,FOODS_1_162,4.0,5.0,4.43,4.32,5.52,4.32
2016-04-03,FOODS_1_162,2.0,5.0,4.43,4.32,7.19,4.32
2016-04-04,FOODS_1_162,3.0,2.0,4.43,4.32,4.35,4.32
2016-04-05,FOODS_1_162,1.0,2.0,4.43,4.32,3.72,4.32
2016-04-06,FOODS_1_162,2.0,1.0,4.43,4.32,4.17,4.32
2016-04-07,FOODS_1_162,2.0,3.0,4.43,4.32,3.65,4.32
2016-04-08,FOODS_1_162,4.0,13.0,4.43,4.32,7.4,4.32
2016-04-09,FOODS_1_162,2.0,5.0,4.43,4.32,5.78,4.32
2016-04-10,FOODS_1_162,0.0,5.0,4.43,4.32,7.44,4.32
2016-04-11,FOODS_1_162,7.0,2.0,4.43,4.32,4.6,4.32
2016-04-12,FOODS_1_162,3.0,2.0,4.43,4.32,3.98,4.32
2016-04-13,FOODS_1_162,3.0,1.0,4.43,4.32,4.43,4.32
2016-04-14,FOODS_1_162,1.0,3.0,4.43,4.32,3.9,4.32
2016-04-15,FOODS_1_162,5.0,13.0,4.43,4.32,7.66,4.32
2016-04-16,FOODS_1_162,8.0,5.0,4.43,4.32,6.03,4.32
2016-04-17,FOODS_1_162,6.0,5.0,4.43,4.32,7.7,4.32
2016-04-18,FOODS_1_162,3.0,2.0,4.43,4.32,4.86,4.32
2016-04-19,FOODS_1_162,2.0,2.0,4.43,4.32,4.23,4.32
2016-04-20,FOODS_1_162,2.0,1.0,4.43,4.32,4.68,4.32
2016-04-21,FOODS_1_162,2.0,3.0,4.43,4.32,4.16,4.32
2016-04-22,FOODS_1_162,10.0,13.0,4.43,4.32,7.91,4.32
2016-04-23,FOODS_1_162,0.0,5.0,4.43,4.32,6.29,4.32
2016-04-24,FOODS_1_162,4.0,5.0,4.43,4.32,7.95,4.32
2016-03-28,FOODS_1_163,0.0,0.0,0.57,1.07,0.0,1.07
2016-03-29,FOODS_1_163,4.0,0.0,0.57,1.07,0.0,1.07
2016-03-30,FOODS_1_163,0.0,2.0,0.57,1.07,0.45,1.07
2016-03-31,FOODS_1_163,1.0,1.0,0.57,1.07,0.0,1.07
2016-04-01,FOODS_1_163,0.0,0.0,0.57,1.07,0.67,1.07
2016-04-02,FOODS_1_163,1.0,1.0,0.57,1.07,1.28,1.07
2016-04-03,FOODS_1_163,3.0,0.0,0.57,1.07,0.59,1.07
2016-04-04,FOODS_1_163,0.0,0.0,0.57,1.07,0.0,1.07
2016-04-05,FOODS_1_163,0.0,0.0,0.57,1.07,0.0,1.07
2016-04-06,FOODS_1_163,0.0,2.0,0.57,1.07,0.18,1.07
2016-04-07,FOODS_1_163,1.0,1.0,0.57,1.07,0.0,1.07
2016-04-08,FOODS_1_163,0.0,0.0,0.57,1.07,0.41,1.07
2016-04-09,FOODS_1_163,4.0,1.0,0.57,1.07,1.02,1.07
2016-04-10,FOODS_1_163,1.0,0.0,0.57,1.07,0.32,1.07
2016-04-11,FOODS_1_163,0.0,0.0,0.57,1.07,0.0,1.07
2016-04-12,FOODS_1_163,1.0,0.0,0.57,1.07,0.0,1.07
2016-04-13,FOODS_1_163,0.0,2.0,0.57,1.07,0.0,1.07
2016-04-14,FOODS_1_163,0.0,1.0,0.57,1.07,0.0,1.07
2016-04-15,FOODS_1_163,1.0,0.0,0.57,1.07,0.14,1.07
2016-04-16,FOODS_1_163,2.0,1.0,0.57,1.07,0.75,1.07
2016-04-17,FOODS_1_163,3.0,0.0,0.57,1.07,0.05,1.07
2016-04-18,FOODS_1_163,0.0,0.0,0.57,1.07,0.0,1.07
2016-04-19,FOODS_1_163,0.0,0.0,0.57,1.07,0.0,1.07
2016-04-20,FOODS_1_163,0.0,2.0,0.57,1.07,0.0,1.07
2016-04-21,FOODS_1_163,0.0,1.0,0.57,1.07,0.0,1.07
2016-04-22,FOODS_1_163,0.0,0.0,0.57,1.07,0.0,1.07
2016-04-23,FOODS_1_163,0.0,1.0,0.57,1.07,0.48,1.07
2016-04-24,FOODS_1_163,0.0,0.0,0.57,1.07,0.0,1.07
2016-03-28,FOODS_1_164,0.0,0.0,0.0,0.0,0.0,0.0
2016-03-29,FOODS_1_164,0.0,0.0,0.0,0.0,0.0,0.0
2016-03-30,FOODS_1_164,0.0,0.0,0.0,0.0,0.0,0.0
2016-03-31,FOODS_1_164,0.0,0.0,0.0,0.0,0.0,0.0
2016-04-01,FOODS_1_164,0.0,0.0,0.0,0.0,0.0,0.0
2016-04-02,FOODS_1_164,0.0,0.0,0.0,0.0,0.0,0.0
2016-04-03,FOODS_1_164,0.0,0.0,0.0,0.0,0.0,0.0
2016-04-04,FOODS_1_164,0.0,0.0,0.0,0.0,0.0,0.0
2016-04-05,FOODS_1_164,0.0,0.0,0.0,0.0,0.0,0.0
2016-04-06,FOODS_1_164,0.0,0.0,0.0,0.0,0.0,0.0
2016-04-07,FOODS_1_164,0.0,0.0,0.0,0.0,0.0,0.0
2016-04-08,FOODS_1_164,0.0,0.0,0.0,0.0,0.0,0.0
2016-04-09,FOODS_1_164,0.0,0.0,0.0,0.0,0.0,0.0
2016-04-10,FOODS_1_164,0.0,0.0,0.0,0.0,0.0,0.0
2016-04-11,FOODS_1_164,0.0,0.0,0.0,0.0,0.0,0.0
2016-04-12,FOODS_1_164,0.0,0.0,0.0,0.0,0.0,0.0
2016-04-13,FOODS_1_164,0.0,0.0,0.0,0.0,0.0,0.0
2016-04-14,FOODS_1_164,0.0,0.0,0.0,0.0,0.0,0.0
2016-04-15,FOODS_1_164,0.0,0.0,0.0,0.0,0.0,0.0
2016-04-16,FOODS_1_164,0.0,0.0,0.0,0.0,0.0,0.0
2016-04-17,FOODS_1_164,0.0,0.0,0.0,0.0,0.0,0.0
2016-04-18,FOODS_1_164,0.0,0.0,0.0,0.0,0.0,0.0
2016-04-19,FOODS_1_164,0.0,0.0,0.0,0.0,0.0,0.0
2016-04-20,FOODS_1_164,0.0,0.0,0.0,0.0,0.0,0.0
2016-04-21,FOODS_1_164,0.0,0.0,0.0,0.0,0.0,0.0
2016-04-22,FOODS_1_164,0.0,0.0,0.0,0.0,0.0,0.0
2016-04-23,FOODS_1_164,1.0,0.0,0.0,0.0,0.0,0.0
2016-04-24,FOODS_1_164,0.0,0.0,0.0,0.0,0.0,0.0
2016-03-28,FOODS_1_166,1.0,3.0,3.29,2.64,2.97,2.64
2016-03-29,FOODS_1_166,0.0,4.0,3.29,2.64,2.72,2.64
2016-03-30,FOODS_1_166,1.0,2.0,3.29,2.64,2.35,2.64
2016-03-31,FOODS_1_166,3.0,5.0,3.29,2.64,3.49,2.64
2016-04-01,FOODS_1_166,0.0,1.0,3.29,2.64,1.78,2.64
2016-04-02,FOODS_1_166,3.0,2.0,3.29,2.64,4.74,2.64
2016-04-03,FOODS_1_166,3.0,6.0,3.29,2.64,4.59,2.64
2016-04-04,FOODS_1_166,3.0,3.0,3.29,2.64,3.12,2.64
2016-04-05,FOODS_1_166,5.0,4.0,3.29,2.64,2.87,2.64
2016-04-06,FOODS_1_166,3.0,2.0,3.29,2.64,2.51,2.64
2016-04-07,FOODS_1_166,4.0,5.0,3.29,2.64,3.64,2.64
2016-04-08,FOODS_1_166,1.0,1.0,3.29,2.64,1.94,2.64
2016-04-09,FOODS_1_166,2.0,2.0,3.29,2.64,4.9,2.64
2016-04-10,FOODS_1_166,3.0,6.0,3.29,2.64,4.74,2.64
2016-04-11,FOODS_1_166,4.0,3.0,3.29,2.64,3.28,2.64
2016-04-12,FOODS_1_166,4.0,4.0,3.29,2.64,3.03,2.64
2016-04-13,FOODS_1_166,3.0,2.0,3.29,2.64,2.67,2.64
2016-04-14,FOODS_1_166,3.0,5.0,3.29,2.64,3.8,2.64
2016-04-15,FOODS_1_166,3.0,1.0,3.29,2.64,2.09,2.64
2016-04-16,FOODS_1_166,2.0,2.0,3.29,2.64,5.05,2.64
2016-04-17,FOODS_1_166,2.0,6.0,3.29,2.64,4.9,2.64
2016-04-18,FOODS_1_166,3.0,3.0,3.29,2.64,3.44,2.64
2016-04-19,FOODS_1_166,2.0,4.0,3.29,2.64,3.19,2.64
2016-04-20,FOODS_1_166,3.0,2.0,3.29,2.64,2.82,2.64
2016-04-21,FOODS_1_166,2.0,5.0,3.29,2.64,3.96,2.64
2016-04-22,FOODS_1_166,0.0,1.0,3.29,2.64,2.25,2.64
2016-04-23,FOODS_1_166,4.0,2.0,3.29,2.64,5.21,2.64
2016-04-24,FOODS_1_166,2.0,6.0,3.29,2.64,5.06,2.64
2016-03-28,FOODS_1_167,0.0,0.0,0.29,0.64,0.0,0.64
2016-03-29,FOODS_1_167,0.0,2.0,0.29,0.64,0.45,0.64
2016-03-30,FOODS_1_167,0.0,0.0,0.29,0.64,0.0,0.64
2016-03-31,FOODS_1_167,0.0,0.0,0.29,0.64,0.0,0.64
2016-04-01,FOODS_1_167,0.0,0.0,0.29,0.64,0.52,0.64
2016-04-02,FOODS_1_167,1.0,0.0,0.29,0.64,0.34,0.64
2016-04-03,FOODS_1_167,0.0,0.0,0.29,0.64,0.51,0.64
2016-04-04,FOODS_1_167,1.0,0.0,0.29,0.64,0.0,0.64
2016-04-05,FOODS_1_167,1.0,2.0,0.29,0.64,0.32,0.64
2016-04-06,FOODS_1_167,0.0,0.0,0.29,0.64,0.0,0.64
2016-04-07,FOODS_1_167,0.0,0.0,0.29,0.64,0.0,0.64
2016-04-08,FOODS_1_167,0.0,0.0,0.29,0.64,0.39,0.64
2016-04-09,FOODS_1_167,0.0,0.0,0.29,0.64,0.21,0.64
2016-04-10,FOODS_1_167,0.0,0.0,0.29,0.64,0.37,0.64
2016-04-11,FOODS_1_167,1.0,0.0,0.29,0.64,0.0,0.64
2016-04-12,FOODS_1_167,0.0,2.0,0.29,0.64,0.19,0.64
2016-04-13,FOODS_1_167,1.0,0.0,0.29,0.64,0.0,0.64
2016-04-14,FOODS_1_167,1.0,0.0,0.29,0.64,0.0,0.64
2016-04-15,FOODS_1_167,0.0,0.0,0.29,0.64,0.26,0.64
2016-04-16,FOODS_1_167,0.0,0.0,0.29,0.64,0.08,0.64
2016-04-17,FOODS_1_167,0.0,0.0,0.29,0.64,0.24,0.64
2016-04-18,FOODS_1_167,4.0,0.0,0.29,0.64,0.0,0.64
2016-04-19,FOODS_1_167,0.0,2.0,0.29,0.64,0.05,0.64
2016-04-20,FOODS_1_167,1.0,0.0,0.29,0.64,0.0,0.64
2016-04-21,FOODS_1_167,0.0,0.0,0.29,0.64,0.0,0.64
2016-04-22,FOODS_1_167,0.0,0.0,0.29,0.64,0.13,0.64
2016-04-23,FOODS_1_167,1.0,0.0,0.29,0.64,0.0,0.64
2016-04-24,FOODS_1_167,0.0,0.0,0.29,0.64,0.11,0.64
2016-03-28,FOODS_1_168,0.0,0.0,0.71,0.61,0.32,0.61
2016-03-29,FOODS_1_168,1.0,2.0,0.71,0.61,0.74,0.61
2016-03-30,FOODS_1_168,0.0,0.0,0.71,0.61,0.61,0.61
2016-03-31,FOODS_1_168,4.0,0.0,0.71,0.61,0.16,0.61
2016-04-01,FOODS_1_168,1.0,1.0,0.71,0.61,1.07,0.61
2016-04-02,FOODS_1_168,0.0,1.0,0.71,0.61,1.16,0.61
2016-04-03,FOODS_1_168,0.0,1.0,0.71,0.61,0.33,0.61
2016-04-04,FOODS_1_168,0.0,0.0,0.71,0.61,0.33,0.61
2016-04-05,FOODS_1_168,1.0,2.0,0.71,0.61,0.76,0.61
2016-04-06,FOODS_1_168,1.0,0.0,0.71,0.61,0.62,0.61
2016-04-07,FOODS_1_168,0.0,0.0,0.71,0.61,0.17,0.61
2016-04-08,FOODS_1_168,0.0,1.0,0.71,0.61,1.09,0.61
2016-04-09,FOODS_1_168,0.0,1.0,0.71,0.61,1.18,0.61
2016-04-10,FOODS_1_168,1.0,1.0,0.71,0.61,0.34,0.61
2016-04-11,FOODS_1_168,0.0,0.0,0.71,0.61,0.35,0.61
2016-04-12,FOODS_1_168,0.0,2.0,0.71,0.61,0.77,0.61
2016-04-13,FOODS_1_168,2.0,0.0,0.71,0.61,0.64,0.61
2016-04-14,FOODS_1_168,0.0,0.0,0.71,0.61,0.19,0.61
2016-04-15,FOODS_1_168,1.0,1.0,0.71,0.61,1.1,0.61
2016-04-16,FOODS_1_168,2.0,1.0,0.71,0.61,1.19,0.61
2016-04-17,FOODS_1_168,0.0,1.0,0.71,0.61,0.36,0.61
2016-04-18,FOODS_1_168,0.0,0.0,0.71,0.61,0.36,0.61
2016-04-19,FOODS_1_168,0.0,2.0,0.71,0.61,0.79,0.61
2016-04-20,FOODS_1_168,0.0,0.0,0.71,0.61,0.65,0.61
2016-04-21,FOODS_1_168,0.0,0.0,0.71,0.61,0.2,0.61
2016-04-22,FOODS_1_168,0.0,1.0,0.71,0.61,1.12,0.61
2016-04-23,FOODS_1_168,0.0,1.0,0.71,0.61,1.21,0.61
2016-04-24,FOODS_1_168,0.0,1.0,0.71,0.61,0.37,0.61
2016-03-28,FOODS_1_169,1.0,0.0,0.43,0.68,0.2,0.68
2016-03-29,FOODS_1_169,0.0,0.0,0.43,0.68,0.93,0.68
2016-03-30,FOODS_1_169,0.0,1.0,0.43,0.68,0.06,0.68
2016-03-31,FOODS_1_169,0.0,1.0,0.43,0.68,0.3,0.68
2016-04-01,FOODS_1_169,0.0,0.0,0.43,0.68,0.33,0.68
2016-04-02,FOODS_1_169,1.0,1.0,0.43,0.68,0.69,0.68
2016-04-03,FOODS_1_169,0.0,0.0,0.43,0.68,0.43,0.68
2016-04-04,FOODS_1_169,0.0,0.0,0.43,0.68,0.14,0.68
2016-04-05,FOODS_1_169,0.0,0.0,0.43,0.68,0.87,0.68
2016-04-06,FOODS_1_169,0.0,1.0,0.43,0.68,0.01,0.68
2016-04-07,FOODS_1_169,0.0,1.0,0.43,0.68,0.24,0.68
2016-04-08,FOODS_1_169,1.0,0.0,0.43,0.68,0.27,0.68
2016-04-09,FOODS_1_169,0.0,1.0,0.43,0.68,0.63,0.68
2016-04-10,FOODS_1_169,0.0,0.0,0.43,0.68,0.37,0.68
2016-04-11,FOODS_1_169,0.0,0.0,0.43,0.68,0.08,0.68
2016-04-12,FOODS_1_169,1.0,0.0,0.43,0.68,0.81,0.68
2016-04-13,FOODS_1_169,0.0,1.0,0.43,0.68,0.0,0.68
2016-04-14,FOODS_1_169,0.0,1.0,0.43,0.68,0.18,0.68
2016-04-15,FOODS_1_169,0.0,0.0,0.43,0.68,0.21,0.68
2016-04-16,FOODS_1_169,1.0,1.0,0.43,0.68,0.57,0.68
2016-04-17,FOODS_1_169,0.0,0.0,0.43,0.68,0.31,0.68
2016-04-18,FOODS_1_169,0.0,0.0,0.43,0.68,0.02,0.68
2016-04-19,FOODS_1_169,0.0,0.0,0.43,0.68,0.75,0.68
2016-04-20,FOODS_1_169,0.0,1.0,0.43,0.68,0.0,0.68
2016-04-21,FOODS_1_169,0.0,1.0,0.43,0.68,0.12,0.68
2016-04-22,FOODS_1_169,1.0,0.0,0.43,0.68,0.15,0.68
2016-04-23,FOODS_1_169,1.0,1.0,0.43,0.68,0.51,0.68
2016-04-24,FOODS_1_169,0.0,0.0,0.43,0.68,0.25,0.68
2016-03-28,FOODS_1_170,0.0,0.0,0.0,0.0,0.0,0.0
2016-03-29,FOODS_1_170,0.0,0.0,0.0,0.0,0.18,0.0
2016-03-30,FOODS_1_170,0.0,0.0,0.0,0.0,0.17,0.0
2016-03-31,FOODS_1_170,0.0,0.0,0.0,0.0,0.0,0.0
2016-04-01,FOODS_1_170,0.0,0.0,0.0,0.0,0.0,0.0
2016-04-02,FOODS_1_170,0.0,0.0,0.0,0.0,0.0,0.0
2016-04-03,FOODS_1_170,0.0,0.0,0.0,0.0,0.0,0.0
2016-04-04,FOODS_1_170,0.0,0.0,0.0,0.0,0.0,0.0
2016-04-05,FOODS_1_170,0.0,0.0,0.0,0.0,0.16,0.0
2016-04-06,FOODS_1_170,0.0,0.0,0.0,0.0,0.15,0.0
2016-04-07,FOODS_1_170,0.0,0.0,0.0,0.0,0.0,0.0
2016-04-08,FOODS_1_170,0.0,0.0,0.0,0.0,0.0,0.0
2016-04-09,FOODS_1_170,0.0,0.0,0.0,0.0,0.0,0.0
2016-04-10,FOODS_1_170,0.0,0.0,0.0,0.0,0.0,0.0
2016-04-11,FOODS_1_170,0.0,0.0,0.0,0.0,0.0,0.0
2016-04-12,FOODS_1_170,0.0,0.0,0.0,0.0,0.14,0.0
2016-04-13,FOODS_1_170,0.0,0.0,0.0,0.0,0.13,0.0
2016-04-14,FOODS_1_170,0.0,0.0,0.0,0.0,0.0,0.0
2016-04-15,FOODS_1_170,0.0,0.0,0.0,0.0,0.0,0.0
2016-04-16,FOODS_1_170,0.0,0.0,0.0,0.0,0.0,0.0
2016-04-17,FOODS_1_170,0.0,0.0,0.0,0.0,0.0,0.0
2016-04-18,FOODS_1_170,0.0,0.0,0.0,0.0,0.0,0.0
2016-04-19,FOODS_1_170,0.0,0.0,0.0,0.0,0.12,0.0
2016-04-20,FOODS_1_170,3.0,0.0,0.0,0.0,0.11,0.0
2016-04-21,FOODS_1_170,5.0,0.0,0.0,0.0,0.0,0.0
2016-04-22,FOODS_1_170,5.0,0.0,0.0,0.0,0.0,0.0
2016-04-23,FOODS_1_170,5.0,0.0,0.0,0.0,0.0,0.0
2016-04-24,FOODS_1_170,2.0,0.0,0.0,0.0,0.0,0.0
2016-03-28,FOODS_1_171,0.0,1.0,0.43,0.43,0.18,0.43
2016-03-29,FOODS_1_171,0.0,0.0,0.43,0.43,0.04,0.43
2016-03-30,FOODS_1_171,0.0,0.0,0.43,0.43,1.1,0.43
2016-03-31,FOODS_1_171,0.0,0.0,0.43,0.43,0.41,0.43
2016-04-01,FOODS_1_171,5.0,0.0,0.43,0.43,0.16,0.43
2016-04-02,FOODS_1_171,1.0,2.0,0.43,0.43,0.44,0.43
2016-04-03,FOODS_1_171,0.0,0.0,0.43,0.43,0.8,0.43
2016-04-04,FOODS_1_171,0.0,1.0,0.43,0.43,0.15,0.43
2016-04-05,FOODS_1_171,0.0,0.0,0.43,0.43,0.02,0.43
2016-04-06,FOODS_1_171,0.0,0.0,0.43,0.43,1.07,0.43
2016-04-07,FOODS_1_171,1.0,0.0,0.43,0.43,0.39,0.43
2016-04-08,FOODS_1_171,1.0,0.0,0.43,0.43,0.13,0.43
2016-04-09,FOODS_1_171,0.0,2.0,0.43,0.43,0.41,0.43
2016-04-10,FOODS_1_171,0.0,0.0,0.43,0.43,0.78,0.43
2016-04-11,FOODS_1_171,0.0,1.0,0.43,0.43,0.13,0.43
2016-04-12,FOODS_1_171,0.0,0.0,0.43,0.43,0.0,0.43
2016-04-13,FOODS_1_171,0.0,0.0,0.43,0.43,1.05,0.43
2016-04-14,FOODS_1_171,0.0,0.0,0.43,0.43,0.36,0.43
2016-04-15,FOODS_1_171,0.0,0.0,0.43,0.43,0.11,0.43
2016-04-16,FOODS_1_171,0.0,2.0,0.43,0.43,0.38,0.43
2016-04-17,FOODS_1_171,0.0,0.0,0.43,0.43,0.75,0.43
2016-04-18,FOODS_1_171,0.0,1.0,0.43,0.43,0.1,0.43
2016-04-19,FOODS_1_171,0.0,0.0,0.43,0.43,0.0,0.43
2016-04-20,FOODS_1_171,2.0,0.0,0.43,0.43,1.02,0.43
2016-04-21,FOODS_1_171,0.0,0.0,0.43,0.43,0.34,0.43
2016-04-22,FOODS_1_171,0.0,0.0,0.43,0.43,0.08,0.43
2016-04-23,FOODS_1_171,0.0,2.0,0.43,0.43,0.36,0.43
2016-04-24,FOODS_1_171,0.0,0.0,0.43,0.43,0.73,0.43
2016-03-28,FOODS_1_172,1.0,1.0,4.14,3.36,3.51,3.36
2016-03-29,FOODS_1_172,1.0,1.0,4.14,3.36,3.39,3.36
2016-03-30,FOODS_1_172,2.0,1.0,4.14,3.36,4.69,3.36
2016-03-31,FOODS_1_172,3.0,2.0,4.14,3.36,4.04,3.36
2016-04-01,FOODS_1_172,0.0,6.0,4.14,3.36,5.56,3.36
2016-04-02,FOODS_1_172,6.0,12.0,4.14,3.36,7.24,3.36
2016-04-03,FOODS_1_172,3.0,6.0,4.14,3.36,5.83,3.36
2016-04-04,FOODS_1_172,1.0,1.0,4.14,3.36,3.97,3.36
2016-04-05,FOODS_1_172,2.0,1.0,4.14,3.36,3.84,3.36
2016-04-06,FOODS_1_172,2.0,1.0,4.14,3.36,5.14,3.36
2016-04-07,FOODS_1_172,1.0,2.0,4.14,3.36,4.49,3.36
2016-04-08,FOODS_1_172,2.0,6.0,4.14,3.36,6.01,3.36
2016-04-09,FOODS_1_172,2.0,12.0,4.14,3.36,7.69,3.36
2016-04-10,FOODS_1_172,6.0,6.0,4.14,3.36,6.28,3.36
2016-04-11,FOODS_1_172,3.0,1.0,4.14,3.36,4.43,3.36
2016-04-12,FOODS_1_172,5.0,1.0,4.14,3.36,4.3,3.36
2016-04-13,FOODS_1_172,1.0,1.0,4.14,3.36,5.6,3.36
2016-04-14,FOODS_1_172,0.0,2.0,4.14,3.36,4.95,3.36
2016-04-15,FOODS_1_172,0.0,6.0,4.14,3.36,6.47,3.36
2016-04-16,FOODS_1_172,1.0,12.0,4.14,3.36,8.15,3.36
2016-04-17,FOODS_1_172,0.0,6.0,4.14,3.36,6.74,3.36
2016-04-18,FOODS_1_172,4.0,1.0,4.14,3.36,4.88,3.36
2016-04-19,FOODS_1_172,3.0,1.0,4.14,3.36,4.76,3.36
2016-04-20,FOODS_1_172,3.0,1.0,4.14,3.36,6.06,3.36
2016-04-21,FOODS_1_172,1.0,2.0,4.14,3.36,5.41,3.36
2016-04-22,FOODS_1_172,2.0,6.0,4.14,3.36,6.93,3.36
2016-04-23,FOODS_1_172,4.0,12.0,4.14,3.36,8.61,3.36
2016-04-24,FOODS_1_172,2.0,6.0,4.14,3.36,7.2,3.36
2016-03-28,FOODS_1_173,4.0,0.0,1.29,2.0,2.66,2.0
2016-03-29,FOODS_1_173,7.0,0.0,1.29,2.0,0.02,2.0
2016-03-30,FOODS_1_173,0.0,0.0,1.29,2.0,1.43,2.0
2016-03-31,FOODS_1_173,0.0,0.0,1.29,2.0,2.23,2.0
2016-04-01,FOODS_1_173,1.0,1.0,1.29,2.0,2.69,2.0
2016-04-02,FOODS_1_173,2.0,2.0,1.29,2.0,2.26,2.0
2016-04-03,FOODS_1_173,7.0,6.0,1.29,2.0,0.69,2.0
2016-04-04,FOODS_1_173,1.0,0.0,1.29,2.0,2.56,2.0
2016-04-05,FOODS_1_173,4.0,0.0,1.29,2.0,0.0,2.0
2016-04-06,FOODS_1_173,1.0,0.0,1.29,2.0,1.33,2.0
2016-04-07,FOODS_1_173,0.0,0.0,1.29,2.0,2.13,2.0
2016-04-08,FOODS_1_173,1.0,1.0,1.29,2.0,2.59,2.0
2016-04-09,FOODS_1_173,7.0,2.0,1.29,2.0,2.16,2.0
2016-04-10,FOODS_1_173,4.0,6.0,1.29,2.0,0.59,2.0
2016-04-11,FOODS_1_173,2.0,0.0,1.29,2.0,2.46,2.0
2016-04-12,FOODS_1_173,3.0,0.0,1.29,2.0,0.0,2.0
2016-04-13,FOODS_1_173,2.0,0.0,1.29,2.0,1.23,2.0
2016-04-14,FOODS_1_173,3.0,0.0,1.29,2.0,2.03,2.0
2016-04-15,FOODS_1_173,7.0,1.0,1.29,2.0,2.49,2.0
2016-04-16,FOODS_1_173,7.0,2.0,1.29,2.0,2.06,2.0
2016-04-17,FOODS_1_173,9.0,6.0,1.29,2.0,0.48,2.0
2016-04-18,FOODS_1_173,0.0,0.0,1.29,2.0,2.35,2.0
2016-04-19,FOODS_1_173,0.0,0.0,1.29,2.0,0.0,2.0
2016-04-20,FOODS_1_173,0.0,0.0,1.29,2.0,1.12,2.0
2016-04-21,FOODS_1_173,0.0,0.0,1.29,2.0,1.92,2.0
2016-04-22,FOODS_1_173,3.0,1.0,1.29,2.0,2.38,2.0
2016-04-23,FOODS_1_173,8.0,2.0,1.29,2.0,1.96,2.0
2016-04-24,FOODS_1_173,3.0,6.0,1.29,2.0,0.38,2.0
2016-03-28,FOODS_1_174,0.0,7.0,1.71,1.46,2.61,1.46
2016-03-29,FOODS_1_174,0.0,1.0,1.71,1.46,0.5,1.46
2016-03-30,FOODS_1_174,1.0,1.0,1.71,1.46,0.59,1.46
2016-03-31,FOODS_1_174,2.0,1.0,1.71,1.46,0.84,1.46
2016-04-01,FOODS_1_174,2.0,2.0,1.71,1.46,1.36,1.46
2016-04-02,FOODS_1_174,1.0,0.0,1.71,1.46,1.25,1.46
2016-04-03,FOODS_1_174,2.0,0.0,1.71,1.46,1.48,1.46
2016-04-04,FOODS_1_174,0.0,7.0,1.71,1.46,2.52,1.46
2016-04-05,FOODS_1_174,1.0,1.0,1.71,1.46,0.41,1.46
2016-04-06,FOODS_1_174,1.0,1.0,1.71,1.46,0.5,1.46
2016-04-07,FOODS_1_174,1.0,1.0,1.71,1.46,0.75,1.46
2016-04-08,FOODS_1_174,1.0,2.0,1.71,1.46,1.28,1.46
2016-04-09,FOODS_1_174,2.0,0.0,1.71,1.46,1.16,1.46
2016-04-10,FOODS_1_174,3.0,0.0,1.71,1.46,1.39,1.46
2016-04-11,FOODS_1_174,2.0,7.0,1.71,1.46,2.43,1.46
2016-04-12,FOODS_1_174,1.0,1.0,1.71,1.46,0.32,1.46
2016-04-13,FOODS_1_174,2.0,1.0,1.71,1.46,0.41,1.46
2016-04-14,FOODS_1_174,6.0,1.0,1.71,1.46,0.66,1.46
2016-04-15,FOODS_1_174,0.0,2.0,1.71,1.46,1.19,1.46
2016-04-16,FOODS_1_174,0.0,0.0,1.71,1.46,1.07,1.46
2016-04-17,FOODS_1_174,0.0,0.0,1.71,1.46,1.3,1.46
2016-04-18,FOODS_1_174,3.0,7.0,1.71,1.46,2.34,1.46
2016-04-19,FOODS_1_174,0.0,1.0,1.71,1.46,0.23,1.46
2016-04-20,FOODS_1_174,2.0,1.0,1.71,1.46,0.32,1.46
2016-04-21,FOODS_1_174,3.0,1.0,1.71,1.46,0.57,1.46
2016-04-22,FOODS_1_174,0.0,2.0,1.71,1.46,1.1,1.46
2016-04-23,FOODS_1_174,3.0,0.0,1.71,1.46,0.98,1.46
2016-04-24,FOODS_1_174,0.0,0.0,1.71,1.46,1.21,1.46
2016-03-28,FOODS_1_175,0.0,0.0,0.29,0.68,0.0,0.68
2016-03-29,FOODS_1_175,1.0,0.0,0.29,0.68,0.0,0.68
2016-03-30,FOODS_1_175,0.0,0.0,0.29,0.68,0.26,0.68
2016-03-31,FOODS_1_175,0.0,0.0,0.29,0.68,0.71,0.68
2016-04-01,FOODS_1_175,1.0,1.0,0.29,0.68,0.41,0.68
2016-04-02,FOODS_1_175,0.0,0.0,0.29,0.68,0.33,0.68
2016-04-03,FOODS_1_175,0.0,1.0,0.29,0.68,0.19,0.68
2016-04-04,FOODS_1_175,0.0,0.0,0.29,0.68,0.0,0.68
2016-04-05,FOODS_1_175,0.0,0.0,0.29,0.68,0.0,0.68
2016-04-06,FOODS_1_175,0.0,0.0,0.29,0.68,0.15,0.68
2016-04-07,FOODS_1_175,2.0,0.0,0.29,0.68,0.59,0.68
2016-04-08,FOODS_1_175,1.0,1.0,0.29,0.68,0.29,0.68
2016-04-09,FOODS_1_175,1.0,0.0,0.29,0.68,0.22,0.68
2016-04-10,FOODS_1_175,0.0,1.0,0.29,0.68,0.08,0.68
2016-04-11,FOODS_1_175,1.0,0.0,0.29,0.68,0.0,0.68
2016-04-12,FOODS_1_175,0.0,0.0,0.29,0.68,0.0,0.68
2016-04-13,FOODS_1_175,0.0,0.0,0.29,0.68,0.04,0.68
2016-04-14,FOODS_1_175,1.0,0.0,0.29,0.68,0.48,0.68
2016-04-15,FOODS_1_175,0.0,1.0,0.29,0.68,0.18,0.68
2016-04-16,FOODS_1_175,3.0,0.0,0.29,0.68,0.1,0.68
2016-04-17,FOODS_1_175,2.0,1.0,0.29,0.68,0.0,0.68
2016-04-18,FOODS_1_175,1.0,0.0,0.29,0.68,0.0,0.68
2016-04-19,FOODS_1_175,0.0,0.0,0.29,0.68,0.0,0.68
2016-04-20,FOODS_1_175,3.0,0.0,0.29,0.68,0.0,0.68
2016-04-21,FOODS_1_175,0.0,0.0,0.29,0.68,0.37,0.68
2016-04-22,FOODS_1_175,0.0,1.0,0.29,0.68,0.07,0.68
2016-04-23,FOODS_1_175,0.0,0.0,0.29,0.68,0.0,0.68
2016-04-24,FOODS_1_175,3.0,1.0,0.29,0.68,0.0,0.68
2016-03-28,FOODS_1_176,0.0,0.0,0.29,0.18,0.07,0.18
2016-03-29,FOODS_1_176,0.0,0.0,0.29,0.18,0.04,0.18
2016-03-30,FOODS_1_176,0.0,0.0,0.29,0.18,0.23,0.18
2016-03-31,FOODS_1_176,3.0,0.0,0.29,0.18,0.43,0.18
2016-04-01,FOODS_1_176,0.0,1.0,0.29,0.18,0.92,0.18
2016-04-02,FOODS_1_176,0.0,0.0,0.29,0.18,0.28,0.18
2016-04-03,FOODS_1_176,0.0,1.0,0.29,0.18,0.39,0.18
2016-04-04,FOODS_1_176,0.0,0.0,0.29,0.18,0.1,0.18
2016-04-05,FOODS_1_176,0.0,0.0,0.29,0.18,0.07,0.18
2016-04-06,FOODS_1_176,0.0,0.0,0.29,0.18,0.26,0.18
2016-04-07,FOODS_1_176,0.0,0.0,0.29,0.18,0.46,0.18
2016-04-08,FOODS_1_176,0.0,1.0,0.29,0.18,0.96,0.18
2016-04-09,FOODS_1_176,1.0,0.0,0.29,0.18,0.31,0.18
2016-04-10,FOODS_1_176,0.0,1.0,0.29,0.18,0.42,0.18
2016-04-11,FOODS_1_176,0.0,0.0,0.29,0.18,0.14,0.18
2016-04-12,FOODS_1_176,0.0,0.0,0.29,0.18,0.11,0.18
2016-04-13,FOODS_1_176,0.0,0.0,0.29,0.18,0.29,0.18
2016-04-14,FOODS_1_176,0.0,0.0,0.29,0.18,0.49,0.18
2016-04-15,FOODS_1_176,1.0,1.0,0.29,0.18,0.99,0.18
2016-04-16,FOODS_1_176,0.0,0.0,0.29,0.18,0.34,0.18
2016-04-17,FOODS_1_176,1.0,1.0,0.29,0.18,0.45,0.18
2016-04-18,FOODS_1_176,0.0,0.0,0.29,0.18,0.17,0.18
2016-04-19,FOODS_1_176,1.0,0.0,0.29,0.18,0.14,0.18
2016-04-20,FOODS_1_176,1.0,0.0,0.29,0.18,0.32,0.18
2016-04-21,FOODS_1_176,0.0,0.0,0.29,0.18,0.53,0.18
2016-04-22,FOODS_1_176,0.0,1.0,0.29,0.18,1.02,0.18
2016-04-23,FOODS_1_176,0.0,0.0,0.29,0.18,0.38,0.18
2016-04-24,FOODS_1_176,0.0,1.0,0.29,0.18,0.48,0.18
2016-03-28,FOODS_1_177,4.0,2.0,2.0,1.29,2.37,1.29
2016-03-29,FOODS_1_177,1.0,1.0,2.0,1.29,1.93,1.29
2016-03-30,FOODS_1_177,0.0,1.0,2.0,1.29,1.75,1.29
2016-03-31,FOODS_1_177,0.0,1.0,2.0,1.29,2.22,1.29
2016-04-01,FOODS_1_177,6.0,3.0,2.0,1.29,2.22,1.29
2016-04-02,FOODS_1_177,1.0,6.0,2.0,1.29,3.31,1.29
2016-04-03,FOODS_1_177,3.0,0.0,2.0,1.29,2.89,1.29
2016-04-04,FOODS_1_177,2.0,2.0,2.0,1.29,2.66,1.29
2016-04-05,FOODS_1_177,0.0,1.0,2.0,1.29,2.21,1.29
2016-04-06,FOODS_1_177,0.0,1.0,2.0,1.29,2.04,1.29
2016-04-07,FOODS_1_177,0.0,1.0,2.0,1.29,2.51,1.29
2016-04-08,FOODS_1_177,2.0,3.0,2.0,1.29,2.5,1.29
2016-04-09,FOODS_1_177,0.0,6.0,2.0,1.29,3.6,1.29
2016-04-10,FOODS_1_177,1.0,0.0,2.0,1.29,3.18,1.29
2016-04-11,FOODS_1_177,1.0,2.0,2.0,1.29,2.94,1.29
2016-04-12,FOODS_1_177,0.0,1.0,2.0,1.29,2.5,1.29
2016-04-13,FOODS_1_177,1.0,1.0,2.0,1.29,2.32,1.29
2016-04-14,FOODS_1_177,3.0,1.0,2.0,1.29,2.79,1.29
2016-04-15,FOODS_1_177,1.0,3.0,2.0,1.29,2.79,1.29
2016-04-16,FOODS_1_177,0.0,6.0,2.0,1.29,3.88,1.29
2016-04-17,FOODS_1_177,4.0,0.0,2.0,1.29,3.46,1.29
2016-04-18,FOODS_1_177,4.0,2.0,2.0,1.29,3.23,1.29
2016-04-19,FOODS_1_177,3.0,1.0,2.0,1.29,2.78,1.29
2016-04-20,FOODS_1_177,1.0,1.0,2.0,1.29,2.61,1.29
2016-04-21,FOODS_1_177,2.0,1.0,2.0,1.29,3.08,1.29
2016-04-22,FOODS_1_177,1.0,3.0,2.0,1.29,3.07,1.29
2016-04-23,FOODS_1_177,1.0,6.0,2.0,1.29,4.17,1.29
2016-04-24,FOODS_1_177,2.0,0.0,2.0,1.29,3.75,1.29
2016-03-28,FOODS_1_178,0.0,0.0,0.71,0.68,0.71,0.68
2016-03-29,FOODS_1_178,0.0,1.0,0.71,0.68,0.63,0.68
2016-03-30,FOODS_1_178,1.0,2.0,0.71,0.68,1.01,0.68
2016-03-31,FOODS_1_178,0.0,0.0,0.71,0.68,0.58,0.68
2016-04-01,FOODS_1_178,0.0,0.0,0.71,0.68,0.94,0.68
2016-04-02,FOODS_1_178,1.0,0.0,0.71,0.68,0.71,0.68
2016-04-03,FOODS_1_178,1.0,2.0,0.71,0.68,0.71,0.68
2016-04-04,FOODS_1_178,1.0,0.0,0.71,0.68,0.76,0.68
2016-04-05,FOODS_1_178,0.0,1.0,0.71,0.68,0.67,0.68
2016-04-06,FOODS_1_178,0.0,2.0,0.71,0.68,1.06,0.68
2016-04-07,FOODS_1_178,0.0,0.0,0.71,0.68,0.62,0.68
2016-04-08,FOODS_1_178,0.0,0.0,0.71,0.68,0.98,0.68
2016-04-09,FOODS_1_178,2.0,0.0,0.71,0.68,0.76,0.68
2016-04-10,FOODS_1_178,0.0,2.0,0.71,0.68,0.75,0.68
2016-04-11,FOODS_1_178,0.0,0.0,0.71,0.68,0.81,0.68
2016-04-12,FOODS_1_178,1.0,1.0,0.71,0.68,0.72,0.68
2016-04-13,FOODS_1_178,0.0,2.0,0.71,0.68,1.1,0.68
2016-04-14,FOODS_1_178,1.0,0.0,0.71,0.68,0.67,0.68
2016-04-15,FOODS_1_178,1.0,0.0,0.71,0.68,1.03,0.68
2016-04-16,FOODS_1_178,0.0,0.0,0.71,0.68,0.8,0.68
2016-04-17,FOODS_1_178,1.0,2.0,0.71,0.68,0.8,0.68
2016-04-18,FOODS_1_178,1.0,0.0,0.71,0.68,0.85,0.68
2016-04-19,FOODS_1_178,1.0,1.0,0.71,0.68,0.76,0.68
2016-04-20,FOODS_1_178,0.0,2.0,0.71,0.68,1.15,0.68
2016-04-21,FOODS_1_178,1.0,0.0,0.71,0.68,0.71,0.68
2016-04-22,FOODS_1_178,0.0,0.0,0.71,0.68,1.07,0.68
2016-04-23,FOODS_1_178,1.0,0.0,0.71,0.68,0.85,0.68
2016-04-24,FOODS_1_178,0.0,2.0,0.71,0.68,0.84,0.68
2016-03-28,FOODS_1_179,0.0,0.0,1.0,0.5,1.04,0.5
2016-03-29,FOODS_1_179,0.0,2.0,1.0,0.5,1.4,0.5
2016-03-30,FOODS_1_179,0.0,4.0,1.0,0.5,1.34,0.5
2016-03-31,FOODS_1_179,0.0,0.0,1.0,0.5,0.25,0.5
2016-04-01,FOODS_1_179,0.0,1.0,1.0,0.5,0.56,0.5
2016-04-02,FOODS_1_179,0.0,0.0,1.0,0.5,0.5,0.5
2016-04-03,FOODS_1_179,0.0,0.0,1.0,0.5,0.94,0.5
2016-04-04,FOODS_1_179,0.0,0.0,1.0,0.5,1.14,0.5
2016-04-05,FOODS_1_179,0.0,2.0,1.0,0.5,1.5,0.5
2016-04-06,FOODS_1_179,0.0,4.0,1.0,0.5,1.43,0.5
2016-04-07,FOODS_1_179,0.0,0.0,1.0,0.5,0.35,0.5
2016-04-08,FOODS_1_179,0.0,1.0,1.0,0.5,0.66,0.5
2016-04-09,FOODS_1_179,0.0,0.0,1.0,0.5,0.6,0.5
2016-04-10,FOODS_1_179,0.0,0.0,1.0,0.5,1.04,0.5
2016-04-11,FOODS_1_179,0.0,0.0,1.0,0.5,1.24,0.5
2016-04-12,FOODS_1_179,1.0,2.0,1.0,0.5,1.6,0.5
2016-04-13,FOODS_1_179,0.0,4.0,1.0,0.5,1.53,0.5
2016-04-14,FOODS_1_179,0.0,0.0,1.0,0.5,0.45,0.5
2016-04-15,FOODS_1_179,0.0,1.0,1.0,0.5,0.75,0.5
2016-04-16,FOODS_1_179,0.0,0.0,1.0,0.5,0.7,0.5
2016-04-17,FOODS_1_179,0.0,0.0,1.0,0.5,1.14,0.5
2016-04-18,FOODS_1_179,1.0,0.0,1.0,0.5,1.34,0.5
2016-04-19,FOODS_1_179,0.0,2.0,1.0,0.5,1.69,0.5
2016-04-20,FOODS_1_179,0.0,4.0,1.0,0.5,1.63,0.5
2016-04-21,FOODS_1_179,1.0,0.0,1.0,0.5,0.54,0.5
2016-04-22,FOODS_1_179,0.0,1.0,1.0,0.5,0.85,0.5
2016-04-23,FOODS_1_179,0.0,0.0,1.0,0.5,0.8,0.5
2016-04-24,FOODS_1_179,0.0,0.0,1.0,0.5,1.23,0.5
2016-03-28,FOODS_1_180,5.0,1.0,0.14,0.54,0.0,0.54
2016-03-29,FOODS_1_180,0.0,0.0,0.14,0.54,0.0,0.54
2016-03-30,FOODS_1_180,1.0,0.0,0.14,0.54,0.0,0.54
2016-03-31,FOODS_1_180,0.0,0.0,0.14,0.54,0.0,0.54
2016-04-01,FOODS_1_180,0.0,0.0,0.14,0.54,0.0,0.54
2016-04-02,FOODS_1_180,0.0,0.0,0.14,0.54,0.0,0.54
2016-04-03,FOODS_1_180,0.0,0.0,0.14,0.54,0.0,0.54
2016-04-04,FOODS_1_180,0.0,1.0,0.14,0.54,0.0,0.54
2016-04-05,FOODS_1_180,2.0,0.0,0.14,0.54,0.0,0.54
2016-04-06,FOODS_1_180,0.0,0.0,0.14,0.54,0.0,0.54
2016-04-07,FOODS_1_180,0.0,0.0,0.14,0.54,0.0,0.54
2016-04-08,FOODS_1_180,0.0,0.0,0.14,0.54,0.0,0.54
2016-04-09,FOODS_1_180,1.0,0.0,0.14,0.54,0.0,0.54
2016-04-10,FOODS_1_180,1.0,0.0,0.14,0.54,0.0,0.54
2016-04-11,FOODS_1_180,0.0,1.0,0.14,0.54,0.0,0.54
2016-04-12,FOODS_1_180,1.0,0.0,0.14,0.54,0.0,0.54
2016-04-13,FOODS_1_180,1.0,0.0,0.14,0.54,0.0,0.54
2016-04-14,FOODS_1_180,2.0,0.0,0.14,0.54,0.0,0.54
2016-04-15,FOODS_1_180,0.0,0.0,0.14,0.54,0.0,0.54
2016-04-16,FOODS_1_180,0.0,0.0,0.14,0.54,0.0,0.54
2016-04-17,FOODS_1_180,1.0,0.0,0.14,0.54,0.0,0.54
2016-04-18,FOODS_1_180,0.0,1.0,0.14,0.54,0.0,0.54
2016-04-19,FOODS_1_180,1.0,0.0,0.14,0.54,0.0,0.54
2016-04-20,FOODS_1_180,0.0,0.0,0.14,0.54,0.0,0.54
2016-04-21,FOODS_1_180,0.0,0.0,0.14,0.54,0.0,0.54
2016-04-22,FOODS_1_180,0.0,0.0,0.14,0.54,0.0,0.54
2016-04-23,FOODS_1_180,1.0,0.0,0.14,0.54,0.0,0.54
2016-04-24,FOODS_1_180,0.0,0.0,0.14,0.54,0.0,0.54
2016-03-28,FOODS_1_181,8.0,0.0,7.57,5.14,6.25,5.14
2016-03-29,FOODS_1_181,4.0,5.0,7.57,5.14,8.79,5.14
2016-03-30,FOODS_1_181,4.0,14.0,7.57,5.14,8.89,5.14
2016-03-31,FOODS_1_181,4.0,11.0,7.57,5.14,7.84,5.14
2016-04-01,FOODS_1_181,6.0,10.0,7.57,5.14,7.84,5.14
2016-04-02,FOODS_1_181,0.0,11.0,7.57,5.14,8.83,5.14
2016-04-03,FOODS_1_181,2.0,2.0,7.57,5.14,9.47,5.14
2016-04-04,FOODS_1_181,5.0,0.0,7.57,5.14,7.16,5.14
2016-04-05,FOODS_1_181,2.0,5.0,7.57,5.14,9.7,5.14
2016-04-06,FOODS_1_181,3.0,14.0,7.57,5.14,9.8,5.14
2016-04-07,FOODS_1_181,5.0,11.0,7.57,5.14,8.75,5.14
2016-04-08,FOODS_1_181,7.0,10.0,7.57,5.14,8.75,5.14
2016-04-09,FOODS_1_181,3.0,11.0,7.57,5.14,9.74,5.14
2016-04-10,FOODS_1_181,3.0,2.0,7.57,5.14,10.38,5.14
2016-04-11,FOODS_1_181,7.0,0.0,7.57,5.14,8.08,5.14
2016-04-12,FOODS_1_181,34.0,5.0,7.57,5.14,10.61,5.14
2016-04-13,FOODS_1_181,3.0,14.0,7.57,5.14,10.71,5.14
2016-04-14,FOODS_1_181,0.0,11.0,7.57,5.14,9.66,5.14
2016-04-15,FOODS_1_181,0.0,10.0,7.57,5.14,9.66,5.14
2016-04-16,FOODS_1_181,0.0,11.0,7.57,5.14,10.65,5.14
2016-04-17,FOODS_1_181,0.0,2.0,7.57,5.14,11.29,5.14
2016-04-18,FOODS_1_181,1.0,0.0,7.57,5.14,8.99,5.14
2016-04-19,FOODS_1_181,2.0,5.0,7.57,5.14,11.53,5.14
2016-04-20,FOODS_1_181,2.0,14.0,7.57,5.14,11.62,5.14
2016-04-21,FOODS_1_181,3.0,11.0,7.57,5.14,10.57,5.14
2016-04-22,FOODS_1_181,1.0,10.0,7.57,5.14,10.57,5.14
2016-04-23,FOODS_1_181,5.0,11.0,7.57,5.14,11.56,5.14
2016-04-24,FOODS_1_181,1.0,2.0,7.57,5.14,12.2,5.14
2016-03-28,FOODS_1_182,0.0,0.0,1.14,0.93,1.28,0.93
2016-03-29,FOODS_1_182,0.0,0.0,1.14,0.93,1.01,0.93
2016-03-30,FOODS_1_182,1.0,3.0,1.14,0.93,1.45,0.93
2016-03-31,FOODS_1_182,0.0,0.0,1.14,0.93,1.02,0.93
2016-04-01,FOODS_1_182,3.0,1.0,1.14,0.93,1.66,0.93
2016-04-02,FOODS_1_182,2.0,2.0,1.14,0.93,1.59,0.93
2016-04-03,FOODS_1_182,0.0,2.0,1.14,0.93,1.71,0.93
2016-04-04,FOODS_1_182,1.0,0.0,1.14,0.93,1.42,0.93
2016-04-05,FOODS_1_182,2.0,0.0,1.14,0.93,1.15,0.93
2016-04-06,FOODS_1_182,2.0,3.0,1.14,0.93,1.6,0.93
2016-04-07,FOODS_1_182,0.0,0.0,1.14,0.93,1.16,0.93
2016-04-08,FOODS_1_182,1.0,1.0,1.14,0.93,1.8,0.93
2016-04-09,FOODS_1_182,0.0,2.0,1.14,0.93,1.73,0.93
2016-04-10,FOODS_1_182,0.0,2.0,1.14,0.93,1.85,0.93
2016-04-11,FOODS_1_182,1.0,0.0,1.14,0.93,1.57,0.93
2016-04-12,FOODS_1_182,3.0,0.0,1.14,0.93,1.29,0.93
2016-04-13,FOODS_1_182,1.0,3.0,1.14,0.93,1.74,0.93
2016-04-14,FOODS_1_182,0.0,0.0,1.14,0.93,1.3,0.93
2016-04-15,FOODS_1_182,8.0,1.0,1.14,0.93,1.94,0.93
2016-04-16,FOODS_1_182,1.0,2.0,1.14,0.93,1.87,0.93
2016-04-17,FOODS_1_182,0.0,2.0,1.14,0.93,1.99,0.93
2016-04-18,FOODS_1_182,0.0,0.0,1.14,0.93,1.71,0.93
2016-04-19,FOODS_1_182,1.0,0.0,1.14,0.93,1.43,0.93
2016-04-20,FOODS_1_182,1.0,3.0,1.14,0.93,1.88,0.93
2016-04-21,FOODS_1_182,2.0,0.0,1.14,0.93,1.45,0.93
2016-04-22,FOODS_1_182,2.0,1.0,1.14,0.93,2.08,0.93
2016-04-23,FOODS_1_182,1.0,2.0,1.14,0.93,2.01,0.93
2016-04-24,FOODS_1_182,0.0,2.0,1.14,0.93,2.13,0.93
2016-03-28,FOODS_1_183,1.0,4.0,3.57,3.36,3.52,3.36
2016-03-29,FOODS_1_183,2.0,2.0,3.57,3.36,3.58,3.36
2016-03-30,FOODS_1_183,2.0,4.0,3.57,3.36,3.04,3.36
2016-03-31,FOODS_1_183,2.0,3.0,3.57,3.36,2.33,3.36
2016-04-01,FOODS_1_183,1.0,5.0,3.57,3.36,3.78,3.36
2016-04-02,FOODS_1_183,3.0,4.0,3.57,3.36,3.87,3.36
2016-04-03,FOODS_1_183,6.0,3.0,3.57,3.36,4.5,3.36
2016-04-04,FOODS_1_183,0.0,4.0,3.57,3.36,3.66,3.36
2016-04-05,FOODS_1_183,3.0,2.0,3.57,3.36,3.71,3.36
2016-04-06,FOODS_1_183,1.0,4.0,3.57,3.36,3.18,3.36
2016-04-07,FOODS_1_183,0.0,3.0,3.57,3.36,2.47,3.36
2016-04-08,FOODS_1_183,3.0,5.0,3.57,3.36,3.91,3.36
2016-04-09,FOODS_1_183,2.0,4.0,3.57,3.36,4.0,3.36
2016-04-10,FOODS_1_183,4.0,3.0,3.57,3.36,4.64,3.36
2016-04-11,FOODS_1_183,1.0,4.0,3.57,3.36,3.79,3.36
2016-04-12,FOODS_1_183,2.0,2.0,3.57,3.36,3.85,3.36
2016-04-13,FOODS_1_183,4.0,4.0,3.57,3.36,3.31,3.36
2016-04-14,FOODS_1_183,5.0,3.0,3.57,3.36,2.61,3.36
2016-04-15,FOODS_1_183,2.0,5.0,3.57,3.36,4.05,3.36
2016-04-16,FOODS_1_183,2.0,4.0,3.57,3.36,4.14,3.36
2016-04-17,FOODS_1_183,4.0,3.0,3.57,3.36,4.78,3.36
2016-04-18,FOODS_1_183,4.0,4.0,3.57,3.36,3.93,3.36
2016-04-19,FOODS_1_183,2.0,2.0,3.57,3.36,3.99,3.36
2016-04-20,FOODS_1_183,0.0,4.0,3.57,3.36,3.45,3.36
2016-04-21,FOODS_1_183,2.0,3.0,3.57,3.36,2.74,3.36
2016-04-22,FOODS_1_183,1.0,5.0,3.57,3.36,4.19,3.36
2016-04-23,FOODS_1_183,4.0,4.0,3.57,3.36,4.28,3.36
2016-04-24,FOODS_1_183,6.0,3.0,3.57,3.36,4.91,3.36
2016-03-28,FOODS_1_184,0.0,2.0,1.57,2.18,2.72,2.18
2016-03-29,FOODS_1_184,0.0,2.0,1.57,2.18,2.02,2.18
2016-03-30,FOODS_1_184,2.0,0.0,1.57,2.18,1.35,2.18
2016-03-31,FOODS_1_184,1.0,1.0,1.57,2.18,1.14,2.18
2016-04-01,FOODS_1_184,2.0,3.0,1.57,2.18,2.17,2.18
2016-04-02,FOODS_1_184,1.0,0.0,1.57,2.18,0.51,2.18
2016-04-03,FOODS_1_184,2.0,3.0,1.57,2.18,1.44,2.18
2016-04-04,FOODS_1_184,0.0,2.0,1.57,2.18,2.66,2.18
2016-04-05,FOODS_1_184,1.0,2.0,1.57,2.18,1.96,2.18
2016-04-06,FOODS_1_184,0.0,0.0,1.57,2.18,1.29,2.18
2016-04-07,FOODS_1_184,10.0,1.0,1.57,2.18,1.09,2.18
2016-04-08,FOODS_1_184,1.0,3.0,1.57,2.18,2.11,2.18
2016-04-09,FOODS_1_184,1.0,0.0,1.57,2.18,0.46,2.18
2016-04-10,FOODS_1_184,5.0,3.0,1.57,2.18,1.38,2.18
2016-04-11,FOODS_1_184,1.0,2.0,1.57,2.18,2.6,2.18
2016-04-12,FOODS_1_184,1.0,2.0,1.57,2.18,1.91,2.18
2016-04-13,FOODS_1_184,0.0,0.0,1.57,2.18,1.23,2.18
2016-04-14,FOODS_1_184,1.0,1.0,1.57,2.18,1.03,2.18
2016-04-15,FOODS_1_184,0.0,3.0,1.57,2.18,2.05,2.18
2016-04-16,FOODS_1_184,1.0,0.0,1.57,2.18,0.4,2.18
2016-04-17,FOODS_1_184,3.0,3.0,1.57,2.18,1.32,2.18
2016-04-18,FOODS_1_184,0.0,2.0,1.57,2.18,2.54,2.18
2016-04-19,FOODS_1_184,1.0,2.0,1.57,2.18,1.85,2.18
2016-04-20,FOODS_1_184,6.0,0.0,1.57,2.18,1.17,2.18
2016-04-21,FOODS_1_184,2.0,1.0,1.57,2.18,0.97,2.18
2016-04-22,FOODS_1_184,6.0,3.0,1.57,2.18,1.99,2.18
2016-04-23,FOODS_1_184,3.0,0.0,1.57,2.18,0.34,2.18
2016-04-24,FOODS_1_184,2.0,3.0,1.57,2.18,1.27,2.18
2016-03-28,FOODS_1_185,3.0,1.0,2.14,1.54,2.2,1.54
2016-03-29,FOODS_1_185,1.0,0.0,2.14,1.54,2.05,1.54
2016-03-30,FOODS_1_185,3.0,2.0,2.14,1.54,2.71,1.54
2016-03-31,FOODS_1_185,2.0,2.0,2.14,1.54,2.91,1.54
2016-04-01,FOODS_1_185,1.0,4.0,2.14,1.54,2.96,1.54
2016-04-02,FOODS_1_185,1.0,4.0,2.14,1.54,3.47,1.54
2016-04-03,FOODS_1_185,2.0,2.0,2.14,1.54,1.99,1.54
2016-04-04,FOODS_1_185,0.0,1.0,2.14,1.54,2.55,1.54
2016-04-05,FOODS_1_185,1.0,0.0,2.14,1.54,2.39,1.54
2016-04-06,FOODS_1_185,3.0,2.0,2.14,1.54,3.06,1.54
2016-04-07,FOODS_1_185,2.0,2.0,2.14,1.54,3.26,1.54
2016-04-08,FOODS_1_185,1.0,4.0,2.14,1.54,3.3,1.54
2016-04-09,FOODS_1_185,0.0,4.0,2.14,1.54,3.81,1.54
2016-04-10,FOODS_1_185,2.0,2.0,2.14,1.54,2.34,1.54
2016-04-11,FOODS_1_185,0.0,1.0,2.14,1.54,2.89,1.54
2016-04-12,FOODS_1_185,5.0,0.0,2.14,1.54,2.74,1.54
2016-04-13,FOODS_1_185,0.0,2.0,2.14,1.54,3.4,1.54
2016-04-14,FOODS_1_185,0.0,2.0,2.14,1.54,3.6,1.54
2016-04-15,FOODS_1_185,1.0,4.0,2.14,1.54,3.64,1.54
2016-04-16,FOODS_1_185,5.0,4.0,2.14,1.54,4.15,1.54
2016-04-17,FOODS_1_185,1.0,2.0,2.14,1.54,2.68,1.54
2016-04-18,FOODS_1_185,1.0,1.0,2.14,1.54,3.24,1.54
2016-04-19,FOODS_1_185,0.0,0.0,2.14,1.54,3.08,1.54
2016-04-20,FOODS_1_185,1.0,2.0,2.14,1.54,3.74,1.54
2016-04-21,FOODS_1_185,4.0,2.0,2.14,1.54,3.94,1.54
2016-04-22,FOODS_1_185,1.0,4.0,2.14,1.54,3.99,1.54
2016-04-23,FOODS_1_185,0.0,4.0,2.14,1.54,4.5,1.54
2016-04-24,FOODS_1_185,0.0,2.0,2.14,1.54,3.02,1.54
2016-03-28,FOODS_1_186,1.0,0.0,0.86,0.71,0.64,0.71
2016-03-29,FOODS_1_186,0.0,2.0,0.86,0.71,0.91,0.71
2016-03-30,FOODS_1_186,1.0,0.0,0.86,0.71,0.63,0.71
2016-03-31,FOODS_1_186,1.0,1.0,0.86,0.71,0.83,0.71
2016-04-01,FOODS_1_186,1.0,1.0,0.86,0.71,0.82,0.71
2016-04-02,FOODS_1_186,2.0,1.0,0.86,0.71,1.12,0.71
2016-04-03,FOODS_1_186,2.0,1.0,0.86,0.71,0.99,0.71
2016-04-04,FOODS_1_186,0.0,0.0,0.86,0.71,0.65,0.71
2016-04-05,FOODS_1_186,0.0,2.0,0.86,0.71,0.93,0.71
2016-04-06,FOODS_1_186,1.0,0.0,0.86,0.71,0.65,0.71
2016-04-07,FOODS_1_186,1.0,1.0,0.86,0.71,0.85,0.71
2016-04-08,FOODS_1_186,0.0,1.0,0.86,0.71,0.84,0.71
2016-04-09,FOODS_1_186,0.0,1.0,0.86,0.71,1.14,0.71
2016-04-10,FOODS_1_186,1.0,1.0,0.86,0.71,1.01,0.71
2016-04-11,FOODS_1_186,0.0,0.0,0.86,0.71,0.67,0.71
2016-04-12,FOODS_1_186,1.0,2.0,0.86,0.71,0.95,0.71
2016-04-13,FOODS_1_186,0.0,0.0,0.86,0.71,0.66,0.71
2016-04-14,FOODS_1_186,0.0,1.0,0.86,0.71,0.87,0.71
2016-04-15,FOODS_1_186,1.0,1.0,0.86,0.71,0.86,0.71
2016-04-16,FOODS_1_186,1.0,1.0,0.86,0.71,1.15,0.71
2016-04-17,FOODS_1_186,4.0,1.0,0.86,0.71,1.03,0.71
2016-04-18,FOODS_1_186,1.0,0.0,0.86,0.71,0.69,0.71
2016-04-19,FOODS_1_186,0.0,2.0,0.86,0.71,0.97,0.71
2016-04-20,FOODS_1_186,0.0,0.0,0.86,0.71,0.68,0.71
2016-04-21,FOODS_1_186,1.0,1.0,0.86,0.71,0.89,0.71
2016-04-22,FOODS_1_186,1.0,1.0,0.86,0.71,0.88,0.71
2016-04-23,FOODS_1_186,0.0,1.0,0.86,0.71,1.17,0.71
2016-04-24,FOODS_1_186,4.0,1.0,0.86,0.71,1.04,0.71
2016-03-28,FOODS_1_187,0.0,1.0,2.57,0.89,2.63,0.89
2016-03-29,FOODS_1_187,1.0,0.0,2.57,0.89,2.63,0.89
2016-03-30,FOODS_1_187,0.0,2.0,2.57,0.89,3.06,0.89
2016-03-31,FOODS_1_187,1.0,1.0,2.57,0.89,3.05,0.89
2016-04-01,FOODS_1_187,1.0,3.0,2.57,0.89,3.61,0.89
2016-04-02,FOODS_1_187,1.0,9.0,2.57,0.89,5.55,0.89
2016-04-03,FOODS_1_187,1.0,2.0,2.57,0.89,3.29,0.89
2016-04-04,FOODS_1_187,2.0,1.0,2.57,0.89,3.32,0.89
2016-04-05,FOODS_1_187,0.0,0.0,2.57,0.89,3.32,0.89
2016-04-06,FOODS_1_187,0.0,2.0,2.57,0.89,3.75,0.89
2016-04-07,FOODS_1_187,3.0,1.0,2.57,0.89,3.74,0.89
2016-04-08,FOODS_1_187,0.0,3.0,2.57,0.89,4.3,0.89
2016-04-09,FOODS_1_187,1.0,9.0,2.57,0.89,6.24,0.89
2016-04-10,FOODS_1_187,0.0,2.0,2.57,0.89,3.98,0.89
2016-04-11,FOODS_1_187,1.0,1.0,2.57,0.89,4.01,0.89
2016-04-12,FOODS_1_187,0.0,0.0,2.57,0.89,4.01,0.89
2016-04-13,FOODS_1_187,1.0,2.0,2.57,0.89,4.44,0.89
2016-04-14,FOODS_1_187,0.0,1.0,2.57,0.89,4.43,0.89
2016-04-15,FOODS_1_187,1.0,3.0,2.57,0.89,4.99,0.89
2016-04-16,FOODS_1_187,0.0,9.0,2.57,0.89,6.93,0.89
2016-04-17,FOODS_1_187,2.0,2.0,2.57,0.89,4.67,0.89
2016-04-18,FOODS_1_187,1.0,1.0,2.57,0.89,4.7,0.89
2016-04-19,FOODS_1_187,0.0,0.0,2.57,0.89,4.7,0.89
2016-04-20,FOODS_1_187,1.0,2.0,2.57,0.89,5.12,0.89
2016-04-21,FOODS_1_187,2.0,1.0,2.57,0.89,5.11,0.89
2016-04-22,FOODS_1_187,0.0,3.0,2.57,0.89,5.68,0.89
2016-04-23,FOODS_1_187,2.0,9.0,2.57,0.89,7.62,0.89
2016-04-24,FOODS_1_187,1.0,2.0,2.57,0.89,5.36,0.89
2016-03-28,FOODS_1_188,4.0,0.0,1.0,1.39,0.56,1.39
2016-03-29,FOODS_1_188,1.0,2.0,1.0,1.39,1.22,1.39
2016-03-30,FOODS_1_188,4.0,0.0,1.0,1.39,1.22,1.39
2016-03-31,FOODS_1_188,4.0,1.0,1.0,1.39,0.35,1.39
2016-04-01,FOODS_1_188,2.0,3.0,1.0,1.39,1.01,1.39
2016-04-02,FOODS_1_188,0.0,0.0,1.0,1.39,0.99,1.39
2016-04-03,FOODS_1_188,1.0,1.0,1.0,1.39,1.1,1.39
2016-04-04,FOODS_1_188,0.0,0.0,1.0,1.39,0.42,1.39
2016-04-05,FOODS_1_188,5.0,2.0,1.0,1.39,1.08,1.39
2016-04-06,FOODS_1_188,1.0,0.0,1.0,1.39,1.08,1.39
2016-04-07,FOODS_1_188,3.0,1.0,1.0,1.39,0.21,1.39
2016-04-08,FOODS_1_188,2.0,3.0,1.0,1.39,0.87,1.39
2016-04-09,FOODS_1_188,3.0,0.0,1.0,1.39,0.85,1.39
2016-04-10,FOODS_1_188,2.0,1.0,1.0,1.39,0.96,1.39
2016-04-11,FOODS_1_188,2.0,0.0,1.0,1.39,0.29,1.39
2016-04-12,FOODS_1_188,3.0,2.0,1.0,1.39,0.95,1.39
2016-04-13,FOODS_1_188,1.0,0.0,1.0,1.39,0.95,1.39
2016-04-14,FOODS_1_188,3.0,1.0,1.0,1.39,0.08,1.39
2016-04-15,FOODS_1_188,1.0,3.0,1.0,1.39,0.74,1.39
2016-04-16,FOODS_1_188,4.0,0.0,1.0,1.39,0.72,1.39
2016-04-17,FOODS_1_188,3.0,1.0,1.0,1.39,0.82,1.39
2016-04-18,FOODS_1_188,2.0,0.0,1.0,1.39,0.15,1.39
2016-04-19,FOODS_1_188,1.0,2.0,1.0,1.39,0.81,1.39
2016-04-20,FOODS_1_188,2.0,0.0,1.0,1.39,0.81,1.39
2016-04-21,FOODS_1_188,1.0,1.0,1.0,1.39,0.0,1.39
2016-04-22,FOODS_1_188,1.0,3.0,1.0,1.39,0.6,1.39
2016-04-23,FOODS_1_188,0.0,0.0,1.0,1.39,0.58,1.39
2016-04-24,FOODS_1_188,1.0,1.0,1.0,1.39,0.68,1.39
2016-03-28,FOODS_1_189,0.0,1.0,0.43,0.75,0.72,0.75
2016-03-29,FOODS_1_189,0.0,0.0,0.43,0.75,0.63,0.75
2016-03-30,FOODS_1_189,0.0,0.0,0.43,0.75,0.02,0.75
2016-03-31,FOODS_1_189,3.0,0.0,0.43,0.75,0.12,0.75
2016-04-01,FOODS_1_189,4.0,1.0,0.43,0.75,0.58,0.75
2016-04-02,FOODS_1_189,0.0,0.0,0.43,0.75,0.18,0.75
2016-04-03,FOODS_1_189,1.0,1.0,0.43,0.75,0.8,0.75
2016-04-04,FOODS_1_189,0.0,1.0,0.43,0.75,0.67,0.75
2016-04-05,FOODS_1_189,0.0,0.0,0.43,0.75,0.58,0.75
2016-04-06,FOODS_1_189,0.0,0.0,0.43,0.75,0.0,0.75
2016-04-07,FOODS_1_189,1.0,0.0,0.43,0.75,0.08,0.75
2016-04-08,FOODS_1_189,1.0,1.0,0.43,0.75,0.53,0.75
2016-04-09,FOODS_1_189,3.0,0.0,0.43,0.75,0.13,0.75
2016-04-10,FOODS_1_189,0.0,1.0,0.43,0.75,0.76,0.75
2016-04-11,FOODS_1_189,2.0,1.0,0.43,0.75,0.62,0.75
2016-04-12,FOODS_1_189,3.0,0.0,0.43,0.75,0.53,0.75
2016-04-13,FOODS_1_189,0.0,0.0,0.43,0.75,0.0,0.75
2016-04-14,FOODS_1_189,0.0,0.0,0.43,0.75,0.03,0.75
2016-04-15,FOODS_1_189,0.0,1.0,0.43,0.75,0.48,0.75
2016-04-16,FOODS_1_189,2.0,0.0,0.43,0.75,0.09,0.75
2016-04-17,FOODS_1_189,0.0,1.0,0.43,0.75,0.71,0.75
2016-04-18,FOODS_1_189,0.0,1.0,0.43,0.75,0.58,0.75
2016-04-19,FOODS_1_189,4.0,0.0,0.43,0.75,0.48,0.75
2016-04-20,FOODS_1_189,0.0,0.0,0.43,0.75,0.0,0.75
2016-04-21,FOODS_1_189,0.0,0.0,0.43,0.75,0.0,0.75
2016-04-22,FOODS_1_189,0.0,1.0,0.43,0.75,0.44,0.75
2016-04-23,FOODS_1_189,0.0,0.0,0.43,0.75,0.04,0.75
2016-04-24,FOODS_1_189,0.0,1.0,0.43,0.75,0.66,0.75
2016-03-28,FOODS_1_190,0.0,0.0,1.86,1.07,0.83,1.07
2016-03-29,FOODS_1_190,0.0,0.0,1.86,1.07,1.16,1.07
2016-03-30,FOODS_1_190,0.0,0.0,1.86,1.07,0.97,1.07
2016-03-31,FOODS_1_190,0.0,11.0,1.86,1.07,3.04,1.07
2016-04-01,FOODS_1_190,0.0,1.0,1.86,1.07,1.04,1.07
2016-04-02,FOODS_1_190,0.0,0.0,1.86,1.07,2.11,1.07
2016-04-03,FOODS_1_190,0.0,1.0,1.86,1.07,1.95,1.07
2016-04-04,FOODS_1_190,0.0,0.0,1.86,1.07,0.93,1.07
2016-04-05,FOODS_1_190,2.0,0.0,1.86,1.07,1.25,1.07
2016-04-06,FOODS_1_190,0.0,0.0,1.86,1.07,1.06,1.07
2016-04-07,FOODS_1_190,0.0,11.0,1.86,1.07,3.13,1.07
2016-04-08,FOODS_1_190,0.0,1.0,1.86,1.07,1.14,1.07
2016-04-09,FOODS_1_190,0.0,0.0,1.86,1.07,2.2,1.07
2016-04-10,FOODS_1_190,1.0,1.0,1.86,1.07,2.04,1.07
2016-04-11,FOODS_1_190,0.0,0.0,1.86,1.07,1.02,1.07
2016-04-12,FOODS_1_190,0.0,0.0,1.86,1.07,1.34,1.07
2016-04-13,FOODS_1_190,0.0,0.0,1.86,1.07,1.15,1.07
2016-04-14,FOODS_1_190,0.0,11.0,1.86,1.07,3.23,1.07
2016-04-15,FOODS_1_190,0.0,1.0,1.86,1.07,1.23,1.07
2016-04-16,FOODS_1_190,0.0,0.0,1.86,1.07,2.3,1.07
2016-04-17,FOODS_1_190,0.0,1.0,1.86,1.07,2.14,1.07
2016-04-18,FOODS_1_190,0.0,0.0,1.86,1.07,1.12,1.07
2016-04-19,FOODS_1_190,0.0,0.0,1.86,1.07,1.44,1.07
2016-04-20,FOODS_1_190,0.0,0.0,1.86,1.07,1.25,1.07
2016-04-21,FOODS_1_190,0.0,11.0,1.86,1.07,3.32,1.07
2016-04-22,FOODS_1_190,0.0,1.0,1.86,1.07,1.33,1.07
2016-04-23,FOODS_1_190,1.0,0.0,1.86,1.07,2.39,1.07
2016-04-24,FOODS_1_190,0.0,1.0,1.86,1.07,2.23,1.07
2016-03-28,FOODS_1_191,0.0,0.0,0.0,0.18,0.08,0.18
2016-03-29,FOODS_1_191,0.0,0.0,0.0,0.18,0.0,0.18
2016-03-30,FOODS_1_191,0.0,0.0,0.0,0.18,0.33,0.18
2016-03-31,FOODS_1_191,0.0,0.0,0.0,0.18,0.0,0.18
2016-04-01,FOODS_1_191,0.0,0.0,0.0,0.18,0.0,0.18
2016-04-02,FOODS_1_191,0.0,0.0,0.0,0.18,0.0,0.18
2016-04-03,FOODS_1_191,0.0,0.0,0.0,0.18,0.0,0.18
2016-04-04,FOODS_1_191,0.0,0.0,0.0,0.18,0.02,0.18
2016-04-05,FOODS_1_191,0.0,0.0,0.0,0.18,0.0,0.18
2016-04-06,FOODS_1_191,0.0,0.0,0.0,0.18,0.28,0.18
2016-04-07,FOODS_1_191,0.0,0.0,0.0,0.18,0.0,0.18
2016-04-08,FOODS_1_191,0.0,0.0,0.0,0.18,0.0,0.18
2016-04-09,FOODS_1_191,0.0,0.0,0.0,0.18,0.0,0.18
2016-04-10,FOODS_1_191,0.0,0.0,0.0,0.18,0.0,0.18
2016-04-11,FOODS_1_191,0.0,0.0,0.0,0.18,0.0,0.18
2016-04-12,FOODS_1_191,0.0,0.0,0.0,0.18,0.0,0.18
2016-04-13,FOODS_1_191,0.0,0.0,0.0,0.18,0.22,0.18
2016-04-14,FOODS_1_191,0.0,0.0,0.0,0.18,0.0,0.18
2016-04-15,FOODS_1_191,0.0,0.0,0.0,0.18,0.0,0.18
2016-04-16,FOODS_1_191,0.0,0.0,0.0,0.18,0.0,0.18
2016-04-17,FOODS_1_191,0.0,0.0,0.0,0.18,0.0,0.18
2016-04-18,FOODS_1_191,0.0,0.0,0.0,0.18,0.0,0.18
2016-04-19,FOODS_1_191,0.0,0.0,0.0,0.18,0.0,0.18
2016-04-20,FOODS_1_191,0.0,0.0,0.0,0.18,0.17,0.18
2016-04-21,FOODS_1_191,0.0,0.0,0.0,0.18,0.0,0.18
2016-04-22,FOODS_1_191,0.0,0.0,0.0,0.18,0.0,0.18
2016-04-23,FOODS_1_191,1.0,0.0,0.0,0.18,0.0,0.18
2016-04-24,FOODS_1_191,0.0,0.0,0.0,0.18,0.0,0.18
2016-03-28,FOODS_1_192,0.0,0.0,0.0,0.0,0.0,0.0
2016-03-29,FOODS_1_192,0.0,0.0,0.0,0.0,0.0,0.0
2016-03-30,FOODS_1_192,0.0,0.0,0.0,0.0,0.0,0.0
2016-03-31,FOODS_1_192,0.0,0.0,0.0,0.0,0.0,0.0
2016-04-01,FOODS_1_192,0.0,0.0,0.0,0.0,0.0,0.0
2016-04-02,FOODS_1_192,0.0,0.0,0.0,0.0,0.0,0.0
2016-04-03,FOODS_1_192,0.0,0.0,0.0,0.0,0.0,0.0
2016-04-04,FOODS_1_192,0.0,0.0,0.0,0.0,0.0,0.0
2016-04-05,FOODS_1_192,0.0,0.0,0.0,0.0,0.0,0.0
2016-04-06,FOODS_1_192,0.0,0.0,0.0,0.0,0.0,0.0
2016-04-07,FOODS_1_192,0.0,0.0,0.0,0.0,0.0,0.0
2016-04-08,FOODS_1_192,0.0,0.0,0.0,0.0,0.0,0.0
2016-04-09,FOODS_1_192,0.0,0.0,0.0,0.0,0.0,0.0
2016-04-10,FOODS_1_192,0.0,0.0,0.0,0.0,0.0,0.0
2016-04-11,FOODS_1_192,0.0,0.0,0.0,0.0,0.0,0.0
2016-04-12,FOODS_1_192,0.0,0.0,0.0,0.0,0.0,0.0
2016-04-13,FOODS_1_192,0.0,0.0,0.0,0.0,0.0,0.0
2016-04-14,FOODS_1_192,0.0,0.0,0.0,0.0,0.0,0.0
2016-04-15,FOODS_1_192,0.0,0.0,0.0,0.0,0.0,0.0
2016-04-16,FOODS_1_192,0.0,0.0,0.0,0.0,0.0,0.0
2016-04-17,FOODS_1_192,0.0,0.0,0.0,0.0,0.0,0.0
2016-04-18,FOODS_1_192,0.0,0.0,0.0,0.0,0.0,0.0
2016-04-19,FOODS_1_192,0.0,0.0,0.0,0.0,0.0,0.0
2016-04-20,FOODS_1_192,0.0,0.0,0.0,0.0,0.0,0.0
2016-04-21,FOODS_1_192,0.0,0.0,0.0,0.0,0.0,0.0
2016-04-22,FOODS_1_192,0.0,0.0,0.0,0.0,0.0,0.0
2016-04-23,FOODS_1_192,0.0,0.0,0.0,0.0,0.0,0.0
2016-04-24,FOODS_1_192,0.0,0.0,0.0,0.0,0.0,0.0
2016-03-28,FOODS_1_193,0.0,1.0,0.14,0.75,0.0,0.75
2016-03-29,FOODS_1_193,0.0,0.0,0.14,0.75,0.08,0.75
2016-03-30,FOODS_1_193,0.0,0.0,0.14,0.75,0.0,0.75
2016-03-31,FOODS_1_193,2.0,0.0,0.14,0.75,0.0,0.75
2016-04-01,FOODS_1_193,2.0,0.0,0.14,0.75,0.43,0.75
2016-04-02,FOODS_1_193,1.0,0.0,0.14,0.75,0.0,0.75
2016-04-03,FOODS_1_193,0.0,0.0,0.14,0.75,0.0,0.75
2016-04-04,FOODS_1_193,0.0,1.0,0.14,0.75,0.0,0.75
2016-04-05,FOODS_1_193,0.0,0.0,0.14,0.75,0.0,0.75
2016-04-06,FOODS_1_193,1.0,0.0,0.14,0.75,0.0,0.75
2016-04-07,FOODS_1_193,0.0,0.0,0.14,0.75,0.0,0.75
2016-04-08,FOODS_1_193,1.0,0.0,0.14,0.75,0.19,0.75
2016-04-09,FOODS_1_193,3.0,0.0,0.14,0.75,0.0,0.75
2016-04-10,FOODS_1_193,0.0,0.0,0.14,0.75,0.0,0.75
2016-04-11,FOODS_1_193,0.0,1.0,0.14,0.75,0.0,0.75
2016-04-12,FOODS_1_193,0.0,0.0,0.14,0.75,0.0,0.75
2016-04-13,FOODS_1_193,0.0,0.0,0.14,0.75,0.0,0.75
2016-04-14,FOODS_1_193,0.0,0.0,0.14,0.75,0.0,0.75
2016-04-15,FOODS_1_193,1.0,0.0,0.14,0.75,0.0,0.75
2016-04-16,FOODS_1_193,0.0,0.0,0.14,0.75,0.0,0.75
2016-04-17,FOODS_1_193,0.0,0.0,0.14,0.75,0.0,0.75
2016-04-18,FOODS_1_193,4.0,1.0,0.14,0.75,0.0,0.75
2016-04-19,FOODS_1_193,1.0,0.0,0.14,0.75,0.0,0.75
2016-04-20,FOODS_1_193,1.0,0.0,0.14,0.75,0.0,0.75
2016-04-21,FOODS_1_193,1.0,0.0,0.14,0.75,0.0,0.75
2016-04-22,FOODS_1_193,0.0,0.0,0.14,0.75,0.0,0.75
2016-04-23,FOODS_1_193,0.0,0.0,0.14,0.75,0.0,0.75
2016-04-24,FOODS_1_193,0.0,0.0,0.14,0.75,0.0,0.75
2016-03-28,FOODS_1_194,0.0,5.0,2.43,2.89,2.35,2.89
2016-03-29,FOODS_1_194,0.0,2.0,2.43,2.89,1.53,2.89
2016-03-30,FOODS_1_194,0.0,2.0,2.43,2.89,1.56,2.89
2016-03-31,FOODS_1_194,0.0,2.0,2.43,2.89,2.14,2.89
2016-04-01,FOODS_1_194,0.0,5.0,2.43,2.89,1.7,2.89
2016-04-02,FOODS_1_194,5.0,1.0,2.43,2.89,2.04,2.89
2016-04-03,FOODS_1_194,3.0,0.0,2.43,2.89,3.4,2.89
2016-04-04,FOODS_1_194,0.0,5.0,2.43,2.89,2.16,2.89
2016-04-05,FOODS_1_194,1.0,2.0,2.43,2.89,1.33,2.89
2016-04-06,FOODS_1_194,2.0,2.0,2.43,2.89,1.37,2.89
2016-04-07,FOODS_1_194,2.0,2.0,2.43,2.89,1.95,2.89
2016-04-08,FOODS_1_194,1.0,5.0,2.43,2.89,1.5,2.89
2016-04-09,FOODS_1_194,3.0,1.0,2.43,2.89,1.85,2.89
2016-04-10,FOODS_1_194,1.0,0.0,2.43,2.89,3.21,2.89
2016-04-11,FOODS_1_194,5.0,5.0,2.43,2.89,1.96,2.89
2016-04-12,FOODS_1_194,0.0,2.0,2.43,2.89,1.14,2.89
2016-04-13,FOODS_1_194,6.0,2.0,2.43,2.89,1.18,2.89
2016-04-14,FOODS_1_194,5.0,2.0,2.43,2.89,1.76,2.89
2016-04-15,FOODS_1_194,8.0,5.0,2.43,2.89,1.31,2.89
2016-04-16,FOODS_1_194,3.0,1.0,2.43,2.89,1.66,2.89
2016-04-17,FOODS_1_194,1.0,0.0,2.43,2.89,3.02,2.89
2016-04-18,FOODS_1_194,2.0,5.0,2.43,2.89,1.77,2.89
2016-04-19,FOODS_1_194,3.0,2.0,2.43,2.89,0.95,2.89
2016-04-20,FOODS_1_194,0.0,2.0,2.43,2.89,0.99,2.89
2016-04-21,FOODS_1_194,1.0,2.0,2.43,2.89,1.57,2.89
2016-04-22,FOODS_1_194,1.0,5.0,2.43,2.89,1.12,2.89
2016-04-23,FOODS_1_194,3.0,1.0,2.43,2.89,1.46,2.89
2016-04-24,FOODS_1_194,0.0,0.0,2.43,2.89,2.83,2.89
2016-03-28,FOODS_1_195,0.0,0.0,1.29,1.21,1.37,1.21
2016-03-29,FOODS_1_195,0.0,1.0,1.29,1.21,1.67,1.21
2016-03-30,FOODS_1_195,0.0,1.0,1.29,1.21,1.31,1.21
2016-03-31,FOODS_1_195,1.0,1.0,1.29,1.21,1.43,1.21
2016-04-01,FOODS_1_195,4.0,1.0,1.29,1.21,2.7,1.21
2016-04-02,FOODS_1_195,0.0,1.0,1.29,1.21,1.78,1.21
2016-04-03,FOODS_1_195,3.0,4.0,1.29,1.21,1.38,1.21
2016-04-04,FOODS_1_195,0.0,0.0,1.29,1.21,1.5,1.21
2016-04-05,FOODS_1_195,2.0,1.0,1.29,1.21,1.8,1.21
2016-04-06,FOODS_1_195,2.0,1.0,1.29,1.21,1.44,1.21
2016-04-07,FOODS_1_195,3.0,1.0,1.29,1.21,1.56,1.21
2016-04-08,FOODS_1_195,1.0,1.0,1.29,1.21,2.83,1.21
2016-04-09,FOODS_1_195,1.0,1.0,1.29,1.21,1.91,1.21
2016-04-10,FOODS_1_195,0.0,4.0,1.29,1.21,1.51,1.21
2016-04-11,FOODS_1_195,0.0,0.0,1.29,1.21,1.63,1.21
2016-04-12,FOODS_1_195,1.0,1.0,1.29,1.21,1.93,1.21
2016-04-13,FOODS_1_195,2.0,1.0,1.29,1.21,1.57,1.21
2016-04-14,FOODS_1_195,2.0,1.0,1.29,1.21,1.69,1.21
2016-04-15,FOODS_1_195,1.0,1.0,1.29,1.21,2.96,1.21
2016-04-16,FOODS_1_195,1.0,1.0,1.29,1.21,2.04,1.21
2016-04-17,FOODS_1_195,0.0,4.0,1.29,1.21,1.64,1.21
2016-04-18,FOODS_1_195,0.0,0.0,1.29,1.21,1.76,1.21
2016-04-19,FOODS_1_195,1.0,1.0,1.29,1.21,2.06,1.21
2016-04-20,FOODS_1_195,1.0,1.0,1.29,1.21,1.7,1.21
2016-04-21,FOODS_1_195,0.0,1.0,1.29,1.21,1.81,1.21
2016-04-22,FOODS_1_195,1.0,1.0,1.29,1.21,3.09,1.21
2016-04-23,FOODS_1_195,1.0,1.0,1.29,1.21,2.17,1.21
2016-04-24,FOODS_1_195,0.0,4.0,1.29,1.21,1.77,1.21
2016-03-28,FOODS_1_196,0.0,2.0,2.0,1.36,2.11,1.36
2016-03-29,FOODS_1_196,0.0,3.0,2.0,1.36,1.64,1.36
2016-03-30,FOODS_1_196,5.0,1.0,2.0,1.36,1.95,1.36
2016-03-31,FOODS_1_196,0.0,1.0,2.0,1.36,1.86,1.36
2016-04-01,FOODS_1_196,0.0,4.0,2.0,1.36,2.35,1.36
2016-04-02,FOODS_1_196,0.0,0.0,2.0,1.36,1.55,1.36
2016-04-03,FOODS_1_196,2.0,3.0,2.0,1.36,2.41,1.36
2016-04-04,FOODS_1_196,1.0,2.0,2.0,1.36,2.31,1.36
2016-04-05,FOODS_1_196,0.0,3.0,2.0,1.36,1.84,1.36
2016-04-06,FOODS_1_196,4.0,1.0,2.0,1.36,2.15,1.36
2016-04-07,FOODS_1_196,2.0,1.0,2.0,1.36,2.06,1.36
2016-04-08,FOODS_1_196,1.0,4.0,2.0,1.36,2.55,1.36
2016-04-09,FOODS_1_196,3.0,0.0,2.0,1.36,1.74,1.36
2016-04-10,FOODS_1_196,0.0,3.0,2.0,1.36,2.61,1.36
2016-04-11,FOODS_1_196,1.0,2.0,2.0,1.36,2.51,1.36
2016-04-12,FOODS_1_196,2.0,3.0,2.0,1.36,2.04,1.36
2016-04-13,FOODS_1_196,1.0,1.0,2.0,1.36,2.35,1.36
2016-04-14,FOODS_1_196,0.0,1.0,2.0,1.36,2.25,1.36
2016-04-15,FOODS_1_196,3.0,4.0,2.0,1.36,2.75,1.36
2016-04-16,FOODS_1_196,0.0,0.0,2.0,1.36,1.94,1.36
2016-04-17,FOODS_1_196,0.0,3.0,2.0,1.36,2.81,1.36
2016-04-18,FOODS_1_196,2.0,2.0,2.0,1.36,2.71,1.36
2016-04-19,FOODS_1_196,0.0,3.0,2.0,1.36,2.24,1.36
2016-04-20,FOODS_1_196,0.0,1.0,2.0,1.36,2.55,1.36
2016-04-21,FOODS_1_196,2.0,1.0,2.0,1.36,2.45,1.36
2016-04-22,FOODS_1_196,1.0,4.0,2.0,1.36,2.94,1.36
2016-04-23,FOODS_1_196,0.0,0.0,2.0,1.36,2.14,1.36
2016-04-24,FOODS_1_196,0.0,3.0,2.0,1.36,3.01,1.36
2016-03-28,FOODS_1_197,1.0,0.0,0.0,0.32,0.0,0.32
2016-03-29,FOODS_1_197,1.0,0.0,0.0,0.32,0.09,0.32
2016-03-30,FOODS_1_197,3.0,0.0,0.0,0.32,0.0,0.32
2016-03-31,FOODS_1_197,1.0,0.0,0.0,0.32,0.0,0.32
2016-04-01,FOODS_1_197,0.0,0.0,0.0,0.32,0.0,0.32
2016-04-02,FOODS_1_197,1.0,0.0,0.0,0.32,0.0,0.32
2016-04-03,FOODS_1_197,0.0,0.0,0.0,0.32,0.0,0.32
2016-04-04,FOODS_1_197,2.0,0.0,0.0,0.32,0.0,0.32
2016-04-05,FOODS_1_197,0.0,0.0,0.0,0.32,0.0,0.32
2016-04-06,FOODS_1_197,0.0,0.0,0.0,0.32,0.0,0.32
2016-04-07,FOODS_1_197,1.0,0.0,0.0,0.32,0.0,0.32
2016-04-08,FOODS_1_197,1.0,0.0,0.0,0.32,0.0,0.32
2016-04-09,FOODS_1_197,1.0,0.0,0.0,0.32,0.0,0.32
2016-04-10,FOODS_1_197,0.0,0.0,0.0,0.32,0.0,0.32
2016-04-11,FOODS_1_197,0.0,0.0,0.0,0.32,0.0,0.32
2016-04-12,FOODS_1_197,0.0,0.0,0.0,0.32,0.0,0.32
2016-04-13,FOODS_1_197,0.0,0.0,0.0,0.32,0.0,0.32
2016-04-14,FOODS_1_197,0.0,0.0,0.0,0.32,0.0,0.32
2016-04-15,FOODS_1_197,0.0,0.0,0.0,0.32,0.0,0.32
2016-04-16,FOODS_1_197,0.0,0.0,0.0,0.32,0.0,0.32
2016-04-17,FOODS_1_197,0.0,0.0,0.0,0.32,0.0,0.32
2016-04-18,FOODS_1_197,0.0,0.0,0.0,0.32,0.0,0.32
2016-04-19,FOODS_1_197,0.0,0.0,0.0,0.32,0.0,0.32
2016-04-20,FOODS_1_197,0.0,0.0,0.0,0.32,0.0,0.32
2016-04-21,FOODS_1_197,3.0,0.0,0.0,0.32,0.0,0.32
2016-04-22,FOODS_1_197,0.0,0.0,0.0,0.32,0.0,0.32
2016-04-23,FOODS_1_197,0.0,0.0,0.0,0.32,0.0,0.32
2016-04-24,FOODS_1_197,1.0,0.0,0.0,0.32,0.0,0.32
2016-03-28,FOODS_1_198,1.0,1.0,1.29,0.93,1.53,0.93
2016-03-29,FOODS_1_198,0.0,1.0,1.29,0.93,1.17,0.93
2016-03-30,FOODS_1_198,1.0,2.0,1.29,0.93,1.26,0.93
2016-03-31,FOODS_1_198,2.0,0.0,1.29,0.93,1.23,0.93
2016-04-01,FOODS_1_198,0.0,2.0,1.29,0.93,1.75,0.93
2016-04-02,FOODS_1_198,1.0,2.0,1.29,0.93,1.61,0.93
2016-04-03,FOODS_1_198,0.0,1.0,1.29,0.93,1.06,0.93
2016-04-04,FOODS_1_198,0.0,1.0,1.29,0.93,1.61,0.93
2016-04-05,FOODS_1_198,0.0,1.0,1.29,0.93,1.26,0.93
2016-04-06,FOODS_1_198,0.0,2.0,1.29,0.93,1.34,0.93
2016-04-07,FOODS_1_198,0.0,0.0,1.29,0.93,1.32,0.93
2016-04-08,FOODS_1_198,0.0,2.0,1.29,0.93,1.84,0.93
2016-04-09,FOODS_1_198,2.0,2.0,1.29,0.93,1.69,0.93
2016-04-10,FOODS_1_198,1.0,1.0,1.29,0.93,1.15,0.93
2016-04-11,FOODS_1_198,3.0,1.0,1.29,0.93,1.7,0.93
2016-04-12,FOODS_1_198,1.0,1.0,1.29,0.93,1.34,0.93
2016-04-13,FOODS_1_198,3.0,2.0,1.29,0.93,1.43,0.93
2016-04-14,FOODS_1_198,0.0,0.0,1.29,0.93,1.41,0.93
2016-04-15,FOODS_1_198,0.0,2.0,1.29,0.93,1.92,0.93
2016-04-16,FOODS_1_198,0.0,2.0,1.29,0.93,1.78,0.93
2016-04-17,FOODS_1_198,1.0,1.0,1.29,0.93,1.23,0.93
2016-04-18,FOODS_1_198,0.0,1.0,1.29,0.93,1.79,0.93
2016-04-19,FOODS_1_198,0.0,1.0,1.29,0.93,1.43,0.93
2016-04-20,FOODS_1_198,0.0,2.0,1.29,0.93,1.52,0.93
2016-04-21,FOODS_1_198,1.0,0.0,1.29,0.93,1.49,0.93
2016-04-22,FOODS_1_198,0.0,2.0,1.29,0.93,2.01,0.93
2016-04-23,FOODS_1_198,2.0,2.0,1.29,0.93,1.87,0.93
2016-04-24,FOODS_1_198,0.0,1.0,1.29,0.93,1.32,0.93
2016-03-28,FOODS_1_199,4.0,0.0,0.0,0.5,0.48,0.5
2016-03-29,FOODS_1_199,0.0,0.0,0.0,0.5,0.0,0.5
2016-03-30,FOODS_1_199,0.0,0.0,0.0,0.5,0.17,0.5
2016-03-31,FOODS_1_199,0.0,0.0,0.0,0.5,0.0,0.5
2016-04-01,FOODS_1_199,1.0,0.0,0.0,0.5,0.0,0.5
2016-04-02,FOODS_1_199,2.0,0.0,0.0,0.5,0.0,0.5
2016-04-03,FOODS_1_199,0.0,0.0,0.0,0.5,0.0,0.5
2016-04-04,FOODS_1_199,1.0,0.0,0.0,0.5,0.33,0.5
2016-04-05,FOODS_1_199,0.0,0.0,0.0,0.5,0.0,0.5
2016-04-06,FOODS_1_199,0.0,0.0,0.0,0.5,0.02,0.5
2016-04-07,FOODS_1_199,0.0,0.0,0.0,0.5,0.0,0.5
2016-04-08,FOODS_1_199,1.0,0.0,0.0,0.5,0.0,0.5
2016-04-09,FOODS_1_199,0.0,0.0,0.0,0.5,0.0,0.5
2016-04-10,FOODS_1_199,0.0,0.0,0.0,0.5,0.0,0.5
2016-04-11,FOODS_1_199,0.0,0.0,0.0,0.5,0.18,0.5
2016-04-12,FOODS_1_199,0.0,0.0,0.0,0.5,0.0,0.5
2016-04-13,FOODS_1_199,0.0,0.0,0.0,0.5,0.0,0.5
2016-04-14,FOODS_1_199,0.0,0.0,0.0,0.5,0.0,0.5
2016-04-15,FOODS_1_199,0.0,0.0,0.0,0.5,0.0,0.5
2016-04-16,FOODS_1_199,0.0,0.0,0.0,0.5,0.0,0.5
2016-04-17,FOODS_1_199,0.0,0.0,0.0,0.5,0.0,0.5
2016-04-18,FOODS_1_199,0.0,0.0,0.0,0.5,0.04,0.5
2016-04-19,FOODS_1_199,0.0,0.0,0.0,0.5,0.0,0.5
2016-04-20,FOODS_1_199,0.0,0.0,0.0,0.5,0.0,0.5
2016-04-21,FOODS_1_199,0.0,0.0,0.0,0.5,0.0,0.5
2016-04-22,FOODS_1_199,0.0,0.0,0.0,0.5,0.0,0.5
2016-04-23,FOODS_1_199,0.0,0.0,0.0,0.5,0.0,0.5
2016-04-24,FOODS_1_199,3.0,0.0,0.0,0.5,0.0,0.5
2016-03-28,FOODS_1_200,5.0,14.0,22.86,14.54,22.76,14.54
2016-03-29,FOODS_1_200,5.0,14.0,22.86,14.54,23.63,14.54
2016-03-30,FOODS_1_200,4.0,15.0,22.86,14.54,23.56,14.54
2016-03-31,FOODS_1_200,12.0,13.0,22.86,14.54,26.46,14.54
2016-04-01,FOODS_1_200,3.0,22.0,22.86,14.54,30.62,14.54
2016-04-02,FOODS_1_200,3.0,51.0,22.86,14.54,40.5,14.54
2016-04-03,FOODS_1_200,10.0,31.0,22.86,14.54,29.9,14.54
2016-04-04,FOODS_1_200,3.0,14.0,22.86,14.54,26.91,14.54
2016-04-05,FOODS_1_200,5.0,14.0,22.86,14.54,27.79,14.54
2016-04-06,FOODS_1_200,4.0,15.0,22.86,14.54,27.71,14.54
2016-04-07,FOODS_1_200,5.0,13.0,22.86,14.54,30.61,14.54
2016-04-08,FOODS_1_200,9.0,22.0,22.86,14.54,34.77,14.54
2016-04-09,FOODS_1_200,20.0,51.0,22.86,14.54,44.65,14.54
2016-04-10,FOODS_1_200,11.0,31.0,22.86,14.54,34.05,14.54
2016-04-11,FOODS_1_200,7.0,14.0,22.86,14.54,31.06,14.54
2016-04-12,FOODS_1_200,9.0,14.0,22.86,14.54,31.94,14.54
2016-04-13,FOODS_1_200,6.0,15.0,22.86,14.54,31.86,14.54
2016-04-14,FOODS_1_200,13.0,13.0,22.86,14.54,34.77,14.54
2016-04-15,FOODS_1_200,13.0,22.0,22.86,14.54,38.93,14.54
2016-04-16,FOODS_1_200,12.0,51.0,22.86,14.54,48.8,14.54
2016-04-17,FOODS_1_200,8.0,31.0,22.86,14.54,38.2,14.54
2016-04-18,FOODS_1_200,7.0,14.0,22.86,14.54,35.22,14.54
2016-04-19,FOODS_1_200,5.0,14.0,22.86,14.54,36.09,14.54
2016-04-20,FOODS_1_200,11.0,15.0,22.86,14.54,36.01,14.54
2016-04-21,FOODS_1_200,4.0,13.0,22.86,14.54,38.92,14.54
2016-04-22,FOODS_1_200,7.0,22.0,22.86,14.54,43.08,14.54
2016-04-23,FOODS_1_200,6.0,51.0,22.86,14.54,52.95,14.54
2016-04-24,FOODS_1_200,11.0,31.0,22.86,14.54,42.35,14.54
2016-03-28,FOODS_1_201,2.0,3.0,2.71,2.29,2.98,2.29
2016-03-29,FOODS_1_201,2.0,2.0,2.71,2.29,2.58,2.29
2016-03-30,FOODS_1_201,5.0,2.0,2.71,2.29,3.12,2.29
2016-03-31,FOODS_1_201,1.0,1.0,2.71,2.29,2.41,2.29
2016-04-01,FOODS_1_201,5.0,1.0,2.71,2.29,2.44,2.29
2016-04-02,FOODS_1_201,3.0,4.0,2.71,2.29,4.17,2.29
2016-04-03,FOODS_1_201,0.0,6.0,2.71,2.29,2.94,2.29
2016-04-04,FOODS_1_201,0.0,3.0,2.71,2.29,3.27,2.29
2016-04-05,FOODS_1_201,0.0,2.0,2.71,2.29,2.87,2.29
2016-04-06,FOODS_1_201,0.0,2.0,2.71,2.29,3.41,2.29
2016-04-07,FOODS_1_201,0.0,1.0,2.71,2.29,2.7,2.29
2016-04-08,FOODS_1_201,0.0,1.0,2.71,2.29,2.73,2.29
2016-04-09,FOODS_1_201,2.0,4.0,2.71,2.29,4.46,2.29
2016-04-10,FOODS_1_201,3.0,6.0,2.71,2.29,3.23,2.29
2016-04-11,FOODS_1_201,1.0,3.0,2.71,2.29,3.56,2.29
2016-04-12,FOODS_1_201,4.0,2.0,2.71,2.29,3.16,2.29
2016-04-13,FOODS_1_201,0.0,2.0,2.71,2.29,3.7,2.29
2016-04-14,FOODS_1_201,1.0,1.0,2.71,2.29,2.99,2.29
2016-04-15,FOODS_1_201,3.0,1.0,2.71,2.29,3.02,2.29
2016-04-16,FOODS_1_201,4.0,4.0,2.71,2.29,4.75,2.29
2016-04-17,FOODS_1_201,3.0,6.0,2.71,2.29,3.52,2.29
2016-04-18,FOODS_1_201,3.0,3.0,2.71,2.29,3.85,2.29
2016-04-19,FOODS_1_201,2.0,2.0,2.71,2.29,3.45,2.29
2016-04-20,FOODS_1_201,3.0,2.0,2.71,2.29,3.99,2.29
2016-04-21,FOODS_1_201,2.0,1.0,2.71,2.29,3.28,2.29
2016-04-22,FOODS_1_201,0.0,1.0,2.71,2.29,3.31,2.29
2016-04-23,FOODS_1_201,6.0,4.0,2.71,2.29,5.04,2.29
2016-04-24,FOODS_1_201,2.0,6.0,2.71,2.29,3.81,2.29
2016-03-28,FOODS_1_202,0.0,0.0,0.0,0.43,0.0,0.43
2016-03-29,FOODS_1_202,0.0,0.0,0.0,0.43,0.0,0.43
2016-03-30,FOODS_1_202,0.0,0.0,0.0,0.43,0.0,0.43
2016-03-31,FOODS_1_202,1.0,0.0,0.0,0.43,0.0,0.43
2016-04-01,FOODS_1_202,1.0,0.0,0.0,0.43,0.0,0.43
2016-04-02,FOODS_1_202,0.0,0.0,0.0,0.43,0.0,0.43
2016-04-03,FOODS_1_202,4.0,0.0,0.0,0.43,0.0,0.43
2016-04-04,FOODS_1_202,0.0,0.0,0.0,0.43,0.0,0.43
2016-04-05,FOODS_1_202,0.0,0.0,0.0,0.43,0.0,0.43
2016-04-06,FOODS_1_202,0.0,0.0,0.0,0.43,0.0,0.43
2016-04-07,FOODS_1_202,0.0,0.0,0.0,0.43,0.0,0.43
2016-04-08,FOODS_1_202,0.0,0.0,0.0,0.43,0.0,0.43
2016-04-09,FOODS_1_202,2.0,0.0,0.0,0.43,0.0,0.43
2016-04-10,FOODS_1_202,0.0,0.0,0.0,0.43,0.0,0.43
2016-04-11,FOODS_1_202,0.0,0.0,0.0,0.43,0.0,0.43
2016-04-12,FOODS_1_202,0.0,0.0,0.0,0.43,0.0,0.43
2016-04-13,FOODS_1_202,0.0,0.0,0.0,0.43,0.0,0.43
2016-04-14,FOODS_1_202,1.0,0.0,0.0,0.43,0.0,0.43
2016-04-15,FOODS_1_202,2.0,0.0,0.0,0.43,0.0,0.43
2016-04-16,FOODS_1_202,0.0,0.0,0.0,0.43,0.0,0.43
2016-04-17,FOODS_1_202,1.0,0.0,0.0,0.43,0.0,0.43
2016-04-18,FOODS_1_202,0.0,0.0,0.0,0.43,0.0,0.43
2016-04-19,FOODS_1_202,0.0,0.0,0.0,0.43,0.0,0.43
2016-04-20,FOODS_1_202,0.0,0.0,0.0,0.43,0.0,0.43
2016-04-21,FOODS_1_202,3.0,0.0,0.0,0.43,0.0,0.43
2016-04-22,FOODS_1_202,1.0,0.0,0.0,0.43,0.0,0.43
2016-04-23,FOODS_1_202,0.0,0.0,0.0,0.43,0.0,0.43
2016-04-24,FOODS_1_202,7.0,0.0,0.0,0.43,0.0,0.43
2016-03-28,FOODS_1_203,1.0,0.0,1.14,1.43,0.69,1.43
2016-03-29,FOODS_1_203,0.0,0.0,1.14,1.43,0.35,1.43
2016-03-30,FOODS_1_203,1.0,0.0,1.14,1.43,1.46,1.43
2016-03-31,FOODS_1_203,0.0,1.0,1.14,1.43,1.44,1.43
2016-04-01,FOODS_1_203,2.0,6.0,1.14,1.43,3.09,1.43
2016-04-02,FOODS_1_203,0.0,0.0,1.14,1.43,0.82,1.43
2016-04-03,FOODS_1_203,1.0,1.0,1.14,1.43,1.95,1.43
2016-04-04,FOODS_1_203,0.0,0.0,1.14,1.43,0.72,1.43
2016-04-05,FOODS_1_203,3.0,0.0,1.14,1.43,0.38,1.43
2016-04-06,FOODS_1_203,3.0,0.0,1.14,1.43,1.5,1.43
2016-04-07,FOODS_1_203,0.0,1.0,1.14,1.43,1.47,1.43
2016-04-08,FOODS_1_203,0.0,6.0,1.14,1.43,3.13,1.43
2016-04-09,FOODS_1_203,0.0,0.0,1.14,1.43,0.85,1.43
2016-04-10,FOODS_1_203,0.0,1.0,1.14,1.43,1.98,1.43
2016-04-11,FOODS_1_203,1.0,0.0,1.14,1.43,0.76,1.43
2016-04-12,FOODS_1_203,1.0,0.0,1.14,1.43,0.42,1.43
2016-04-13,FOODS_1_203,1.0,0.0,1.14,1.43,1.53,1.43
2016-04-14,FOODS_1_203,0.0,1.0,1.14,1.43,1.51,1.43
2016-04-15,FOODS_1_203,0.0,6.0,1.14,1.43,3.16,1.43
2016-04-16,FOODS_1_203,0.0,0.0,1.14,1.43,0.89,1.43
2016-04-17,FOODS_1_203,3.0,1.0,1.14,1.43,2.02,1.43
2016-04-18,FOODS_1_203,0.0,0.0,1.14,1.43,0.8,1.43
2016-04-19,FOODS_1_203,0.0,0.0,1.14,1.43,0.46,1.43
2016-04-20,FOODS_1_203,3.0,0.0,1.14,1.43,1.57,1.43
2016-04-21,FOODS_1_203,0.0,1.0,1.14,1.43,1.55,1.43
2016-04-22,FOODS_1_203,0.0,6.0,1.14,1.43,3.2,1.43
2016-04-23,FOODS_1_203,4.0,0.0,1.14,1.43,0.93,1.43
2016-04-24,FOODS_1_203,0.0,1.0,1.14,1.43,2.06,1.43
2016-03-28,FOODS_1_204,1.0,1.0,3.14,4.29,0.39,4.29
2016-03-29,FOODS_1_204,2.0,4.0,3.14,4.29,1.14,4.29
2016-03-30,FOODS_1_204,1.0,8.0,3.14,4.29,2.19,4.29
2016-03-31,FOODS_1_204,9.0,2.0,3.14,4.29,0.04,4.29
2016-04-01,FOODS_1_204,4.0,3.0,3.14,4.29,3.3,4.29
2016-04-02,FOODS_1_204,5.0,3.0,3.14,4.29,4.67,4.29
2016-04-03,FOODS_1_204,4.0,1.0,3.14,4.29,2.99,4.29
2016-04-04,FOODS_1_204,2.0,1.0,3.14,4.29,0.0,4.29
2016-04-05,FOODS_1_204,2.0,4.0,3.14,4.29,0.52,4.29
2016-04-06,FOODS_1_204,3.0,8.0,3.14,4.29,1.57,4.29
2016-04-07,FOODS_1_204,0.0,2.0,3.14,4.29,0.0,4.29
2016-04-08,FOODS_1_204,3.0,3.0,3.14,4.29,2.68,4.29
2016-04-09,FOODS_1_204,4.0,3.0,3.14,4.29,4.05,4.29
2016-04-10,FOODS_1_204,8.0,1.0,3.14,4.29,2.37,4.29
2016-04-11,FOODS_1_204,11.0,1.0,3.14,4.29,0.0,4.29
2016-04-12,FOODS_1_204,2.0,4.0,3.14,4.29,0.0,4.29
2016-04-13,FOODS_1_204,4.0,8.0,3.14,4.29,0.94,4.29
2016-04-14,FOODS_1_204,7.0,2.0,3.14,4.29,0.0,4.29
2016-04-15,FOODS_1_204,2.0,3.0,3.14,4.29,2.06,4.29
2016-04-16,FOODS_1_204,3.0,3.0,3.14,4.29,3.42,4.29
2016-04-17,FOODS_1_204,2.0,1.0,3.14,4.29,1.75,4.29
2016-04-18,FOODS_1_204,2.0,1.0,3.14,4.29,0.0,4.29
2016-04-19,FOODS_1_204,1.0,4.0,3.14,4.29,0.0,4.29
2016-04-20,FOODS_1_204,2.0,8.0,3.14,4.29,0.32,4.29
2016-04-21,FOODS_1_204,0.0,2.0,3.14,4.29,0.0,4.29
2016-04-22,FOODS_1_204,1.0,3.0,3.14,4.29,1.43,4.29
2016-04-23,FOODS_1_204,3.0,3.0,3.14,4.29,2.8,4.29
2016-04-24,FOODS_1_204,7.0,1.0,3.14,4.29,1.12,4.29
2016-03-28,FOODS_1_205,1.0,0.0,1.29,0.89,1.62,0.89
2016-03-29,FOODS_1_205,0.0,0.0,1.29,0.89,1.38,0.89
2016-03-30,FOODS_1_205,0.0,1.0,1.29,0.89,1.69,0.89
2016-03-31,FOODS_1_205,0.0,0.0,1.29,0.89,1.89,0.89
2016-04-01,FOODS_1_205,0.0,0.0,1.29,0.89,1.22,0.89
2016-04-02,FOODS_1_205,0.0,5.0,1.29,0.89,2.97,0.89
2016-04-03,FOODS_1_205,0.0,3.0,1.29,0.89,1.92,0.89
2016-04-04,FOODS_1_205,0.0,0.0,1.29,0.89,1.94,0.89
2016-04-05,FOODS_1_205,1.0,0.0,1.29,0.89,1.7,0.89
2016-04-06,FOODS_1_205,0.0,1.0,1.29,0.89,2.01,0.89
2016-04-07,FOODS_1_205,0.0,0.0,1.29,0.89,2.21,0.89
2016-04-08,FOODS_1_205,0.0,0.0,1.29,0.89,1.54,0.89
2016-04-09,FOODS_1_205,1.0,5.0,1.29,0.89,3.29,0.89
2016-04-10,FOODS_1_205,1.0,3.0,1.29,0.89,2.23,0.89
2016-04-11,FOODS_1_205,3.0,0.0,1.29,0.89,2.26,0.89
2016-04-12,FOODS_1_205,0.0,0.0,1.29,0.89,2.02,0.89
2016-04-13,FOODS_1_205,0.0,1.0,1.29,0.89,2.33,0.89
2016-04-14,FOODS_1_205,0.0,0.0,1.29,0.89,2.53,0.89
2016-04-15,FOODS_1_205,0.0,0.0,1.29,0.89,1.86,0.89
2016-04-16,FOODS_1_205,0.0,5.0,1.29,0.89,3.61,0.89
2016-04-17,FOODS_1_205,0.0,3.0,1.29,0.89,2.55,0.89
2016-04-18,FOODS_1_205,1.0,0.0,1.29,0.89,2.58,0.89
2016-04-19,FOODS_1_205,0.0,0.0,1.29,0.89,2.33,0.89
2016-04-20,FOODS_1_205,0.0,1.0,1.29,0.89,2.64,0.89
2016-04-21,FOODS_1_205,1.0,0.0,1.29,0.89,2.85,0.89
2016-04-22,FOODS_1_205,1.0,0.0,1.29,0.89,2.17,0.89
2016-04-23,FOODS_1_205,2.0,5.0,1.29,0.89,3.92,0.89
2016-04-24,FOODS_1_205,0.0,3.0,1.29,0.89,2.87,0.89
2016-03-28,FOODS_1_206,0.0,2.0,3.43,2.14,3.04,2.14
2016-03-29,FOODS_1_206,0.0,4.0,3.43,2.14,3.23,2.14
2016-03-30,FOODS_1_206,0.0,1.0,3.43,2.14,2.92,2.14
2016-03-31,FOODS_1_206,2.0,1.0,3.43,2.14,2.93,2.14
2016-04-01,FOODS_1_206,11.0,5.0,3.43,2.14,4.42,2.14
2016-04-02,FOODS_1_206,2.0,9.0,3.43,2.14,6.44,2.14
2016-04-03,FOODS_1_206,0.0,2.0,3.43,2.14,3.8,2.14
2016-04-04,FOODS_1_206,1.0,2.0,3.43,2.14,3.5,2.14
2016-04-05,FOODS_1_206,2.0,4.0,3.43,2.14,3.69,2.14
2016-04-06,FOODS_1_206,5.0,1.0,3.43,2.14,3.38,2.14
2016-04-07,FOODS_1_206,2.0,1.0,3.43,2.14,3.39,2.14
2016-04-08,FOODS_1_206,1.0,5.0,3.43,2.14,4.88,2.14
2016-04-09,FOODS_1_206,10.0,9.0,3.43,2.14,6.9,2.14
2016-04-10,FOODS_1_206,3.0,2.0,3.43,2.14,4.26,2.14
2016-04-11,FOODS_1_206,2.0,2.0,3.43,2.14,3.96,2.14
2016-04-12,FOODS_1_206,0.0,4.0,3.43,2.14,4.15,2.14
2016-04-13,FOODS_1_206,2.0,1.0,3.43,2.14,3.84,2.14
2016-04-14,FOODS_1_206,2.0,1.0,3.43,2.14,3.85,2.14
2016-04-15,FOODS_1_206,4.0,5.0,3.43,2.14,5.34,2.14
2016-04-16,FOODS_1_206,0.0,9.0,3.43,2.14,7.36,2.14
2016-04-17,FOODS_1_206,0.0,2.0,3.43,2.14,4.73,2.14
2016-04-18,FOODS_1_206,1.0,2.0,3.43,2.14,4.42,2.14
2016-04-19,FOODS_1_206,2.0,4.0,3.43,2.14,4.61,2.14
2016-04-20,FOODS_1_206,1.0,1.0,3.43,2.14,4.31,2.14
2016-04-21,FOODS_1_206,3.0,1.0,3.43,2.14,4.31,2.14
2016-04-22,FOODS_1_206,2.0,5.0,3.43,2.14,5.8,2.14
2016-04-23,FOODS_1_206,8.0,9.0,3.43,2.14,7.82,2.14
2016-04-24,FOODS_1_206,1.0,2.0,3.43,2.14,5.19,2.14
2016-03-28,FOODS_1_207,1.0,2.0,4.57,2.82,5.01,2.82
2016-03-29,FOODS_1_207,0.0,4.0,4.57,2.82,5.36,2.82
2016-03-30,FOODS_1_207,0.0,0.0,4.57,2.82,4.8,2.82
2016-03-31,FOODS_1_207,1.0,9.0,4.57,2.82,6.62,2.82
2016-04-01,FOODS_1_207,2.0,5.0,4.57,2.82,6.14,2.82
2016-04-02,FOODS_1_207,4.0,10.0,4.57,2.82,6.62,2.82
2016-04-03,FOODS_1_207,0.0,2.0,4.57,2.82,4.39,2.82
2016-04-04,FOODS_1_207,1.0,2.0,4.57,2.82,5.84,2.82
2016-04-05,FOODS_1_207,3.0,4.0,4.57,2.82,6.19,2.82
2016-04-06,FOODS_1_207,0.0,0.0,4.57,2.82,5.63,2.82
2016-04-07,FOODS_1_207,2.0,9.0,4.57,2.82,7.45,2.82
2016-04-08,FOODS_1_207,0.0,5.0,4.57,2.82,6.97,2.82
2016-04-09,FOODS_1_207,0.0,10.0,4.57,2.82,7.45,2.82
2016-04-10,FOODS_1_207,1.0,2.0,4.57,2.82,5.22,2.82
2016-04-11,FOODS_1_207,1.0,2.0,4.57,2.82,6.67,2.82
2016-04-12,FOODS_1_207,0.0,4.0,4.57,2.82,7.02,2.82
2016-04-13,FOODS_1_207,1.0,0.0,4.57,2.82,6.46,2.82
2016-04-14,FOODS_1_207,2.0,9.0,4.57,2.82,8.28,2.82
2016-04-15,FOODS_1_207,2.0,5.0,4.57,2.82,7.8,2.82
2016-04-16,FOODS_1_207,0.0,10.0,4.57,2.82,8.28,2.82
2016-04-17,FOODS_1_207,2.0,2.0,4.57,2.82,6.05,2.82
2016-04-18,FOODS_1_207,1.0,2.0,4.57,2.82,7.5,2.82
2016-04-19,FOODS_1_207,0.0,4.0,4.57,2.82,7.85,2.82
2016-04-20,FOODS_1_207,2.0,0.0,4.57,2.82,7.29,2.82
2016-04-21,FOODS_1_207,0.0,9.0,4.57,2.82,9.11,2.82
2016-04-22,FOODS_1_207,1.0,5.0,4.57,2.82,8.63,2.82
2016-04-23,FOODS_1_207,3.0,10.0,4.57,2.82,9.11,2.82
2016-04-24,FOODS_1_207,3.0,2.0,4.57,2.82,6.88,2.82
2016-03-28,FOODS_1_208,2.0,2.0,2.43,1.89,2.8,1.89
2016-03-29,FOODS_1_208,2.0,1.0,2.43,1.89,2.47,1.89
2016-03-30,FOODS_1_208,3.0,1.0,2.43,1.89,2.75,1.89
2016-03-31,FOODS_1_208,5.0,3.0,2.43,1.89,2.94,1.89
2016-04-01,FOODS_1_208,1.0,4.0,2.43,1.89,2.99,1.89
2016-04-02,FOODS_1_208,2.0,3.0,2.43,1.89,2.79,1.89
2016-04-03,FOODS_1_208,3.0,3.0,2.43,1.89,3.34,1.89
2016-04-04,FOODS_1_208,1.0,2.0,2.43,1.89,3.12,1.89
2016-04-05,FOODS_1_208,0.0,1.0,2.43,1.89,2.78,1.89
2016-04-06,FOODS_1_208,4.0,1.0,2.43,1.89,3.07,1.89
2016-04-07,FOODS_1_208,3.0,3.0,2.43,1.89,3.26,1.89
2016-04-08,FOODS_1_208,0.0,4.0,2.43,1.89,3.31,1.89
2016-04-09,FOODS_1_208,2.0,3.0,2.43,1.89,3.11,1.89
2016-04-10,FOODS_1_208,2.0,3.0,2.43,1.89,3.66,1.89
2016-04-11,FOODS_1_208,5.0,2.0,2.43,1.89,3.44,1.89
2016-04-12,FOODS_1_208,0.0,1.0,2.43,1.89,3.1,1.89
2016-04-13,FOODS_1_208,3.0,1.0,2.43,1.89,3.39,1.89
2016-04-14,FOODS_1_208,2.0,3.0,2.43,1.89,3.58,1.89
2016-04-15,FOODS_1_208,1.0,4.0,2.43,1.89,3.63,1.89
2016-04-16,FOODS_1_208,5.0,3.0,2.43,1.89,3.42,1.89
2016-04-17,FOODS_1_208,4.0,3.0,2.43,1.89,3.97,1.89
2016-04-18,FOODS_1_208,0.0,2.0,2.43,1.89,3.76,1.89
2016-04-19,FOODS_1_208,1.0,1.0,2.43,1.89,3.42,1.89
2016-04-20,FOODS_1_208,1.0,1.0,2.43,1.89,3.71,1.89
2016-04-21,FOODS_1_208,3.0,3.0,2.43,1.89,3.9,1.89
2016-04-22,FOODS_1_208,3.0,4.0,2.43,1.89,3.95,1.89
2016-04-23,FOODS_1_208,0.0,3.0,2.43,1.89,3.74,1.89
2016-04-24,FOODS_1_208,0.0,3.0,2.43,1.89,4.29,1.89
2016-03-28,FOODS_1_209,0.0,0.0,0.0,0.0,0.0,0.0
2016-03-29,FOODS_1_209,0.0,0.0,0.0,0.0,0.0,0.0
2016-03-30,FOODS_1_209,0.0,0.0,0.0,0.0,0.0,0.0
2016-03-31,FOODS_1_209,0.0,0.0,0.0,0.0,0.0,0.0
2016-04-01,FOODS_1_209,0.0,0.0,0.0,0.0,0.0,0.0
2016-04-02,FOODS_1_209,0.0,0.0,0.0,0.0,0.0,0.0
2016-04-03,FOODS_1_209,0.0,0.0,0.0,0.0,0.01,0.0
2016-04-04,FOODS_1_209,0.0,0.0,0.0,0.0,0.0,0.0
2016-04-05,FOODS_1_209,0.0,0.0,0.0,0.0,0.0,0.0
2016-04-06,FOODS_1_209,0.0,0.0,0.0,0.0,0.0,0.0
2016-04-07,FOODS_1_209,0.0,0.0,0.0,0.0,0.0,0.0
2016-04-08,FOODS_1_209,0.0,0.0,0.0,0.0,0.0,0.0
2016-04-09,FOODS_1_209,0.0,0.0,0.0,0.0,0.0,0.0
2016-04-10,FOODS_1_209,0.0,0.0,0.0,0.0,0.0,0.0
2016-04-11,FOODS_1_209,0.0,0.0,0.0,0.0,0.0,0.0
2016-04-12,FOODS_1_209,0.0,0.0,0.0,0.0,0.0,0.0
2016-04-13,FOODS_1_209,0.0,0.0,0.0,0.0,0.0,0.0
2016-04-14,FOODS_1_209,0.0,0.0,0.0,0.0,0.0,0.0
2016-04-15,FOODS_1_209,0.0,0.0,0.0,0.0,0.0,0.0
2016-04-16,FOODS_1_209,0.0,0.0,0.0,0.0,0.0,0.0
2016-04-17,FOODS_1_209,0.0,0.0,0.0,0.0,0.0,0.0
2016-04-18,FOODS_1_209,0.0,0.0,0.0,0.0,0.0,0.0
2016-04-19,FOODS_1_209,0.0,0.0,0.0,0.0,0.0,0.0
2016-04-20,FOODS_1_209,0.0,0.0,0.0,0.0,0.0,0.0
2016-04-21,FOODS_1_209,0.0,0.0,0.0,0.0,0.0,0.0
2016-04-22,FOODS_1_209,0.0,0.0,0.0,0.0,0.0,0.0
2016-04-23,FOODS_1_209,0.0,0.0,0.0,0.0,0.0,0.0
2016-04-24,FOODS_1_209,0.0,0.0,0.0,0.0,0.0,0.0
2016-03-28,FOODS_1_210,0.0,0.0,0.0,0.0,0.12,0.0
2016-03-29,FOODS_1_210,0.0,0.0,0.0,0.0,0.0,0.0
2016-03-30,FOODS_1_210,0.0,0.0,0.0,0.0,0.04,0.0
2016-03-31,FOODS_1_210,0.0,0.0,0.0,0.0,0.0,0.0
2016-04-01,FOODS_1_210,0.0,0.0,0.0,0.0,0.0,0.0
2016-04-02,FOODS_1_210,0.0,0.0,0.0,0.0,0.0,0.0
2016-04-03,FOODS_1_210,0.0,0.0,0.0,0.0,0.05,0.0
2016-04-04,FOODS_1_210,0.0,0.0,0.0,0.0,0.08,0.0
2016-04-05,FOODS_1_210,0.0,0.0,0.0,0.0,0.0,0.0
2016-04-06,FOODS_1_210,0.0,0.0,0.0,0.0,0.0,0.0
2016-04-07,FOODS_1_210,0.0,0.0,0.0,0.0,0.0,0.0
2016-04-08,FOODS_1_210,0.0,0.0,0.0,0.0,0.0,0.0
2016-04-09,FOODS_1_210,0.0,0.0,0.0,0.0,0.0,0.0
2016-04-10,FOODS_1_210,0.0,0.0,0.0,0.0,0.0,0.0
2016-04-11,FOODS_1_210,0.0,0.0,0.0,0.0,0.04,0.0
2016-04-12,FOODS_1_210,0.0,0.0,0.0,0.0,0.0,0.0
2016-04-13,FOODS_1_210,0.0,0.0,0.0,0.0,0.0,0.0
2016-04-14,FOODS_1_210,0.0,0.0,0.0,0.0,0.0,0.0
2016-04-15,FOODS_1_210,0.0,0.0,0.0,0.0,0.0,0.0
2016-04-16,FOODS_1_210,0.0,0.0,0.0,0.0,0.0,0.0
2016-04-17,FOODS_1_210,0.0,0.0,0.0,0.0,0.0,0.0
2016-04-18,FOODS_1_210,0.0,0.0,0.0,0.0,0.0,0.0
2016-04-19,FOODS_1_210,0.0,0.0,0.0,0.0,0.0,0.0
2016-04-20,FOODS_1_210,0.0,0.0,0.0,0.0,0.0,0.0
2016-04-21,FOODS_1_210,0.0,0.0,0.0,0.0,0.0,0.0
2016-04-22,FOODS_1_210,0.0,0.0,0.0,0.0,0.0,0.0
2016-04-23,FOODS_1_210,0.0,0.0,0.0,0.0,0.0,0.0
2016-04-24,FOODS_1_210,0.0,0.0,0.0,0.0,0.0,0.0
2016-03-28,FOODS_1_211,0.0,0.0,0.0,0.14,0.17,0.14
2016-03-29,FOODS_1_211,0.0,0.0,0.0,0.14,0.0,0.14
2016-03-30,FOODS_1_211,0.0,0.0,0.0,0.14,0.0,0.14
2016-03-31,FOODS_1_211,0.0,0.0,0.0,0.14,0.0,0.14
2016-04-01,FOODS_1_211,0.0,0.0,0.0,0.14,0.0,0.14
2016-04-02,FOODS_1_211,0.0,0.0,0.0,0.14,0.05,0.14
2016-04-03,FOODS_1_211,0.0,0.0,0.0,0.14,0.04,0.14
2016-04-04,FOODS_1_211,0.0,0.0,0.0,0.14,0.12,0.14
2016-04-05,FOODS_1_211,0.0,0.0,0.0,0.14,0.0,0.14
2016-04-06,FOODS_1_211,1.0,0.0,0.0,0.14,0.0,0.14
2016-04-07,FOODS_1_211,0.0,0.0,0.0,0.14,0.0,0.14
2016-04-08,FOODS_1_211,0.0,0.0,0.0,0.14,0.0,0.14
2016-04-09,FOODS_1_211,0.0,0.0,0.0,0.14,0.0,0.14
2016-04-10,FOODS_1_211,0.0,0.0,0.0,0.14,0.0,0.14
2016-04-11,FOODS_1_211,0.0,0.0,0.0,0.14,0.07,0.14
2016-04-12,FOODS_1_211,0.0,0.0,0.0,0.14,0.0,0.14
2016-04-13,FOODS_1_211,0.0,0.0,0.0,0.14,0.0,0.14
2016-04-14,FOODS_1_211,0.0,0.0,0.0,0.14,0.0,0.14
2016-04-15,FOODS_1_211,0.0,0.0,0.0,0.14,0.0,0.14
2016-04-16,FOODS_1_211,1.0,0.0,0.0,0.14,0.0,0.14
2016-04-17,FOODS_1_211,0.0,0.0,0.0,0.14,0.0,0.14
2016-04-18,FOODS_1_211,0.0,0.0,0.0,0.14,0.02,0.14
2016-04-19,FOODS_1_211,0.0,0.0,0.0,0.14,0.0,0.14
2016-04-20,FOODS_1_211,0.0,0.0,0.0,0.14,0.0,0.14
2016-04-21,FOODS_1_211,0.0,0.0,0.0,0.14,0.0,0.14
2016-04-22,FOODS_1_211,6.0,0.0,0.0,0.14,0.0,0.14
2016-04-23,FOODS_1_211,0.0,0.0,0.0,0.14,0.0,0.14
2016-04-24,FOODS_1_211,0.0,0.0,0.0,0.14,0.0,0.14
2016-03-28,FOODS_1_212,0.0,0.0,0.0,0.32,0.6,0.32
2016-03-29,FOODS_1_212,0.0,0.0,0.0,0.32,0.0,0.32
2016-03-30,FOODS_1_212,1.0,0.0,0.0,0.32,0.0,0.32
2016-03-31,FOODS_1_212,0.0,0.0,0.0,0.32,0.0,0.32
2016-04-01,FOODS_1_212,1.0,0.0,0.0,0.32,0.0,0.32
2016-04-02,FOODS_1_212,1.0,0.0,0.0,0.32,0.0,0.32
2016-04-03,FOODS_1_212,0.0,0.0,0.0,0.32,0.0,0.32
2016-04-04,FOODS_1_212,0.0,0.0,0.0,0.32,0.5,0.32
2016-04-05,FOODS_1_212,1.0,0.0,0.0,0.32,0.0,0.32
2016-04-06,FOODS_1_212,0.0,0.0,0.0,0.32,0.0,0.32
2016-04-07,FOODS_1_212,1.0,0.0,0.0,0.32,0.0,0.32
2016-04-08,FOODS_1_212,0.0,0.0,0.0,0.32,0.0,0.32
2016-04-09,FOODS_1_212,2.0,0.0,0.0,0.32,0.0,0.32
2016-04-10,FOODS_1_212,0.0,0.0,0.0,0.32,0.0,0.32
2016-04-11,FOODS_1_212,1.0,0.0,0.0,0.32,0.41,0.32
2016-04-12,FOODS_1_212,0.0,0.0,0.0,0.32,0.0,0.32
2016-04-13,FOODS_1_212,0.0,0.0,0.0,0.32,0.0,0.32
2016-04-14,FOODS_1_212,0.0,0.0,0.0,0.32,0.0,0.32
2016-04-15,FOODS_1_212,2.0,0.0,0.0,0.32,0.0,0.32
2016-04-16,FOODS_1_212,3.0,0.0,0.0,0.32,0.0,0.32
2016-04-17,FOODS_1_212,0.0,0.0,0.0,0.32,0.0,0.32
2016-04-18,FOODS_1_212,0.0,0.0,0.0,0.32,0.31,0.32
2016-04-19,FOODS_1_212,0.0,0.0,0.0,0.32,0.0,0.32
2016-04-20,FOODS_1_212,0.0,0.0,0.0,0.32,0.0,0.32
2016-04-21,FOODS_1_212,0.0,0.0,0.0,0.32,0.0,0.32
2016-04-22,FOODS_1_212,0.0,0.0,0.0,0.32,0.0,0.32
2016-04-23,FOODS_1_212,0.0,0.0,0.0,0.32,0.0,0.32
2016-04-24,FOODS_1_212,0.0,0.0,0.0,0.32,0.0,0.32
2016-03-28,FOODS_1_213,1.0,0.0,1.0,0.61,0.85,0.61
2016-03-29,FOODS_1_213,0.0,0.0,1.0,0.61,1.23,0.61
2016-03-30,FOODS_1_213,0.0,0.0,1.0,0.61,0.97,0.61
2016-03-31,FOODS_1_213,1.0,0.0,1.0,0.61,1.18,0.61
2016-04-01,FOODS_1_213,0.0,2.0,1.0,0.61,1.72,0.61
2016-04-02,FOODS_1_213,2.0,1.0,1.0,0.61,1.84,0.61
2016-04-03,FOODS_1_213,1.0,4.0,1.0,0.61,2.06,0.61
2016-04-04,FOODS_1_213,0.0,0.0,1.0,0.61,1.1,0.61
2016-04-05,FOODS_1_213,0.0,0.0,1.0,0.61,1.47,0.61
2016-04-06,FOODS_1_213,0.0,0.0,1.0,0.61,1.22,0.61
2016-04-07,FOODS_1_213,0.0,0.0,1.0,0.61,1.42,0.61
2016-04-08,FOODS_1_213,0.0,2.0,1.0,0.61,1.97,0.61
2016-04-09,FOODS_1_213,1.0,1.0,1.0,0.61,2.08,0.61
2016-04-10,FOODS_1_213,1.0,4.0,1.0,0.61,2.31,0.61
2016-04-11,FOODS_1_213,0.0,0.0,1.0,0.61,1.34,0.61
2016-04-12,FOODS_1_213,0.0,0.0,1.0,0.61,1.72,0.61
2016-04-13,FOODS_1_213,0.0,0.0,1.0,0.61,1.46,0.61
2016-04-14,FOODS_1_213,0.0,0.0,1.0,0.61,1.67,0.61
2016-04-15,FOODS_1_213,0.0,2.0,1.0,0.61,2.21,0.61
2016-04-16,FOODS_1_213,1.0,1.0,1.0,0.61,2.33,0.61
2016-04-17,FOODS_1_213,0.0,4.0,1.0,0.61,2.55,0.61
2016-04-18,FOODS_1_213,1.0,0.0,1.0,0.61,1.59,0.61
2016-04-19,FOODS_1_213,0.0,0.0,1.0,0.61,1.97,0.61
2016-04-20,FOODS_1_213,0.0,0.0,1.0,0.61,1.71,0.61
2016-04-21,FOODS_1_213,1.0,0.0,1.0,0.61,1.91,0.61
2016-04-22,FOODS_1_213,0.0,2.0,1.0,0.61,2.46,0.61
2016-04-23,FOODS_1_213,0.0,1.0,1.0,0.61,2.57,0.61
2016-04-24,FOODS_1_213,7.0,4.0,1.0,0.61,2.8,0.61
2016-03-28,FOODS_1_214,0.0,0.0,1.57,1.0,0.95,1.0
2016-03-29,FOODS_1_214,0.0,0.0,1.57,1.0,1.17,1.0
2016-03-30,FOODS_1_214,1.0,2.0,1.57,1.0,1.79,1.0
2016-03-31,FOODS_1_214,0.0,1.0,1.57,1.0,1.82,1.0
2016-04-01,FOODS_1_214,1.0,6.0,1.57,1.0,2.48,1.0
2016-04-02,FOODS_1_214,3.0,1.0,1.57,1.0,1.93,1.0
2016-04-03,FOODS_1_214,1.0,1.0,1.57,1.0,2.32,1.0
2016-04-04,FOODS_1_214,2.0,0.0,1.57,1.0,1.16,1.0
2016-04-05,FOODS_1_214,1.0,0.0,1.57,1.0,1.38,1.0
2016-04-06,FOODS_1_214,0.0,2.0,1.57,1.0,2.01,1.0
2016-04-07,FOODS_1_214,1.0,1.0,1.57,1.0,2.03,1.0
2016-04-08,FOODS_1_214,0.0,6.0,1.57,1.0,2.69,1.0
2016-04-09,FOODS_1_214,0.0,1.0,1.57,1.0,2.14,1.0
2016-04-10,FOODS_1_214,0.0,1.0,1.57,1.0,2.54,1.0
2016-04-11,FOODS_1_214,1.0,0.0,1.57,1.0,1.38,1.0
2016-04-12,FOODS_1_214,0.0,0.0,1.57,1.0,1.6,1.0
2016-04-13,FOODS_1_214,1.0,2.0,1.57,1.0,2.22,1.0
2016-04-14,FOODS_1_214,2.0,1.0,1.57,1.0,2.25,1.0
2016-04-15,FOODS_1_214,2.0,6.0,1.57,1.0,2.91,1.0
2016-04-16,FOODS_1_214,0.0,1.0,1.57,1.0,2.36,1.0
2016-04-17,FOODS_1_214,3.0,1.0,1.57,1.0,2.75,1.0
2016-04-18,FOODS_1_214,1.0,0.0,1.57,1.0,1.59,1.0
2016-04-19,FOODS_1_214,1.0,0.0,1.57,1.0,1.82,1.0
2016-04-20,FOODS_1_214,1.0,2.0,1.57,1.0,2.44,1.0
2016-04-21,FOODS_1_214,1.0,1.0,1.57,1.0,2.46,1.0
2016-04-22,FOODS_1_214,0.0,6.0,1.57,1.0,3.12,1.0
2016-04-23,FOODS_1_214,0.0,1.0,1.57,1.0,2.57,1.0
2016-04-24,FOODS_1_214,2.0,1.0,1.57,1.0,2.97,1.0
2016-03-28,FOODS_1_215,0.0,2.0,1.71,1.36,0.95,1.36
2016-03-29,FOODS_1_215,2.0,1.0,1.71,1.36,0.7,1.36
2016-03-30,FOODS_1_215,3.0,7.0,1.71,1.36,1.64,1.36
2016-03-31,FOODS_1_215,0.0,0.0,1.71,1.36,0.13,1.36
2016-04-01,FOODS_1_215,5.0,2.0,1.71,1.36,2.18,1.36
2016-04-02,FOODS_1_215,0.0,0.0,1.71,1.36,0.99,1.36
2016-04-03,FOODS_1_215,4.0,0.0,1.71,1.36,0.89,1.36
2016-04-04,FOODS_1_215,0.0,2.0,1.71,1.36,0.89,1.36
2016-04-05,FOODS_1_215,1.0,1.0,1.71,1.36,0.64,1.36
2016-04-06,FOODS_1_215,0.0,7.0,1.71,1.36,1.58,1.36
2016-04-07,FOODS_1_215,0.0,0.0,1.71,1.36,0.07,1.36
2016-04-08,FOODS_1_215,2.0,2.0,1.71,1.36,2.12,1.36
2016-04-09,FOODS_1_215,7.0,0.0,1.71,1.36,0.93,1.36
2016-04-10,FOODS_1_215,0.0,0.0,1.71,1.36,0.83,1.36
2016-04-11,FOODS_1_215,5.0,2.0,1.71,1.36,0.83,1.36
2016-04-12,FOODS_1_215,0.0,1.0,1.71,1.36,0.58,1.36
2016-04-13,FOODS_1_215,0.0,7.0,1.71,1.36,1.52,1.36
2016-04-14,FOODS_1_215,0.0,0.0,1.71,1.36,0.01,1.36
2016-04-15,FOODS_1_215,0.0,2.0,1.71,1.36,2.06,1.36
2016-04-16,FOODS_1_215,4.0,0.0,1.71,1.36,0.87,1.36
2016-04-17,FOODS_1_215,2.0,0.0,1.71,1.36,0.77,1.36
2016-04-18,FOODS_1_215,6.0,2.0,1.71,1.36,0.77,1.36
2016-04-19,FOODS_1_215,4.0,1.0,1.71,1.36,0.52,1.36
2016-04-20,FOODS_1_215,0.0,7.0,1.71,1.36,1.46,1.36
2016-04-21,FOODS_1_215,0.0,0.0,1.71,1.36,0.0,1.36
2016-04-22,FOODS_1_215,0.0,2.0,1.71,1.36,2.0,1.36
2016-04-23,FOODS_1_215,0.0,0.0,1.71,1.36,0.81,1.36
2016-04-24,FOODS_1_215,0.0,0.0,1.71,1.36,0.71,1.36
2016-03-28,FOODS_1_216,0.0,1.0,1.29,0.89,0.8,0.89
2016-03-29,FOODS_1_216,0.0,1.0,1.29,0.89,0.99,0.89
2016-03-30,FOODS_1_216,0.0,0.0,1.29,0.89,1.04,0.89
2016-03-31,FOODS_1_216,0.0,1.0,1.29,0.89,1.31,0.89
2016-04-01,FOODS_1_216,2.0,3.0,1.29,0.89,2.01,0.89
2016-04-02,FOODS_1_216,1.0,3.0,1.29,0.89,2.45,0.89
2016-04-03,FOODS_1_216,0.0,0.0,1.29,0.89,1.78,0.89
2016-04-04,FOODS_1_216,0.0,1.0,1.29,0.89,0.96,0.89
2016-04-05,FOODS_1_216,1.0,1.0,1.29,0.89,1.15,0.89
2016-04-06,FOODS_1_216,1.0,0.0,1.29,0.89,1.2,0.89
2016-04-07,FOODS_1_216,0.0,1.0,1.29,0.89,1.47,0.89
2016-04-08,FOODS_1_216,1.0,3.0,1.29,0.89,2.17,0.89
2016-04-09,FOODS_1_216,1.0,3.0,1.29,0.89,2.61,0.89
2016-04-10,FOODS_1_216,0.0,0.0,1.29,0.89,1.95,0.89
2016-04-11,FOODS_1_216,0.0,1.0,1.29,0.89,1.12,0.89
2016-04-12,FOODS_1_216,0.0,1.0,1.29,0.89,1.31,0.89
2016-04-13,FOODS_1_216,0.0,0.0,1.29,0.89,1.37,0.89
2016-04-14,FOODS_1_216,2.0,1.0,1.29,0.89,1.63,0.89
2016-04-15,FOODS_1_216,0.0,3.0,1.29,0.89,2.33,0.89
2016-04-16,FOODS_1_216,2.0,3.0,1.29,0.89,2.77,0.89
2016-04-17,FOODS_1_216,2.0,0.0,1.29,0.89,2.11,0.89
2016-04-18,FOODS_1_216,0.0,1.0,1.29,0.89,1.28,0.89
2016-04-19,FOODS_1_216,0.0,1.0,1.29,0.89,1.47,0.89
2016-04-20,FOODS_1_216,3.0,0.0,1.29,0.89,1.53,0.89
2016-04-21,FOODS_1_216,1.0,1.0,1.29,0.89,1.79,0.89
2016-04-22,FOODS_1_216,1.0,3.0,1.29,0.89,2.49,0.89
2016-04-23,FOODS_1_216,3.0,3.0,1.29,0.89,2.93,0.89
2016-04-24,FOODS_1_216,1.0,0.0,1.29,0.89,2.27,0.89
2016-03-28,FOODS_1_217,1.0,2.0,2.57,1.79,2.68,1.79
2016-03-29,FOODS_1_217,2.0,2.0,2.57,1.79,1.71,1.79
2016-03-30,FOODS_1_217,4.0,1.0,2.57,1.79,2.04,1.79
2016-03-31,FOODS_1_217,2.0,4.0,2.57,1.79,2.66,1.79
2016-04-01,FOODS_1_217,3.0,5.0,2.57,1.79,2.75,1.79
2016-04-02,FOODS_1_217,4.0,2.0,2.57,1.79,2.65,1.79
2016-04-03,FOODS_1_217,4.0,2.0,2.57,1.79,2.9,1.79
2016-04-04,FOODS_1_217,3.0,2.0,2.57,1.79,2.72,1.79
2016-04-05,FOODS_1_217,2.0,2.0,2.57,1.79,1.75,1.79
2016-04-06,FOODS_1_217,1.0,1.0,2.57,1.79,2.07,1.79
2016-04-07,FOODS_1_217,5.0,4.0,2.57,1.79,2.69,1.79
2016-04-08,FOODS_1_217,4.0,5.0,2.57,1.79,2.78,1.79
2016-04-09,FOODS_1_217,4.0,2.0,2.57,1.79,2.69,1.79
2016-04-10,FOODS_1_217,5.0,2.0,2.57,1.79,2.94,1.79
2016-04-11,FOODS_1_217,3.0,2.0,2.57,1.79,2.75,1.79
2016-04-12,FOODS_1_217,1.0,2.0,2.57,1.79,1.78,1.79
2016-04-13,FOODS_1_217,5.0,1.0,2.57,1.79,2.11,1.79
2016-04-14,FOODS_1_217,1.0,4.0,2.57,1.79,2.73,1.79
2016-04-15,FOODS_1_217,8.0,5.0,2.57,1.79,2.82,1.79
2016-04-16,FOODS_1_217,5.0,2.0,2.57,1.79,2.73,1.79
2016-04-17,FOODS_1_217,3.0,2.0,2.57,1.79,2.97,1.79
2016-04-18,FOODS_1_217,3.0,2.0,2.57,1.79,2.79,1.79
2016-04-19,FOODS_1_217,2.0,2.0,2.57,1.79,1.82,1.79
2016-04-20,FOODS_1_217,0.0,1.0,2.57,1.79,2.15,1.79
2016-04-21,FOODS_1_217,2.0,4.0,2.57,1.79,2.76,1.79
2016-04-22,FOODS_1_217,1.0,5.0,2.57,1.79,2.85,1.79
2016-04-23,FOODS_1_217,4.0,2.0,2.57,1.79,2.76,1.79
2016-04-24,FOODS_1_217,3.0,2.0,2.57,1.79,3.01,1.79
2016-03-28,FOODS_1_218,1.0,8.0,17.86,12.54,17.1,12.54
2016-03-29,FOODS_1_218,10.0,25.0,17.86,12.54,19.04,12.54
2016-03-30,FOODS_1_218,6.0,28.0,17.86,12.54,17.62,12.54
2016-03-31,FOODS_1_218,16.0,22.0,17.86,12.54,18.19,12.54
2016-04-01,FOODS_1_218,6.0,16.0,17.86,12.54,16.33,12.54
2016-04-02,FOODS_1_218,7.0,17.0,17.86,12.54,18.73,12.54
2016-04-03,FOODS_1_218,11.0,9.0,17.86,12.54,16.53,12.54
2016-04-04,FOODS_1_218,5.0,8.0,17.86,12.54,18.66,12.54
2016-04-05,FOODS_1_218,5.0,25.0,17.86,12.54,20.6,12.54
2016-04-06,FOODS_1_218,11.0,28.0,17.86,12.54,19.18,12.54
2016-04-07,FOODS_1_218,6.0,22.0,17.86,12.54,19.75,12.54
2016-04-08,FOODS_1_218,22.0,16.0,17.86,12.54,17.89,12.54
2016-04-09,FOODS_1_218,12.0,17.0,17.86,12.54,20.28,12.54
2016-04-10,FOODS_1_218,13.0,9.0,17.86,12.54,18.08,12.54
2016-04-11,FOODS_1_218,11.0,8.0,17.86,12.54,20.21,12.54
2016-04-12,FOODS_1_218,8.0,25.0,17.86,12.54,22.15,12.54
2016-04-13,FOODS_1_218,11.0,28.0,17.86,12.54,20.73,12.54
2016-04-14,FOODS_1_218,14.0,22.0,17.86,12.54,21.3,12.54
2016-04-15,FOODS_1_218,10.0,16.0,17.86,12.54,19.44,12.54
2016-04-16,FOODS_1_218,3.0,17.0,17.86,12.54,21.84,12.54
2016-04-17,FOODS_1_218,10.0,9.0,17.86,12.54,19.64,12.54
2016-04-18,FOODS_1_218,9.0,8.0,17.86,12.54,21.76,12.54
2016-04-19,FOODS_1_218,5.0,25.0,17.86,12.54,23.71,12.54
2016-04-20,FOODS_1_218,4.0,28.0,17.86,12.54,22.29,12.54
2016-04-21,FOODS_1_218,2.0,22.0,17.86,12.54,22.86,12.54
2016-04-22,FOODS_1_218,9.0,16.0,17.86,12.54,21.0,12.54
2016-04-23,FOODS_1_218,8.0,17.0,17.86,12.54,23.39,12.54
2016-04-24,FOODS_1_218,6.0,9.0,17.86,12.54,21.19,12.54
2016-03-28,FOODS_1_219,6.0,4.0,4.29,3.96,3.57,3.96
2016-03-29,FOODS_1_219,5.0,2.0,4.29,3.96,2.71,3.96
2016-03-30,FOODS_1_219,3.0,2.0,4.29,3.96,2.65,3.96
2016-03-31,FOODS_1_219,0.0,3.0,4.29,3.96,2.27,3.96
2016-04-01,FOODS_1_219,3.0,6.0,4.29,3.96,3.67,3.96
2016-04-02,FOODS_1_219,8.0,10.0,4.29,3.96,7.78,3.96
2016-04-03,FOODS_1_219,5.0,3.0,4.29,3.96,5.94,3.96
2016-04-04,FOODS_1_219,2.0,4.0,4.29,3.96,3.57,3.96
2016-04-05,FOODS_1_219,4.0,2.0,4.29,3.96,2.71,3.96
2016-04-06,FOODS_1_219,1.0,2.0,4.29,3.96,2.66,3.96
2016-04-07,FOODS_1_219,3.0,3.0,4.29,3.96,2.27,3.96
2016-04-08,FOODS_1_219,1.0,6.0,4.29,3.96,3.68,3.96
2016-04-09,FOODS_1_219,4.0,10.0,4.29,3.96,7.78,3.96
2016-04-10,FOODS_1_219,6.0,3.0,4.29,3.96,5.95,3.96
2016-04-11,FOODS_1_219,4.0,4.0,4.29,3.96,3.58,3.96
2016-04-12,FOODS_1_219,2.0,2.0,4.29,3.96,2.72,3.96
2016-04-13,FOODS_1_219,1.0,2.0,4.29,3.96,2.66,3.96
2016-04-14,FOODS_1_219,4.0,3.0,4.29,3.96,2.28,3.96
2016-04-15,FOODS_1_219,4.0,6.0,4.29,3.96,3.68,3.96
2016-04-16,FOODS_1_219,3.0,10.0,4.29,3.96,7.79,3.96
2016-04-17,FOODS_1_219,6.0,3.0,4.29,3.96,5.95,3.96
2016-04-18,FOODS_1_219,6.0,4.0,4.29,3.96,3.59,3.96
2016-04-19,FOODS_1_219,1.0,2.0,4.29,3.96,2.73,3.96
2016-04-20,FOODS_1_219,0.0,2.0,4.29,3.96,2.67,3.96
2016-04-21,FOODS_1_219,1.0,3.0,4.29,3.96,2.28,3.96
2016-04-22,FOODS_1_219,4.0,6.0,4.29,3.96,3.69,3.96
2016-04-23,FOODS_1_219,2.0,10.0,4.29,3.96,7.8,3.96
2016-04-24,FOODS_1_219,1.0,3.0,4.29,3.96,5.96,3.96
